{
    "0.68": {
        "f_e_Earth": [
            0.4425,
            0.4475,
            0.4492144275165322,
            0.4475,
            0.4437526139652126,
            0.4425,
            0.43784529273124295,
            0.4375,
            0.4326582040274543,
            0.4325,
            0.42823856946981453,
            0.4275,
            0.4244684291909166,
            0.4225,
            0.42071769140372883,
            0.417815643361173,
            0.4175,
            0.41271437556624907,
            0.41250000000000003,
            0.40750000000000003,
            0.40631387337311253,
            0.4070507287948364,
            0.4075000000000001,
            0.41049431661627056,
            0.41250000000000003,
            0.4137888303829553,
            0.4175,
            0.4180738539011864,
            0.4225,
            0.4230612051315701,
            0.4275,
            0.4286270649235834,
            0.4325,
            0.43442223194324325,
            0.4375,
            0.4409574208520355,
            0.4425
        ],
        "f_mu_Earth": [
            0.17602864601636134,
            0.17480491576433435,
            0.1775,
            0.17916835466593362,
            0.1825,
            0.18375583585848587,
            0.1875,
            0.18786484505056872,
            0.1925,
            0.1926976776607509,
            0.1975,
            0.19874760241404507,
            0.2025,
            0.20582666670538732,
            0.20750000000000002,
            0.21250000000000002,
            0.21281665526384028,
            0.21750000000000003,
            0.21764688448689404,
            0.21868646892361693,
            0.21750000000000003,
            0.21250000000000002,
            0.21182950716858873,
            0.20750000000000002,
            0.20439232145270372,
            0.2025,
            0.19830569836916442,
            0.1975,
            0.1932345342386755,
            0.1925,
            0.18875415664482656,
            0.1875,
            0.1842358086381816,
            0.1825,
            0.1797634861731512,
            0.1775,
            0.17602864601636134
        ]
    },
    "0.90": {
        "f_e_Earth": [
            0.4475,
            0.4525,
            0.4553145251638391,
            0.4525,
            0.45073937431258654,
            0.4475,
            0.44542175723113164,
            0.4425,
            0.43992569222270805,
            0.4375,
            0.43495440549355424,
            0.4325,
            0.43078454457937143,
            0.4279760839210727,
            0.42749999999999994,
            0.42488961133242303,
            0.4225,
            0.42165613228969406,
            0.4175,
            0.4166513179225214,
            0.41250000000000003,
            0.4086414997276434,
            0.4075,
            0.4025,
            0.4012888557586989,
            0.4016638641095475,
            0.4025,
            0.40444369507941624,
            0.40750000000000003,
            0.40780345440746657,
            0.41099457434872744,
            0.41250000000000003,
            0.4156463111289981,
            0.4175,
            0.42079318132637616,
            0.4225,
            0.4270837212988239,
            0.4275,
            0.4325,
            0.43323094861199546,
            0.4375,
            0.4393395225282969,
            0.4425,
            0.44735470885142614,
            0.4475
        ],
        "f_mu_Earth": [
            0.172354867072392,
            0.1698633201943398,
            0.17250000000000001,
            0.17516155181450066,
            0.1775,
            0.18065232064172693,
            0.1825,
            0.1854292723876208,
            0.1875,
            0.19006304787671724,
            0.1925,
            0.19556680647962787,
            0.1975,
            0.2025,
            0.20320159098315296,
            0.20750000000000002,
            0.2113246780378993,
            0.2125,
            0.21666945619213224,
            0.2175,
            0.22034437360867565,
            0.2225,
            0.223289289938232,
            0.22351893127600675,
            0.2225,
            0.2175,
            0.2162973502490378,
            0.21250000000000002,
            0.20793876723834995,
            0.20750000000000002,
            0.2025,
            0.20099744629362828,
            0.1975,
            0.1956598382469448,
            0.1925,
            0.1907948969248774,
            0.1875,
            0.1870837212988239,
            0.1831600592187787,
            0.1825,
            0.17870428897325263,
            0.1775,
            0.17448545055252002,
            0.17250000000000001,
            0.172354867072392
        ]
    },
    "0.95": {
        "f_e_Earth": [
            0.4475,
            0.4525,
            0.45680711613805947,
            0.4525,
            0.4518020723609538,
            0.4475,
            0.44658494226534207,
            0.4425,
            0.4413754716413243,
            0.4375,
            0.436554572019361,
            0.4326879108163311,
            0.4325,
            0.43057839167864664,
            0.4275,
            0.42721854209708016,
            0.42480360385971094,
            0.4225,
            0.4198827159435666,
            0.4175,
            0.41250000000000003,
            0.4120063050040511,
            0.40750000000000003,
            0.4025,
            0.3980489742113905,
            0.3991961658218367,
            0.4025,
            0.4026269171770179,
            0.4050118154887215,
            0.40750000000000003,
            0.4090736200829028,
            0.41250000000000003,
            0.41392151277201455,
            0.4175,
            0.41900871531789774,
            0.4225,
            0.4246037428756899,
            0.4275,
            0.4318824972603153,
            0.4325,
            0.4375,
            0.43821204883836734,
            0.4425,
            0.44472516605714285,
            0.4475
        ],
        "f_mu_Earth": [
            0.16972818783039598,
            0.16846504366428755,
            0.17250000000000001,
            0.17657301839749073,
            0.1775,
            0.18168646016082318,
            0.1825,
            0.18659544929174596,
            0.1875,
            0.19159492155211866,
            0.1925,
            0.1975,
            0.19771466867034926,
            0.2025,
            0.20703653599450522,
            0.20750000000000002,
            0.2125,
            0.21487189015784453,
            0.21750000000000003,
            0.21975450614288966,
            0.222224187666862,
            0.2225,
            0.2256158844037966,
            0.2262446319205171,
            0.2225,
            0.2175,
            0.21274795503104363,
            0.2125,
            0.20750000000000002,
            0.20497135821604964,
            0.2025,
            0.19908015668889384,
            0.1975,
            0.1939476264416605,
            0.1925,
            0.18901222456165082,
            0.1875,
            0.18460374287568992,
            0.1825,
            0.1818824972603153,
            0.17796616040373098,
            0.1775,
            0.17341003545481526,
            0.17250000000000001,
            0.16972818783039598
        ]
    },