{
    "0.68": {
        "f_e_Earth": [
            0.4425,
            0.4475,
            0.4492676083048939,
            0.4475,
            0.44362226415250744,
            0.4425,
            0.43751889306210434,
            0.4375,
            0.4325,
            0.4322632027162786,
            0.4277891388484925,
            0.4275,
            0.4235623730407262,
            0.4225,
            0.41906473087973795,
            0.4175,
            0.4153024596391046,
            0.41250000000000003,
            0.4098444179017039,
            0.4075000000000001,
            0.40309631727619355,
            0.4056854910806821,
            0.40750000000000003,
            0.40913690723704854,
            0.41232753290520086,
            0.41250000000000003,
            0.4171025890817151,
            0.4175,
            0.4224853072325645,
            0.4225,
            0.4275,
            0.42829444338380596,
            0.4325,
            0.43415048334533857,
            0.4375,
            0.4405122910192151,
            0.4425
        ],
        "f_mu_Earth": [
            0.17563216492762662,
            0.17423440860078376,
            0.1775,
            0.17922189409164752,
            0.1825,
            0.18362351793884696,
            0.1875,
            0.1875195975982117,
            0.1923015973029828,
            0.1925,
            0.1975,
            0.19789885302781487,
            0.2025,
            0.2040792959214349,
            0.20750000000000002,
            0.20981568526041758,
            0.2125,
            0.21530094591182591,
            0.21749999999999997,
            0.21880543034716815,
            0.2175,
            0.2125,
            0.20962812535582154,
            0.20750000000000002,
            0.2025,
            0.2023293569704994,
            0.1975,
            0.19710915263552414,
            0.1925,
            0.1924853779320233,
            0.1884259397526019,
            0.1875,
            0.1840611750544409,
            0.1825,
            0.17957813507983264,
            0.1775,
            0.17563216492762662
        ]
    },
    "0.90": {
        "f_e_Earth": [
            0.4475,
            0.4525,
            0.45574123243732434,
            0.4525,
            0.450852030829637,
            0.4475,
            0.4454480366098781,
            0.4425,
            0.4398675503963706,
            0.4375,
            0.43478284015875646,
            0.4325,
            0.4304242652591478,
            0.4275,
            0.42667320365144157,
            0.42350857610216597,
            0.4225,
            0.41969031232121456,
            0.4175,
            0.4147133129935837,
            0.4125,
            0.40761302205161803,
            0.40750000000000003,
            0.4025,
            0.3975,
            0.39686004641591344,
            0.3975,
            0.3994353650049737,
            0.4025,
            0.40261329759032616,
            0.4058400393734613,
            0.40750000000000003,
            0.4100177182762329,
            0.4125000000000001,
            0.4149245166043281,
            0.4175,
            0.4201683897951078,
            0.4225,
            0.42612820673260576,
            0.4275,
            0.4325,
            0.43292544426040175,
            0.4375,
            0.43896329218329855,
            0.4425,
            0.44619340092877635,
            0.4475
        ],
        "f_mu_Earth": [
            0.1712019778474682,
            0.169399538058498,
            0.17250000000000001,
            0.17552979643446615,
            0.1775,
            0.18076533998770666,
            0.1825,
            0.18545133013753967,
            0.1875,
            0.18995583808266125,
            0.1925,
            0.1951346126649315,
            0.1975,
            0.20153388219475094,
            0.2025,
            0.20750000000000002,
            0.2087489627729617,
            0.21249999999999997,
            0.2147142854740593,
            0.21750000000000003,
            0.21940005428219103,
            0.2225,
            0.22259734010608206,
            0.22471346918152524,
            0.22380207811263766,
            0.22250000000000003,
            0.22148886296992465,
            0.21749999999999997,
            0.2126862298854525,
            0.2125,
            0.20750000000000002,
            0.2057983725941865,
            0.2025,
            0.20004397165493654,
            0.1975,
            0.19496705273777076,
            0.1925,
            0.19017960916410998,
            0.1875,
            0.18612820673260577,
            0.18290242330725126,
            0.1825,
            0.178509503663079,
            0.1775,
            0.1741765824551624,
            0.1725,
            0.1712019778474682
        ]
    },
    "0.95": {
        "f_e_Earth": [
            0.4575,
            0.45774738017197725,
            0.4575,
            0.4566092836812349,
            0.4525,
            0.45153074453568903,
            0.4475,
            0.4462301365684422,
            0.4425,
            0.4408736367771763,
            0.4375,
            0.43589740722756887,
            0.4325,
            0.431553065427134,
            0.42841522617491623,
            0.4275,
            0.4251683225024924,
            0.4225,
            0.4212298461221575,
            0.4175,
            0.4162702404483869,
            0.41250000000000003,
            0.40972008660948644,
            0.4075,
            0.4025,
            0.3975,
            0.3950636135878769,
            0.3975,
            0.39805819901387673,
            0.4007524447876259,
            0.4025,
            0.40457553995080364,
            0.40750000000000003,
            0.40902827081342685,
            0.41250000000000003,
            0.41399150308041555,
            0.4175,
            0.4191758997263065,
            0.4225,
            0.42479083563152764,
            0.4275,
            0.4320025034007356,
            0.43250000000000005,
            0.4375,
            0.4382997528027501,
            0.4425,
            0.44481982090579375,
            0.4475,
            0.4525,
            0.4571834017994758,
            0.4575
        ],
        "f_mu_Earth": [
            0.1672582086785193,
            0.1675,
            0.16789097935622332,
            0.1725,
            0.17634122190752022,
            0.1775,
            0.18142650067423177,
            0.1825,
            0.18623430385317954,
            0.1875,
            0.1909994421606218,
            0.1925,
            0.1964209280927311,
            0.1975,
            0.2025,
            0.20356352961667074,
            0.20750000000000002,
            0.2108042974791014,
            0.21249999999999997,
            0.21627066960212785,
            0.2175,
            0.22073662379862885,
            0.22250000000000003,
            0.22441204692345457,
            0.22612572043665932,
            0.22745718048939587,
            0.2225,
            0.2186504699994983,
            0.2175,
            0.21250000000000002,
            0.2107117391301583,
            0.20750000000000002,
            0.204502132889564,
            0.2025,
            0.19906498889430335,
            0.1975,
            0.19404944866585605,
            0.1925,
            0.18919189481308923,
            0.1875,
            0.18479083563152765,
            0.1825,
            0.18200250340073557,
            0.17805173764552884,
            0.1775,
            0.1735530595255634,
            0.17250000000000001,
            0.16983741442677264,
            0.1685691872900601,
            0.1675,
            0.1672582086785193
        ]
    },