{
    "0.68": {
        "f_e_Earth": [
            0.4575,
            0.4625,
            0.46545393975320154,
            0.46442602286927936,
            0.4626220781583219,
            0.4625,
            0.45968554883469165,
            0.4575,
            0.455981061436887,
            0.4525,
            0.4519881871465432,
            0.4475,
            0.4468364331396566,
            0.4425,
            0.44066408639092225,
            0.4375,
            0.4335061584716207,
            0.4325,
            0.4275,
            0.4238674801755155,
            0.4225,
            0.4178806582360317,
            0.42029820155200803,
            0.4225,
            0.4235219982157874,
            0.4274455423155027,
            0.4275,
            0.4319645242843264,
            0.43250000000000005,
            0.43649385544540953,
            0.4375,
            0.4403526912113273,
            0.4425,
            0.4451013706411096,
            0.4475,
            0.450236747601358,
            0.4525,
            0.4560030986354301,
            0.4575
        ],
        "f_mu_Earth": [
            0.15612064285798233,
            0.1533568908542158,
            0.1575,
            0.1625,
            0.1675,
            0.16770223344577498,
            0.17250000000000001,
            0.17543094522005237,
            0.1775,
            0.1818376141671893,
            0.1825,
            0.1868397342165831,
            0.1875,
            0.1909846266484277,
            0.1925,
            0.1947598577906558,
            0.1975,
            0.19827030563000542,
            0.20033917588159705,
            0.2025,
            0.20324143687498855,
            0.2025,
            0.1975,
            0.19412472102898148,
            0.1925,
            0.1875,
            0.18744055623428743,
            0.1825,
            0.1819485456812702,
            0.1775,
            0.17642113399138884,
            0.17250000000000001,
            0.17033066006167458,
            0.16750000000000004,
            0.16505478328930046,
            0.1625,
            0.16029783808216594,
            0.1575,
            0.15612064285798233
        ]
    },
    "0.90": {
        "f_e_Earth": [
            0.4675,
            0.47075237474639897,
            0.4713266825316643,
            0.47016541626938324,
            0.46861406278613915,
            0.4675,
            0.46590222046249485,
            0.4630531743690021,
            0.4625000000000001,
            0.4594070708012181,
            0.4575,
            0.45516219550586823,
            0.4525,
            0.45007227866116695,
            0.4475,
            0.4439758770165364,
            0.4425,
            0.4375,
            0.4364818085683977,
            0.4325,
            0.4285747872976387,
            0.4275,
            0.4225,
            0.4190288385953544,
            0.4175,
            0.41250000000000003,
            0.40884893721392146,
            0.4111442745279637,
            0.4125,
            0.4148182947360456,
            0.4175,
            0.4186769864461547,
            0.4225,
            0.42290755743954733,
            0.4274855157901585,
            0.42750000000000005,
            0.4323064816795631,
            0.43250000000000005,
            0.4368982207547807,
            0.4375,
            0.4418292194835134,
            0.44250000000000006,
            0.446700793540316,
            0.4475,
            0.45189146956089066,
            0.4525,
            0.4574198100193366,
            0.4575,
            0.4625,
            0.46510477457182564,
            0.4675
        ],
        "f_mu_Earth": [
            0.14610551186383197,
            0.1475,
            0.1525,
            0.1575,
            0.1625,
            0.16427334929631085,
            0.1675,
            0.17250000000000001,
            0.17311359124666853,
            0.1775,
            0.17957158327561604,
            0.1825,
            0.18516031135417793,
            0.1875,
            0.18987688323197166,
            0.1925,
            0.19384694003168335,
            0.19680142713497745,
            0.1975,
            0.20054843585215737,
            0.20249999999999999,
            0.2034652160209325,
            0.20581451482415314,
            0.20750000000000002,
            0.20871109176228272,
            0.210228522717277,
            0.20750000000000002,
            0.2025,
            0.2007025995502042,
            0.1975,
            0.19415443557936463,
            0.1925,
            0.18799743133712354,
            0.1875,
            0.1825,
            0.18248503067825197,
            0.1775,
            0.17730257695154786,
            0.17250000000000001,
            0.17189947168729605,
            0.16750000000000004,
            0.16683514200605928,
            0.1625,
            0.16171271827148495,
            0.1575,
            0.1569060798572565,
            0.15250000000000002,
            0.15242339575017927,
            0.14873750989674434,
            0.1475,
            0.14610551186383197
        ]
    },
    "0.95": {
        "f_e_Earth": [
            0.4625,
            0.4675,
            0.47250000000000003,
            0.47390199565343955,
            0.47341469451635926,
            0.47250000000000003,
            0.4715298564184617,
            0.470088989596286,
            0.4675,
            0.46706479281429775,
            0.46472804979524185,
            0.4625,
            0.46071703822563237,
            0.4575,
            0.4562981773389384,
            0.4525,
            0.4512501685025936,
            0.4475,
            0.44543814826334194,
            0.4425,
            0.4375975525888997,
            0.4375,
            0.4325,
            0.4301987880087277,
            0.4275,
            0.4225,
            0.4209069879230292,
            0.4175,
            0.41250000000000003,
            0.4117172622973654,
            0.40750000000000003,
            0.40493141248177467,
            0.406251255825419,
            0.4075,
            0.40918740844936574,
            0.41250000000000003,
            0.41294027476640693,
            0.4167453710052233,
            0.4174999999999999,
            0.42091104818400427,
            0.4225,
            0.42551749183207954,
            0.4275,
            0.43034539336402916,
            0.4325,
            0.43506600922815897,
            0.4375,
            0.44003001315298335,
            0.4425,
            0.44497273904135004,
            0.4475,
            0.45011696923945477,
            0.4525,
            0.45548598222223136,
            0.45749999999999996,
            0.4620685600053796,
            0.4625
        ],