{
    "0.68": {
        "f_e_Earth": [
            0.4225,
            0.4273366846137414,
            0.4230419885158014,
            0.42249999999999993,
            0.4175,
            0.4156895481969004,
            0.4125000000000001,
            0.40750000000000003,
            0.40733106653447065,
            0.4025,
            0.3983134360850599,
            0.3975,
            0.3940835794753821,
            0.397204060619409,
            0.3975,
            0.4025,
            0.4028338985347497,
            0.40750000000000003,
            0.4089743695734659,
            0.41250000000000003,
            0.4175,
            0.4180652541000918,
            0.4225
        ],
        "f_mu_Earth": [
            0.21074475260912695,
            0.2125,
            0.2175,
            0.21799009212510767,
            0.220989668803463,
            0.2225,
            0.22489464480237775,
            0.22736784462893317,
            0.2275,
            0.2303764591367476,
            0.2325,
            0.23314616862766646,
            0.23249999999999998,
            0.22749999999999998,
            0.22720230523945242,
            0.22292195394749584,
            0.2225,
            0.21850872988780845,
            0.2175,
            0.21461349152143233,
            0.21271124306088357,
            0.2125,
            0.21074475260912695
        ]
    },
    "0.90": {
        "f_e_Earth": [
            0.4175,
            0.4225,
            0.4275,
            0.43018274232567366,
            0.4275,
            0.4255826906074176,
            0.4225,
            0.41776183943296824,
            0.4175,
            0.41250000000000003,
            0.41016269340757683,
            0.40750000000000003,
            0.4025,
            0.40107451586928206,
            0.3975,
            0.3925,
            0.39011129729935545,
            0.3925,
            0.3947860123682145,
            0.3975,
            0.4001756230285329,
            0.4025000000000001,
            0.4061910615236808,
            0.4075,
            0.41250000000000003,
            0.41329430282741064,
            0.4175
        ],
        "f_mu_Earth": [
            0.20960119532942617,
            0.2084263335321966,
            0.20946549950225374,
            0.2125,
            0.21531779811164697,
            0.2175,
            0.2202875173491542,
            0.2225,
            0.22275455919810475,
            0.22633029687713346,
            0.2275,
            0.22991701424334904,
            0.2317769550727041,
            0.23250000000000004,
            0.2353394855554703,
            0.2358442919894053,
            0.23250000000000004,
            0.23011326655137573,
            0.2275,
            0.224769914208241,
            0.2225,
            0.2201773754530762,
            0.21750000000000003,
            0.21620137969861264,
            0.21280807370104055,
            0.21249999999999997,
            0.20960119532942617
        ]
    },
    "0.95": {
        "f_e_Earth": [
            0.4225,
            0.42520091233901225,
            0.4275,
            0.43162720451180636,
            0.4275,
            0.42691570353818165,
            0.4225,
            0.4203432192035135,
            0.4175,
            0.41250000000000003,
            0.4116678089992672,
            0.40750000000000003,
            0.4025881494213633,
            0.4025000000000001,
            0.3975,
            0.3933715153724535,
            0.39250000000000007,
            0.3875,
            0.3873516584742145,
            0.38749999999999996,
            0.3886598245221427,
            0.39249999999999996,
            0.39351735139584393,
            0.3975,
            0.3986713402193536,
            0.4025,
            0.4041188029417412,
            0.4075000000000001,
            0.4102128366527895,
            0.4125000000000001,
            0.4175,
            0.42005022024077443,
            0.4225
        ],
        "f_mu_Earth": [
            0.20638776050754792,
            0.20750000000000002,
            0.20783164105045682,
            0.21250000000000002,
            0.21683497804409088,
            0.2175,
            0.2214928918561548,
            0.22249999999999998,
            0.2252641657800648,
            0.2270835307120024,
            0.2275,
            0.23128325709077963,
            0.2325,
            0.23258811691988668,
            0.2364902382689324,
            0.2375,
            0.23836063835511737,
            0.23764834152578548,
            0.2375,
            0.23733517052422495,
            0.2325,
            0.22866299037167104,
            0.22750000000000004,
            0.2234937281067777,
            0.2225,
            0.21867422677237397,
            0.2175,
            0.2141454564349019,
            0.21250000000000002,
            0.21028812836546162,
            0.20791785945744087,
            0.20750000000000002,
            0.20638776050754792
        ]
    },
    "0.997": {
        "f_e_Earth": [
            0.4175,
            0.4225,
            0.4275,
            0.4322271087824634,
            0.4325,
            0.4359748947888288,
            0.4325,
            0.4315339685745272,
            0.4275,
            0.4225,
            0.42241727640677107,
            0.4175,
            0.4162064894960817,
            0.41250000000000003,
            0.40750000000000003,
            0.4070195708362781,
            0.4025,
            0.3975,
            0.3971517834597376,
            0.39250000000000007,
            0.3875,
            0.38297618459522087,
            0.38726040121739347,
            0.3875,
            0.39241242404900717,
            0.3925,
            0.39639530347878077,
            0.39749999999999996,
            0.40148432768220643,
            0.4025,
            0.4073277792038551,
            0.4075000000000001,
            0.41250000000000003,
            0.4128909272026522,
            0.4175
        ],
        "f_mu_Earth": [
            0.20314288823635654,
            0.202640116517092,
            0.20309881882250344,
            0.20750000000000002,
            0.20824103912467584,
            0.2125,
            0.21597489478882884,
            0.2175,
            0.22153396857452723,
            0.22246137224303708,
            0.2225,
            0.22728055549073387,
            0.2275,
            0.23120648949608172,
            0.23238099011381091,
            0.2325,
            0.23701790443026705,
            0.23741483176802072,
            0.2375,
            0.24209372650407746,
            0.24202381540477907,
            0.2375,
            0.2325,
            0.2322604012173935,
            0.2275,
            0.2274124240490072,
            0.22249999999999998,
            0.22139530347878075,
            0.2175,
            0.21648432768220643,
            0.21250000000000002,
            0.21232777920385507,
            0.2076543712534258,
            0.20750000000000002,
            0.20314288823635654
        ]
    }
}