{
    "0.68": {
        "f_e_Earth": [
            0.21749999999999997,
            0.2225,
            0.2275,
            0.22893124561681422,
            0.22890497287622602,
            0.22749999999999998,
            0.22249999999999998,
            0.2175,
            0.21301091931386296,
            0.21643223028028893,
            0.21749999999999997
        ],
        "f_mu_Earth": [
            0.5465593542724533,
            0.5454045109742592,
            0.5465415427393017,
            0.5475000000000001,
            0.5525,
            0.5536925503247148,
            0.5564157714743505,
            0.5574064014190157,
            0.5525,
            0.5475000000000001,
            0.5465593542724533
        ]
    },
    "0.90": {
        "f_e_Earth": [
            0.2175,
            0.2225,
            0.2275,
            0.2325,
            0.2334417886041906,
            0.2327281348669994,
            0.23249999999999998,
            0.2275,
            0.22627356043807137,
            0.2225,
            0.2175,
            0.21291716025208252,
            0.2125,
            0.20987281970433574,
            0.21250000000000002,
            0.21374009084682316,
            0.2175
        ],
        "f_mu_Earth": [
            0.5441877291839137,
            0.5433508108652049,
            0.5436745616108494,
            0.5465272015786766,
            0.5475000000000001,
            0.5525,
            0.5527340096812091,
            0.556854020564627,
            0.5575000000000001,
            0.5597966919418924,
            0.5603504561350351,
            0.5575000000000001,
            0.557014680704258,
            0.5525,
            0.5492964551625255,
            0.5475000000000001,
            0.5441877291839137
        ]
    },
    "0.95": {
        "f_e_Earth": [
            0.2175,
            0.2225,
            0.2275,
            0.23250000000000004,
            0.2347516488876325,
            0.2342458828160618,
            0.23249999999999998,
            0.22776896189818915,
            0.2275,
            0.2225,
            0.2175,
            0.2125,
            0.21140490596034595,
            0.20913256541901654,
            0.2125,
            0.21311698908582138,
            0.2175
        ],
        "f_mu_Earth": [
            0.5436388111929896,
            0.5428754773298708,
            0.543010992344083,
            0.5451742121602268,
            0.5475000000000001,
            0.5525,
            0.554290841911141,
            0.5575000000000001,
            0.5577522779185117,
            0.5606422227230535,
            0.5610305567166667,
            0.5585950940396541,
            0.5575000000000001,
            0.5525,
            0.5483938000238331,
            0.5475000000000001,
            0.5436388111929896
        ]
    },
    "0.997": {
        "f_e_Earth": [
            0.2225,
            0.2275,
            0.23250000000000004,
            0.23464050103811773,
            0.23746896609617313,
            0.237394464899471,
            0.23295708632668707,
            0.2325,
            0.2275,
            0.2225,
            0.2175,
            0.2125,
            0.20773177610811294,
            0.20759690109388088,
            0.20803859489355925,
            0.2125,
            0.2175,
            0.2175005372235796,
            0.2225
        ],
        "f_mu_Earth": [
            0.5379623934221626,
            0.5379559963389801,
            0.5403594989618823,
            0.5425,
            0.5475000000000001,
            0.5525,
            0.5575000000000001,
            0.5579570863266872,
            0.5622181984514804,
            0.562396284107343,
            0.5624414316300965,
            0.5622682238918871,
            0.5575000000000001,
            0.5525,
            0.5475000000000001,
            0.5430385948935592,
            0.5425000757708455,
            0.5425,
            0.5379623934221626
        ]
    }
}