{
    "0.68": {
        "f_e_Earth": [
            0.1875,
            0.1925,
            0.19491119597753545,
            0.19510066356979605,
            0.19436421675764956,
            0.1928638634330935,
            0.1925,
            0.19057568863315683,
            0.18800091213389758,
            0.1875,
            0.18493646289872506,
            0.1825,
            0.18167056513024982,
            0.17787847088512918,
            0.1775,
            0.17399522293076997,
            0.1725,
            0.16969203923500753,
            0.1675,
            0.16474019485358954,
            0.1625,
            0.15980163393992652,
            0.1575,
            0.15381738569611755,
            0.1550561769376531,
            0.1562646760470443,
            0.1575,
            0.15806885290842146,
            0.16019936849136884,
            0.1623602497215412,
            0.1625,
            0.1651653872605498,
            0.1675,
            0.16761437291842987,
            0.17051114370675352,
            0.17250000000000001,
            0.17368127314190732,
            0.17691564006256372,
            0.1775,
            0.18105074081651776,
            0.1825,
            0.18606528284299745,
            0.1875
        ],
        "f_mu_Earth": [
            0.5211614179498738,
            0.5192205621727566,
            0.5225,
            0.5275000000000001,
            0.5325,
            0.5375000000000001,
            0.5383340543490179,
            0.5425,
            0.5475000000000001,
            0.5482853996358975,
            0.5525,
            0.5563406644355061,
            0.5575000000000001,
            0.5625000000000001,
            0.562959526081268,
            0.5675000000000001,
            0.5694087481174731,
            0.5725,
            0.5748749421261778,
            0.5775,
            0.5801153974352842,
            0.5825,
            0.5846026484814123,
            0.5825,
            0.5775,
            0.5725,
            0.568789109546527,
            0.5675000000000001,
            0.5625,
            0.5575000000000001,
            0.5572651439570729,
            0.5525,
            0.5476964934736732,
            0.5475000000000001,
            0.5425,
            0.5390995837534936,
            0.5375000000000001,
            0.5325,
            0.5317627064281084,
            0.5275000000000001,
            0.5257881478727184,
            0.5225,
            0.5211614179498738
        ]
    },
    "0.90": {
        "f_e_Earth": [
            0.1925,
            0.19750000000000004,
            0.19853626553890047,
            0.19926478608366788,
            0.19893883543766677,
            0.19763461749200462,
            0.1975,
            0.19658797213543253,
            0.19522113360132592,
            0.1925,
            0.19248704113129028,
            0.1901691799902634,
            0.1875,
            0.186722425089778,
            0.18314269797432425,
            0.1825,
            0.1792774001963593,
            0.1775,
            0.17534363479481546,
            0.17250000000000001,
            0.17074987954332357,
            0.1675,
            0.16619195120452296,
            0.16250000000000003,
            0.16145285458958414,
            0.1575,
            0.15622144165255447,
            0.1525,
            0.14892438087480908,
            0.1475,
            0.14675730214356336,
            0.14625543022047569,
            0.14740555265783856,
            0.1475,
            0.14920228150883136,
            0.15057978935287503,
            0.1525,
            0.15297646424420414,
            0.15471447912060737,
            0.15709103896241525,
            0.1575,
            0.15944505661277722,
            0.16234855938642528,
            0.1625,
            0.16462454146024522,
            0.1675,
            0.1679429973966519,
            0.17031500173794678,
            0.17250000000000001,
            0.1740714050010719,
            0.1775,
            0.17806151277293117,
            0.18212867023570423,
            0.1825,
            0.1875,
            0.18766547119311106,
            0.1925
        ],
        "f_mu_Earth": [
            0.5149194711811098,
            0.5163245910883244,
            0.5175000000000001,
            0.5225,
            0.5275000000000001,
            0.5325,
            0.5329345888397952,
            0.5375000000000001,
            0.5425,
            0.5474719478147684,
            0.5475000000000001,
            0.5525,
            0.5561219777788865,
            0.5575000000000001,
            0.5625,
            0.5631991014654669,
            0.5675000000000001,
            0.5695331669667537,
            0.5725,
            0.5755905879755259,
            0.5775,
            0.580999772203383,
            0.5825,
            0.5865258930796056,
            0.5874999999999999,
            0.5914599997374665,
            0.5925,
            0.595827851334256,
            0.5974999999999999,
            0.5983774981654582,
            0.5974999999999999,
            0.5925,
            0.5874999999999999,
            0.587326882072607,
            0.5825,
            0.5774999999999999,
            0.5736285103373954,
            0.5725,
            0.5675000000000001,
            0.5625,
            0.5619773535803485,
            0.5575000000000001,
            0.5525,
            0.5523153604076956,
            0.5475000000000001,
            0.5432581304588654,
            0.5425,
            0.5375000000000001,
            0.5348249166632508,
            0.5325,
            0.5281741027380833,
            0.5275000000000001,
            0.5225,
            0.5221194268338462,
            0.5175895072884212,
            0.5175000000000001,
            0.5149194711811098
        ]
    },
    "0.95": {
        "f_e_Earth": [
            0.1875,
            0.1925,
            0.1975,
            0.2001808585860615,
            0.20062595223169966,
            0.20039941359027214,
            0.19964699867093003,
            0.19844699194363496,
            0.1975,
            0.19707333348337908,
            0.19574955906039188,
            0.1925,
            0.192489879739241,
            0.18986122061155927,
            0.1875,
            0.18617538790532762,
            0.1825,
            0.18174917254830528,
            0.1775,
            0.1773986995021291,
            0.17302375965868483,
            0.17250000000000001,
            0.16856336617623457,
            0.16750000000000004,
            0.16406097238638923,
            0.1625,
            0.15907061092955277,
            0.1575,
            0.15357223971253117,
            0.1525,
            0.1475,
            0.14399040187662626,
            0.1444818545720145,
            0.14542822174927092,
            0.1475,
            0.147924088755016,
            0.14923362228085466,
            0.15110831123841792,
            0.1525,
            0.15359804434517293,
            0.15526115474159163,
            0.1575,
            0.15842913426944372,
            0.16041842906111212,
            0.1625,
            0.16358628290280425,
            0.16624978247199468,
            0.1675,
            0.1691171813303694,
            0.17250000000000001,
            0.17308021099063903,
            0.17633205870668522,
            0.1775,
            0.18024606573247165,
            0.1825,
            0.18550172651778848,
            0.1875
        ],