{
    "0.68": {
        "f_e_Earth": [
            0.1925,
            0.19252138038576297,
            0.1975,
            0.20177698086489837,
            0.2025,
            0.20371706262510386,
            0.2030784365733201,
            0.2025,
            0.20156446691895957,
            0.199044787895796,
            0.1975,
            0.1958113805701083,
            0.1925,
            0.19248902031219045,
            0.18806319781116607,
            0.1875,
            0.1839465314830702,
            0.1825,
            0.179052342076079,
            0.1775,
            0.1748702054766842,
            0.17250000000000001,
            0.16972744744878437,
            0.1675,
            0.164446331652,
            0.1625,
            0.1575615613468448,
            0.1575,
            0.1525,
            0.15173000879061493,
            0.1517309707676883,
            0.1525,
            0.15271659406729401,
            0.15440534347317883,
            0.1562400978479228,
            0.1575,
            0.15823320464943902,
            0.16070836462779162,
            0.1625,
            0.16300953905044951,
            0.16570948843364233,
            0.1675,
            0.16847395277902852,
            0.1712477203047888,
            0.17250000000000001,
            0.17493923931852504,
            0.1775,
            0.17905313705956685,
            0.1825,
            0.1839953774930053,
            0.1875,
            0.192493274693316,
            0.1925
        ],
        "f_mu_Earth": [
            0.5174974292875909,
            0.5175000000000001,
            0.518766150806059,
            0.5225,
            0.5243509864253149,
            0.5275000000000001,
            0.5325,
            0.5345621221118286,
            0.5375000000000001,
            0.5425,
            0.5450407354611644,
            0.5475000000000001,
            0.5524814182579793,
            0.5525,
            0.5575000000000001,
            0.5581047902180288,
            0.5625,
            0.5636599257270147,
            0.5675000000000001,
            0.5688258169797775,
            0.5725,
            0.5751598874887642,
            0.5775,
            0.5796618923735161,
            0.5825,
            0.5841125690759346,
            0.5874999999999999,
            0.5875415165120403,
            0.5888070397631646,
            0.5874999999999999,
            0.5825,
            0.5783124678027757,
            0.5775,
            0.5725,
            0.5675000000000001,
            0.5641801039873043,
            0.5625,
            0.5575000000000001,
            0.5534514424072287,
            0.5525,
            0.5475000000000001,
            0.5441300760908669,
            0.5425,
            0.5375000000000001,
            0.5356035685700108,
            0.5325,
            0.529266240799074,
            0.5275000000000001,
            0.5237086904401097,
            0.5225,
            0.5197768226375653,
            0.5175,
            0.5174974292875909
        ]
    },
    "0.90": {
        "f_e_Earth": [
            0.18750000000000003,
            0.1925,
            0.1975,
            0.2025,
            0.20302094213310953,
            0.20750000000000002,
            0.20816283054307552,
            0.2111334983788854,
            0.2112691724680065,
            0.20992514429735043,
            0.20790530212698008,
            0.20750000000000002,
            0.2058063859888054,
            0.20304409571212403,
            0.2025,
            0.20059469841169678,
            0.1975,
            0.197477653934606,
            0.19406711728228887,
            0.1925,
            0.18947523809384478,
            0.1875,
            0.1825,
            0.18220399117472388,
            0.1775,
            0.17512938630830227,
            0.17250000000000001,
            0.16834229854505006,
            0.16750000000000004,
            0.1625,
            0.16064241316116035,
            0.1575,
            0.15258046754346852,
            0.1525,
            0.1475,
            0.1457963391892145,
            0.14513302123288033,
            0.1458734475440105,
            0.1474934563056724,
            0.1475,
            0.14921246524048137,
            0.15068397283242851,
            0.1525,
            0.1532865342973975,
            0.15508637209122844,
            0.1575,
            0.15804720106345482,
            0.16002538667921762,
            0.1625,
            0.16319943773382303,
            0.1654024479869433,
            0.1675,
            0.16875893686064275,
            0.17172281133133988,
            0.17250000000000004,
            0.1755718624967913,
            0.1775,
            0.1801322277387257,
            0.1825,
            0.1859030897379419,
            0.18750000000000003
        ],
        "f_mu_Earth": [
            0.5161273367109118,
            0.5145816955615998,
            0.5148883010877475,
            0.5170486639767665,
            0.5175000000000001,
            0.5220374964418671,
            0.5225,
            0.5275000000000001,
            0.5325,
            0.5375000000000001,
            0.5425,
            0.5433351234388953,
            0.5475000000000001,
            0.5525,
            0.5536348888455747,
            0.5575000000000001,
            0.5624642462953696,
            0.5625,
            0.5675000000000001,
            0.569523018448659,
            0.5725,
            0.5746664836403395,
            0.577319392786573,
            0.5775,
            0.5804223271453638,
            0.5825,
            0.5842772385915449,
            0.5874999999999999,
            0.5879996151459774,
            0.5913040194325279,
            0.5925,
            0.5945628432446308,
            0.5974999999999999,
            0.5975465197909756,
            0.5990964795109551,
            0.5974999999999999,
            0.5925,
            0.5874999999999999,
            0.5825,
            0.5824876133393749,
            0.5775,
            0.5725,
            0.5692268187565438,
            0.5675000000000001,
            0.5625,
            0.5585387712837041,
            0.5575000000000001,
            0.5525,
            0.5487435115113338,
            0.5475000000000001,
            0.5425,
            0.5396788719199984,
            0.5375000000000001,
            0.5325,
            0.5316324259249199,
            0.5275000000000001,
            0.5254188721536595,
            0.5225,
            0.5201250407280433,
            0.5175000000000001,
            0.5161273367109118
        ]
    },