{
    "0.68": {
        "f_e_Earth": [
            0.3575,
            0.3625,
            0.3634791193967226,
            0.3625,
            0.35975557395074753,
            0.3575,
            0.35392921461665894,
            0.35644665384440516,
            0.3575
        ],
        "f_mu_Earth": [
            0.29644665384440516,
            0.29586629938038056,
            0.2975,
            0.2984797078278025,
            0.3025,
            0.30475881736954,
            0.3025,
            0.2975,
            0.29644665384440516
        ]
    },
    "0.90": {
        "f_e_Earth": [
            0.3575,
            0.3625,
            0.3654210069289126,
            0.3625,
            0.3610819873908544,
            0.35750000000000004,
            0.354856694732713,
            0.35250000000000004,
            0.3498721821548694,
            0.35135116912178344,
            0.35250000000000004,
            0.35454061418531324,
            0.3575
        ],
        "f_mu_Earth": [
            0.2945406141853132,
            0.292626180886978,
            0.2975,
            0.3004227623953729,
            0.3025,
            0.3060871381353974,
            0.3075,
            0.30987786858548727,
            0.3075,
            0.3025,
            0.3013511691217834,
            0.2975,
            0.2945406141853132
        ]
    },
    "0.95": {
        "f_e_Earth": [
            0.3625,
            0.3662658438137331,
            0.36677776947928614,
            0.3625,
            0.3620087290543222,
            0.3575,
            0.3565930170794015,
            0.35250000000000004,
            0.34759621122142514,
            0.34750000000000003,
            0.3474101078628805,
            0.34750000000000003,
            0.34793610669113095,
            0.34883787453112003,
            0.35250000000000004,
            0.35320889791126814,
            0.3575,
            0.3593025394067624,
            0.3625
        ],
        "f_mu_Earth": [
            0.28930253940676237,
            0.2925,
            0.2975,
            0.3017803403327721,
            0.3025,
            0.3070152124137086,
            0.3075,
            0.31162979101530386,
            0.3125,
            0.3126220610364852,
            0.3125,
            0.3122926482296872,
            0.3075,
            0.3025,
            0.29883787453111993,
            0.2975,
            0.29320889791126814,
            0.2925,
            0.28930253940676237
        ]
    },
    "0.997": {
        "f_e_Earth": [
            0.36250000000000004,
            0.3675,
            0.369393736455477,
            0.3675,
            0.3673121512482059,
            0.3625,
            0.36237374049226256,
            0.3575,
            0.35727689430374177,
            0.35250000000000004,
            0.35148461047509344,
            0.34765421255613477,
            0.34750000000000003,
            0.34733994510390814,
            0.34377709589495736,
            0.3447544604259303,
            0.34750000000000003,
            0.3478479748550084,
            0.35250000000000004,
            0.35268438100296506,
            0.3575,
            0.35796883199741447,
            0.36250000000000004
        ],
        "f_mu_Earth": [
            0.2879688319974145,
            0.29060626354452296,
            0.2925,
            0.294393736455477,
            0.2975,
            0.3023150432543954,
            0.3025,
            0.3073807487224726,
            0.3075,
            0.31231981257198504,
            0.3125,
            0.3175,
            0.3176560774521624,
            0.3175,
            0.3125,
            0.3075,
            0.3047544604259302,
            0.3025,
            0.29784797485500836,
            0.2975,
            0.292684381002965,
            0.2925,
            0.2879688319974145
        ]
    }
}