{
    "0.68": {
        "f_e_Earth": [
            0.4175,
            0.42249999999999993,
            0.4234123644651193,
            0.4251013838072504,
            0.42369955505577145,
            0.4225,
            0.4198344412786358,
            0.4175,
            0.4139741126357868,
            0.41250000000000003,
            0.40750000000000003,
            0.4055811364912549,
            0.4025000000000001,
            0.39749999999999996,
            0.39582073267513956,
            0.3972912646930244,
            0.3975,
            0.40071842601691177,
            0.4025,
            0.40467302825367557,
            0.40750000000000003,
            0.4096474776503394,
            0.4125,
            0.41684423302114604,
            0.4175
        ],
        "f_mu_Earth": [
            0.20711288238649486,
            0.2068874543864513,
            0.20750000000000002,
            0.2125,
            0.2175,
            0.2191670793343899,
            0.22249999999999998,
            0.22436851235247118,
            0.22750000000000004,
            0.2285178991449321,
            0.23149665337557618,
            0.23249999999999998,
            0.23372296284463137,
            0.23407052759300384,
            0.23250000000000004,
            0.22750000000000004,
            0.22720593884690712,
            0.2225,
            0.22025180805777012,
            0.2175,
            0.21443280337872261,
            0.2125,
            0.21024712498051817,
            0.20750000000000002,
            0.20711288238649486
        ]
    },
    "0.90": {
        "f_e_Earth": [
            0.41250000000000003,
            0.4175,
            0.4225,
            0.4275,
            0.42885583958281387,
            0.4292381230650799,
            0.4275,
            0.42731925476978616,
            0.42383566847669263,
            0.4225,
            0.4176389577913901,
            0.4175,
            0.4125000000000001,
            0.4102623103861889,
            0.40750000000000003,
            0.4025,
            0.40009459623658183,
            0.3975,
            0.39250000000000007,
            0.39073998294946716,
            0.3908695126001607,
            0.3925,
            0.3938929947992178,
            0.3974185550994258,
            0.3975,
            0.40122555802031246,
            0.4025,
            0.40587294628572484,
            0.4075,
            0.41197006848768625,
            0.41250000000000003
        ],
        "f_mu_Earth": [
            0.20700249482939223,
            0.2042130635183232,
            0.20277679432891907,
            0.20563202801948327,
            0.20750000000000002,
            0.21250000000000002,
            0.2170368565550045,
            0.2175,
            0.2225,
            0.223796572352491,
            0.22750000000000004,
            0.22762743234077404,
            0.23102156712740018,
            0.2325,
            0.23461607611981955,
            0.23653289843528863,
            0.2375,
            0.23887516202196715,
            0.2391670586941888,
            0.2375,
            0.2325,
            0.2299384619104319,
            0.2275,
            0.2225,
            0.22241434988070416,
            0.2175,
            0.2161904346525111,
            0.21249999999999997,
            0.21091184942671684,
            0.20750000000000002,
            0.20700249482939223
        ]
    },
    "0.95": {
        "f_e_Earth": [
            0.4225,
            0.4261983753961383,
            0.4275,
            0.4306088745914445,
            0.4307652009005894,
            0.42942998295417856,
            0.4275,
            0.42553664841446665,
            0.4225,
            0.41980627659752595,
            0.4175,
            0.4125,
            0.41189081671363054,
            0.4075000000000001,
            0.4031590033513444,
            0.4025,
            0.3975,
            0.3925,
            0.388538640468714,
            0.3892422581903116,
            0.39234682844231,
            0.3925,
            0.39536155793543465,
            0.3975,
            0.3995856366481496,
            0.4025,
            0.404332799770797,
            0.4075000000000001,
            0.4100004770696417,
            0.4125,
            0.4175,
            0.4190379818050186,
            0.4225
        ],
        "f_mu_Earth": [
            0.20067164644123994,
            0.2025,
            0.20321683058868475,
            0.20750000000000002,
            0.2125,
            0.2175,
            0.21966826165987402,
            0.2225,
            0.22544776319658474,
            0.22749999999999998,
            0.22961498918020384,
            0.232097514958979,
            0.2325,
            0.2358635982548063,
            0.2375,
            0.2380984135353744,
            0.2404670438696196,
            0.24125213344975177,
            0.2375,
            0.2325,
            0.2275,
            0.22733943238259058,
            0.22249999999999998,
            0.22025114443450983,
            0.21749999999999997,
            0.21450531737309003,
            0.21249999999999997,
            0.2094085280863317,
            0.20750000000000002,
            0.20515342208755166,
            0.20296687039486241,
            0.2025,
            0.20067164644123994
        ]
    },
    "0.997": {
        "f_e_Earth": [
            0.4175,
            0.4225,
            0.4275,
            0.43179073282115826,
            0.4325,
            0.4350559558352231,
            0.4346302137134327,
            0.4325,
            0.4322165201646026,
            0.4294617697357429,
            0.4275,
            0.42324771017781465,
            0.42250000000000004,
            0.4175,
            0.41668566494108467,
            0.41250000000000003,
            0.40750000000000003,
            0.407381959832538,
            0.4025,
            0.3975,
            0.3974924555727914,
            0.3925,
            0.3875,
            0.3839857398173901,
            0.38344998476598496,
            0.38489380974289167,
            0.3875,
            0.38811220720637174,
            0.3925,
            0.39273671983014113,
            0.39738951342819223,
            0.3975,
            0.40093387204314074,
            0.4025,
            0.4073331501610084,
            0.40750000000000003,
            0.41250000000000003,
            0.4132494977754694,
            0.4175
        ],
        "f_mu_Earth": [
            0.198365288982494,
            0.1979050878178486,
            0.19830761971774533,
            0.2025,
            0.2047535281958502,
            0.20750000000000002,
            0.2125,
            0.21509461628622362,
            0.21749999999999997,
            0.22249999999999998,
            0.2244617697357429,
            0.22750000000000004,
            0.22824771017781464,
            0.23215121772728148,
            0.23249999999999998,
            0.2366351572267585,
            0.23745550304419202,
            0.2375,
            0.24193310468298068,
            0.24249837002115207,
            0.2425,
            0.24641111342301655,
            0.2460142601826099,
            0.2425,
            0.2375,
            0.2325,
            0.22986598832352845,
            0.2275,
            0.22290033773120593,
            0.2225,
            0.2175,
            0.21738951342819215,
            0.2125,
            0.21093387204314068,
            0.20750000000000002,
            0.2073331501610084,
            0.20279390663599625,
            0.2025,
            0.198365288982494
        ]
    }
}