{
    "0.68": {
        "f_e_Earth": [
            0.3575,
            0.3625,
            0.3648132587128854,
            0.3625,
            0.3604647993149508,
            0.3575,
            0.3528162223534195,
            0.3553915889558076,
            0.3575
        ],
        "f_mu_Earth": [
            0.2953915889558075,
            0.2927519827117645,
            0.2975,
            0.29981325871288533,
            0.3025,
            0.30546479931495074,
            0.3025,
            0.2975,
            0.2953915889558075
        ]
    },
    "0.90": {
        "f_e_Earth": [
            0.3625,
            0.3637426085873005,
            0.36526963701032467,
            0.3625,
            0.3608105048832705,
            0.3575,
            0.3526565649386198,
            0.35250000000000004,
            0.3523390550393291,
            0.35210344340364197,
            0.35250000000000004,
            0.3549004145912066,
            0.3575,
            0.3618494259107378,
            0.3625
        ],
        "f_mu_Earth": [
            0.29184942591073787,
            0.2925,
            0.2975,
            0.30026963701032466,
            0.3025,
            0.30581050488327055,
            0.3075,
            0.30765656493861976,
            0.30749999999999994,
            0.3025,
            0.3021034434036419,
            0.2975,
            0.2949004145912066,
            0.2925,
            0.29184942591073787
        ]
    },
    "0.95": {
        "f_e_Earth": [
            0.3625,
            0.36718287538967487,
            0.3661932672621401,
            0.3625,
            0.36151015279140447,
            0.3575,
            0.3546623116112928,
            0.35250000000000004,
            0.3502771960931632,
            0.3501970812510209,
            0.35250000000000004,
            0.35390636315491536,
            0.3575,
            0.36004825660879736,
            0.3625
        ],
        "f_mu_Earth": [
            0.2900482566087974,
            0.2925,
            0.2975,
            0.30119326726214013,
            0.3025,
            0.3065101527914045,
            0.3075,
            0.3096623116112928,
            0.3075,
            0.3025,
            0.30019708125102085,
            0.2975,
            0.2939063631549153,
            0.2925,
            0.2900482566087974
        ]
    },
    "0.997": {
        "f_e_Earth": [
            0.3625,
            0.3675,
            0.36775137266636826,
            0.3675,
            0.36633982269978893,
            0.3625,
            0.36162116821686846,
            0.3575,
            0.35498057000619543,
            0.35250000000000004,
            0.3499500341800149,
            0.34989459252347493,
            0.35250000000000004,
            0.3537486337572427,
            0.3575,
            0.3597624591754557,
            0.3625
        ],
        "f_mu_Earth": [
            0.28976245917545573,
            0.2922486211180747,
            0.2925,
            0.2927513726663682,
            0.2975,
            0.30133982269978893,
            0.3025,
            0.30662116821686847,
            0.3075,
            0.3099805700061954,
            0.3075,
            0.3025,
            0.2998945925234749,
            0.2975,
            0.29374863375724264,
            0.2925,
            0.28976245917545573
        ]
    }
}