{
    "0.68": {
        "f_e_Earth": [
            0.3575,
            0.3625,
            0.36375480113642095,
            0.3625,
            0.3598148209243739,
            0.3575,
            0.35366183188931277,
            0.3561407515927414,
            0.3575
        ],
        "f_mu_Earth": [
            0.2961407515927414,
            0.29539884529733246,
            0.2975,
            0.29875480113642094,
            0.3025,
            0.30481482092437384,
            0.3025,
            0.2975,
            0.2961407515927414
        ]
    },
    "0.90": {
        "f_e_Earth": [
            0.3575,
            0.3625,
            0.3654433814127383,
            0.3625,
            0.36102547504198973,
            0.3575,
            0.3546430772562854,
            0.35250000000000004,
            0.3500794318592253,
            0.35121515746580645,
            0.35250000000000004,
            0.3544992629683966,
            0.3575
        ],
        "f_mu_Earth": [
            0.29449926296839657,
            0.29257133081281766,
            0.2975,
            0.3004433814127383,
            0.3025,
            0.30602547504198974,
            0.3075,
            0.30967153290410354,
            0.3075,
            0.3025,
            0.3012151574658064,
            0.2975,
            0.29449926296839657
        ]
    },
    "0.95": {
        "f_e_Earth": [
            0.3625,
            0.36637767074916466,
            0.3668114163881282,
            0.36249999999999993,
            0.3620063091777588,
            0.35750000000000004,
            0.3565434637740365,
            0.35250000000000004,
            0.3476391020006985,
            0.34750000000000003,
            0.3473701786603257,
            0.34750000000000003,
            0.34793297864736156,
            0.34874388477393065,
            0.35250000000000004,
            0.3531693801779226,
            0.3575,
            0.3592094755099581,
            0.3625
        ],
        "f_mu_Earth": [
            0.2892094755099581,
            0.2925,
            0.2975,
            0.3018114163881282,
            0.3025,
            0.30700630917775873,
            0.3075,
            0.3115971526369935,
            0.3125,
            0.3126782882246348,
            0.3125,
            0.31218816927405696,
            0.3075,
            0.3025,
            0.2987438847739306,
            0.2975,
            0.29316938017792255,
            0.2925,
            0.2892094755099581
        ]
    },
    "0.997": {
        "f_e_Earth": [
            0.3625,
            0.36750000000000005,
            0.369435940644693,
            0.36750000000000005,
            0.36731311848743586,
            0.3625,
            0.3623660123679844,
            0.3575,
            0.35724039617898473,
            0.35250000000000004,
            0.3514411834771605,
            0.34763780800447913,
            0.34750000000000003,
            0.347357324482067,
            0.34382176592472924,
            0.3447645383091754,
            0.34750000000000003,
            0.3478375901836753,
            0.35250000000000004,
            0.35268166970281295,
            0.3575,
            0.3579639514555448,
            0.3625
        ],
        "f_mu_Earth": [
            0.2879639514555448,
            0.290564059355307,
            0.2925,
            0.29443594064469303,
            0.2975,
            0.30231311848743586,
            0.3025,
            0.3073660123679844,
            0.3075,
            0.312303338867491,
            0.3125,
            0.3175,
            0.3176389980251903,
            0.3175,
            0.3125,
            0.3075,
            0.3047645383091754,
            0.3025,
            0.29783759018367534,
            0.2975,
            0.2926816697028129,
            0.2925,
            0.2879639514555448
        ]
    }
}