{
    "0.68": {
        "f_e_Earth": [
            0.4125,
            0.4175,
            0.4225,
            0.42315737908323797,
            0.4225,
            0.42233094473585553,
            0.4188398126239429,
            0.41750000000000004,
            0.4133242792811085,
            0.41250000000000003,
            0.4075000000000001,
            0.404298922838323,
            0.40249999999999997,
            0.3975,
            0.39716925440293394,
            0.3975000000000001,
            0.39823335432995766,
            0.40110812114367467,
            0.40249999999999997,
            0.40492223613018785,
            0.40750000000000003,
            0.40982828824499845,
            0.4125
        ],
        "f_mu_Earth": [
            0.21039306111342426,
            0.20792930759601325,
            0.2105334580763982,
            0.21249999999999997,
            0.2167007902535866,
            0.2175,
            0.2225,
            0.22375932315061936,
            0.22750000000000004,
            0.22815496749291583,
            0.23085158867362493,
            0.2325,
            0.23333550552871762,
            0.23282550654763814,
            0.2325,
            0.23092267092589996,
            0.22749999999999998,
            0.22249999999999998,
            0.220646984559617,
            0.2175,
            0.2145711656440238,
            0.2125,
            0.21039306111342426
        ]
    },
    "0.90": {
        "f_e_Earth": [
            0.4125000000000001,
            0.4175,
            0.4225,
            0.42595164472060126,
            0.4268516145461238,
            0.42581106091731036,
            0.4225,
            0.4221867101083129,
            0.4175,
            0.41683597424208324,
            0.4125000000000001,
            0.40985231388332033,
            0.40750000000000003,
            0.4025000000000001,
            0.39817434176462385,
            0.3975,
            0.39375990790432047,
            0.3925,
            0.3919928653371017,
            0.3925,
            0.394305166936058,
            0.3975,
            0.3977540186405432,
            0.40101035466483465,
            0.4025,
            0.40539696391034985,
            0.4075,
            0.4114907101857561,
            0.4125000000000001
        ],
        "f_mu_Earth": [
            0.2065750841438809,
            0.204208943823413,
            0.20414726620271784,
            0.20750000000000002,
            0.2125,
            0.2175,
            0.22205835831201673,
            0.2225,
            0.22690515519421736,
            0.2275,
            0.23094533975774062,
            0.2325,
            0.23452923256021047,
            0.23627951049905344,
            0.2375,
            0.2379066327763071,
            0.2375,
            0.23643537477906282,
            0.2325,
            0.23178863042965536,
            0.2275,
            0.2229052540860489,
            0.2225,
            0.21749999999999997,
            0.21593315195894572,
            0.2125,
            0.21040215865345863,
            0.20750000000000002,
            0.2065750841438809
        ]
    },
    "0.95": {
        "f_e_Earth": [
            0.41250000000000003,
            0.4175,
            0.4225,
            0.4268057666770963,
            0.4275,
            0.4275361392125909,
            0.4275,
            0.426426325852098,
            0.4231759772590188,
            0.4225,
            0.4175,
            0.4174664293233243,
            0.4125,
            0.41070547394563134,
            0.40750000000000003,
            0.4025,
            0.4000475845101329,
            0.3975,
            0.3925,
            0.39122409716855544,
            0.3908615297582385,
            0.39250000000000007,
            0.39363718890277566,
            0.3967056332460252,
            0.3975,
            0.4001045309258993,
            0.4025,
            0.40459299777778696,
            0.40750000000000003,
            0.41038792046731676,
            0.41250000000000003
        ],
        "f_mu_Earth": [
            0.205564484728178,
            0.20357183911783064,
            0.20331762011155152,
            0.20750000000000002,
            0.21236603383096841,
            0.2125,
            0.2125633040696046,
            0.2175,
            0.22250000000000003,
            0.2231794608616654,
            0.22746992685538317,
            0.2275,
            0.23144629567574115,
            0.23250000000000004,
            0.2352652143480954,
            0.23680804811788803,
            0.2375,
            0.23903621118634127,
            0.2386661086968359,
            0.2375,
            0.2325,
            0.23020167973681166,
            0.2275,
            0.2225,
            0.22166293555858027,
            0.2175,
            0.21498038278806536,
            0.2125,
            0.2096001784105091,
            0.20750000000000002,
            0.205564484728178
        ]
    },
    "0.997": {
        "f_e_Earth": [
            0.4175,
            0.4225,
            0.4269031548854831,
            0.4275,
            0.43155776085379766,
            0.4318119427943747,
            0.43089657461789904,
            0.4275,
            0.4269153539951115,
            0.4225,
            0.4218381635224014,
            0.4175,
            0.41530437981266166,
            0.41250000000000003,
            0.40750000000000003,
            0.40637420028324645,
            0.4025000000000001,
            0.3975,
            0.3925,
            0.3875,
            0.3866871070383403,
            0.38749999999999996,
            0.38786625897709726,
            0.38905357962714193,
            0.3925,
            0.3930679851901254,
            0.3975,
            0.39770631466824086,
            0.4020299111233506,
            0.4025,
            0.4071832817538873,
            0.40750000000000003,
            0.41250000000000003,
            0.41392516765551635,
            0.4175
        ],
        "f_mu_Earth": [
            0.1990311618938386,
            0.19852016963267874,
            0.2025,
            0.20304680924054594,
            0.20750000000000002,
            0.2125,
            0.2175,
            0.22092779443891175,
            0.2225,
            0.22693810822043184,
            0.2275,
            0.23179471473905772,
            0.23250000000000004,
            0.23530437981266167,
            0.23721376505744293,
            0.2375,
            0.2412926826650671,
            0.24202682977007148,
            0.2421795016406883,
            0.23838202462115568,
            0.2375,
            0.23648250880983052,
            0.2325,
            0.2275,
            0.2240214874536295,
            0.2225,
            0.2178297617471675,
            0.2175,
            0.21249999999999997,
            0.21202991112335062,
            0.2075,
            0.20718328175388728,
            0.202888869324714,
            0.2025,
            0.1990311618938386
        ]
    }
}