{
    "0.68": {
        "f_e_Earth": [
            0.4575,
            0.4625,
            0.4641515909303938,
            0.46329340551550113,
            0.4625,
            0.46106845354009424,
            0.45863103223031043,
            0.4575,
            0.4550761198280724,
            0.4525,
            0.4513275691694212,
            0.4475,
            0.4465958278041963,
            0.4425,
            0.4397401191332698,
            0.4375,
            0.4325,
            0.4305285899235678,
            0.43224300971645435,
            0.4325,
            0.43548644994548535,
            0.4375,
            0.43920387494805546,
            0.4425,
            0.4429243759956958,
            0.446988452574679,
            0.4475,
            0.45137349399212845,
            0.4525,
            0.4565245769097441,
            0.4575
        ],
        "f_mu_Earth": [
            0.15646673526437543,
            0.15379189408239036,
            0.1575,
            0.1625,
            0.1643518646434815,
            0.1675,
            0.1725,
            0.1740772714588961,
            0.1775,
            0.18097992364431004,
            0.1825,
            0.18667215105904134,
            0.1875,
            0.19077171030928675,
            0.1925,
            0.19388267171484214,
            0.19413084323697227,
            0.1925,
            0.1875,
            0.1871510972847506,
            0.1825,
            0.17988007743590534,
            0.1775,
            0.17306499180008997,
            0.17250000000000001,
            0.1675,
            0.16692881422137207,
            0.1625,
            0.16125517017102203,
            0.1575,
            0.15646673526437543
        ]
    },
    "0.90": {
        "f_e_Earth": [
            0.4675,
            0.4684498651827335,
            0.46936893309774835,
            0.46843691440096813,
            0.4675,
            0.4663183032130751,
            0.4643958590753646,
            0.4625,
            0.4612213464112688,
            0.457752392667138,
            0.4575,
            0.4544032580902867,
            0.4525,
            0.44979813562447807,
            0.4475,
            0.4438176565012832,
            0.4425,
            0.4375,
            0.43419953540486095,
            0.4325,
            0.4275,
            0.42565603554988835,
            0.4256711623499779,
            0.4275,
            0.42894548920687164,
            0.4325,
            0.4326118661854428,
            0.43606399408700786,
            0.43750000000000006,
            0.4398955703599346,
            0.4425,
            0.4442219910414036,
            0.4475,
            0.4486718287077276,
            0.4525,
            0.45332495527119165,
            0.4575,
            0.4583218209442936,
            0.4625,
            0.46594732587623156,
            0.4675
        ],
        "f_mu_Earth": [
            0.1466723151301388,
            0.1475,
            0.1525,
            0.1575,
            0.1593047241942612,
            0.1625,
            0.1675,
            0.17014431154077397,
            0.17250000000000001,
            0.17749999999999996,
            0.1777722458246452,
            0.1825,
            0.18449929025143205,
            0.1875,
            0.1897288012380648,
            0.1925,
            0.19371838642684822,
            0.19638094541887952,
            0.1975,
            0.19845033553409097,
            0.19814661706117703,
            0.1975,
            0.1925,
            0.19003018709643327,
            0.1875,
            0.1826742204024397,
            0.1825,
            0.1775,
            0.17590391366012406,
            0.17250000000000001,
            0.1696234957823794,
            0.1675,
            0.16383982695115637,
            0.1625,
            0.1582697324454916,
            0.1575,
            0.15307737915882133,
            0.1525,
            0.14888789094487065,
            0.1475,
            0.1466723151301388
        ]
    },
    "0.95": {
        "f_e_Earth": [
            0.4625,
            0.4675,
            0.47114333432418054,
            0.4711028538575549,
            0.4702415865105242,
            0.4677823672459032,
            0.46749999999999997,
            0.46585000192473475,
            0.4625,
            0.46232224848098724,
            0.45979639838532926,
            0.4575,
            0.45584742279292356,
            0.4525,
            0.45116408450256656,
            0.4475,
            0.4455779567607161,
            0.4425,
            0.4375,
            0.4373310905995859,
            0.4325,
            0.4275,
            0.4225,
            0.4211773386408999,
            0.4225,
            0.4238546739349425,
            0.4275,
            0.42754401938493847,
            0.4304324897628068,
            0.4325,
            0.4343857371063194,
            0.4375,
            0.43858279925179483,
            0.4425,
            0.4430462250859964,
            0.4475,
            0.44752360162193716,
            0.4513621821902404,
            0.4525,
            0.4559311258779095,
            0.4575,
            0.46178004045191307,
            0.4625
        ],
        "f_mu_Earth": [
            0.14680588466993688,
            0.14432530452659376,
            0.1475,
            0.1525,
            0.1575,
            0.1625,
            0.16283246542786384,
            0.1675,
            0.17217252490773216,
            0.17250000000000004,
            0.1775,
            0.1799770326302151,
            0.1825,
            0.18601632276855598,
            0.1875,
            0.1910535396556716,
            0.1925,
            0.19534606855886205,
            0.1974427296270331,
            0.1975,
            0.20020141890075827,
            0.20007304366088313,
            0.19897895534088436,
            0.1975,
            0.19568356665249664,
            0.1925,
            0.18757705161632116,
            0.1875,
            0.1825,
            0.18026474679355253,
            0.1775,
            0.17403857103343734,
            0.1725,
            0.1681735846113332,
            0.16750000000000004,
            0.16252698524874318,
            0.1625,
            0.1575,
            0.15634563261036521,
            0.15249999999999997,
            0.15091428918001387,
            0.1475,
            0.14680588466993688
        ]
    },
    "0.997": {
        "f_e_Earth": [
            0.4675,
            0.47250000000000003,
            0.4758173339498398,
            0.47652597487710857,
            0.4759856638367682,
            0.47250000000000003,
            0.4723808678401809,
            0.471923780787345,
            0.4686760495175373,
            0.4675,
            0.46680635316829744,
            0.4625,
            0.46221938882635355,
            0.45849739576736254,
            0.4575,
            0.4552851375918409,
            0.4525,
            0.4493093345023508,
            0.4475,
            0.4425,
            0.4419568215782457,
            0.4375,
            0.4325,
            0.4275,
            0.42599243165308437,
            0.4225,
            0.4175,
            0.41403981182472566,
            0.4174285432778864,
            0.4175,
            0.4188640311172199,
            0.4225,
            0.4231116230308463,
            0.4275,
            0.42773460612081976,
            0.4311374163125865,
            0.4325,
            0.4340692205214471,
            0.4375,
            0.4384310103717996,
            0.4425,
            0.44310865037956043,
            0.4475,
            0.4479332487983452,
            0.4525,
            0.45282728655706067,
            0.4575,
            0.4578474140315306,
            0.4625,
            0.46391448842148175,
            0.4675
        ],