{
    "0.68": {
        "f_e_Earth": [
            0.17250000000000001,
            0.1775,
            0.1825,
            0.18251422977383147,
            0.18505670835480514,
            0.1825,
            0.1775,
            0.1748493865359506,
            0.17250000000000001,
            0.1675,
            0.16657742322637575,
            0.16498431637861594,
            0.1675,
            0.16975720428742047,
            0.17250000000000001
        ],
        "f_mu_Earth": [
            0.5460318714545825,
            0.5459036499127358,
            0.5474910760680572,
            0.5475000000000001,
            0.5525,
            0.5541551061696492,
            0.5563974612188031,
            0.5575000000000001,
            0.5583863354133146,
            0.5580707331028203,
            0.5575000000000001,
            0.5525,
            0.549368816829813,
            0.5475000000000001,
            0.5460318714545825
        ]
    },
    "0.90": {
        "f_e_Earth": [
            0.1675,
            0.17250000000000001,
            0.1775,
            0.1825,
            0.18703625997827578,
            0.1875,
            0.19017835425092497,
            0.1875,
            0.1825,
            0.18102914527661346,
            0.1775,
            0.17250000000000001,
            0.1675,
            0.1625,
            0.16235706700614086,
            0.16215102248156021,
            0.1625,
            0.16561607664635003,
            0.1675
        ],
        "f_mu_Earth": [
            0.5457488369431595,
            0.5439039661509937,
            0.5438051910902231,
            0.5446551708551008,
            0.5475000000000001,
            0.5484912233884094,
            0.5525,
            0.5543843342127226,
            0.5568576642693319,
            0.5575000000000001,
            0.5595707287742906,
            0.5607133691378262,
            0.5606544875969217,
            0.557646181237742,
            0.5575,
            0.5525,
            0.5521096799685665,
            0.5475000000000001,
            0.5457488369431595
        ]
    },
    "0.95": {
        "f_e_Earth": [
            0.1675,
            0.17250000000000001,
            0.1775,
            0.1825,
            0.1875,
            0.18944624866390536,
            0.19226413435862494,
            0.1875,
            0.18345191153522195,
            0.1825,
            0.1775,
            0.17250000000000001,
            0.16750000000000004,
            0.1625,
            0.16041252570307996,
            0.16028897172018014,
            0.1625,
            0.16420824001076673,
            0.1675
        ],
        "f_mu_Earth": [
            0.5444402107182528,
            0.5432166853149994,
            0.543127421016807,
            0.543739216887472,
            0.545934863163057,
            0.5475000000000001,
            0.5525,
            0.5558517677367973,
            0.5575000000000001,
            0.5582495328020678,
            0.5607435136513955,
            0.5614649654052314,
            0.56148900074265,
            0.5596349134880578,
            0.5575000000000001,
            0.5525,
            0.5500270366081526,
            0.5475000000000001,
            0.5444402107182528
        ]
    },
    "0.997": {
        "f_e_Earth": [
            0.17250000000000004,
            0.1775,
            0.1825,
            0.18321933769686446,
            0.1875,
            0.1925,
            0.19662273636448832,
            0.1975,
            0.2025,
            0.20543987516410284,
            0.2025,
            0.1975,
            0.1925,
            0.19114387949684103,
            0.1875,
            0.1825,
            0.1775,
            0.17250000000000001,
            0.17239893024712125,
            0.1675,
            0.1639594182735457,
            0.1625,
            0.15774117888849415,
            0.1577309476956043,
            0.15968040717122584,
            0.1625,
            0.1675,
            0.168737525753444,
            0.17250000000000004
        ],
        "f_mu_Earth": [
            0.53886291668251,
            0.538584011201725,
            0.5417806623031356,
            0.5425,
            0.5427844323327068,
            0.5439525291747427,
            0.5475000000000001,
            0.548075231673358,
            0.5494600481956632,
            0.5525,
            0.5553381173705059,
            0.5565012437359365,
            0.5571556358002312,
            0.5575000000000001,
            0.5608444667478235,
            0.5621480295596039,
            0.562354646899487,
            0.5624974836097185,
            0.5625,
            0.5653340280591008,
            0.5625,
            0.562366968370915,
            0.5575000000000001,
            0.5525,
            0.5475000000000001,
            0.5446804071712259,
            0.5426424630993747,
            0.5425,
            0.53886291668251
        ]
    }
}