{
    "0.68": {
        "f_e_Earth": [
            0.2275,
            0.2325,
            0.2333383083628408,
            0.2353483938339854,
            0.2360928323128521,
            0.235721042369527,
            0.23452411504626253,
            0.2333345238336627,
            0.2325,
            0.2316813401566002,
            0.22944951474118933,
            0.22762722817017914,
            0.22750000000000004,
            0.2245894123043971,
            0.22249999999999998,
            0.2215282257967719,
            0.21765798148590118,
            0.2175,
            0.21334876907168004,
            0.21250000000000002,
            0.20750000000000002,
            0.2068769650046116,
            0.2061053676019713,
            0.205824014675962,
            0.2059759180984133,
            0.20657953824881417,
            0.20750000000000002,
            0.20787282171518706,
            0.20899647205721356,
            0.21000843080348597,
            0.2114573689653163,
            0.21249999999999997,
            0.2138870357413949,
            0.21572192417759056,
            0.21749999999999997,
            0.2192900822763113,
            0.2225,
            0.22296190165188068,
            0.2275
        ],
        "f_mu_Earth": [
            0.5200972367168663,
            0.5214711970746706,
            0.5225,
            0.5275000000000001,
            0.5325,
            0.5375000000000001,
            0.5425,
            0.5475000000000001,
            0.5506658365795851,
            0.5525,
            0.5575000000000001,
            0.5625,
            0.562817776780909,
            0.5675000000000001,
            0.5712056498121242,
            0.5725,
            0.5775,
            0.5777225516758719,
            0.5825,
            0.5834797764587962,
            0.5844074712643283,
            0.5825,
            0.5775,
            0.5725,
            0.5675000000000001,
            0.5625,
            0.5589472842977969,
            0.5575000000000001,
            0.5525,
            0.5475000000000001,
            0.5425,
            0.5404963446036859,
            0.5375000000000001,
            0.5325,
            0.5295818768987213,
            0.5275000000000001,
            0.5227315174253,
            0.5225,
            0.5200972367168663
        ]
    },
    "0.90": {
        "f_e_Earth": [
            0.22749999999999998,
            0.23249999999999998,
            0.23634317709614647,
            0.2375,
            0.23986162187872923,
            0.24128646547835964,
            0.24085463786925904,
            0.24000756889193503,
            0.2388943141515367,
            0.2375,
            0.23702173905330529,
            0.23551151860139288,
            0.23405902228114706,
            0.23250000000000004,
            0.23183977243993212,
            0.2298483799784788,
            0.22781572376261028,
            0.2275,
            0.22487124303347936,
            0.2225,
            0.2221709168569778,
            0.21838816721265425,
            0.21749999999999997,
            0.21412385647063253,
            0.21250000000000002,
            0.20829457670228352,
            0.20750000000000002,
            0.20600588033501133,
            0.2025,
            0.20216824000822897,
            0.2015682392686648,
            0.2014069063142291,
            0.20158908841238077,
            0.2021737162299982,
            0.2025,
            0.20271671317269258,
            0.20309450614184782,
            0.20383581829812888,
            0.2050531901365796,
            0.2072485723424522,
            0.20750000000000002,
            0.2084315965048602,
            0.2101829693875165,
            0.2125,
            0.21317034798122667,
            0.21551997242835086,
            0.2175,
            0.2194448098372953,
            0.22249999999999998,
            0.22463455466106685,
            0.22749999999999998
        ],
        "f_mu_Earth": [
            0.5154402773755262,
            0.5154376990733136,
            0.5175000000000001,
            0.5189860373270846,
            0.5225,
            0.5275000000000001,
            0.5325,
            0.5375000000000001,
            0.5425,
            0.5460872396014232,
            0.5475000000000001,
            0.5525,
            0.5575000000000001,
            0.5610467180334601,
            0.5625,
            0.5675000000000001,
            0.5725,
            0.5730633431273854,
            0.5775000000000001,
            0.5820453984170915,
            0.5825,
            0.5874999999999999,
            0.5886542164802937,
            0.5925,
            0.5943067437124152,
            0.5974999999999999,
            0.5980695518586743,
            0.5974999999999999,
            0.5939993315782716,
            0.5925,
            0.5874999999999999,
            0.5825,
            0.5775,
            0.5725,
            0.5705339844176961,
            0.5675000000000001,
            0.5625,
            0.5575000000000001,
            0.5525,
            0.5475000000000001,
            0.5470157498903329,
            0.5425,
            0.5375000000000001,
            0.534257517192509,
            0.5325,
            0.5275000000000001,
            0.5252387094318938,
            0.5225,
            0.5189806593951767,
            0.5175000000000001,
            0.5154402773755262
        ]
    },
    "0.95": {
        "f_e_Earth": [
            0.2275,
            0.2325,
            0.2375,
            0.23895170518041772,
            0.2421113246394674,
            0.2425,
            0.2433914318511446,
            0.2425,
            0.24234382479431602,
            0.2412812951729997,
            0.24032428562351626,
            0.23882105130546344,
            0.2375,
            0.23668224102920585,
            0.23543576064460298,
            0.2336893964641098,
            0.23250000000000004,
            0.23127762747536498,
            0.22963427777652462,
            0.22750000000000004,
            0.2267938323735018,
            0.22449017064878038,
            0.22249999999999998,
            0.22106230868496213,
            0.2175,
            0.217174651154638,
            0.21269973397224878,
            0.2125,
            0.20750000000000002,
            0.2025,
            0.20119843617050487,
            0.20031100184094847,
            0.1998099072759732,
            0.19957477953374256,
            0.19949720103611823,
            0.19961587689360463,
            0.200104988871382,
            0.20089608509459533,
            0.20235886779575693,
            0.2025,
            0.20326685686452753,
            0.20467636093993163,
            0.2071800462829739,
            0.20750000000000002,
            0.20856828758717347,
            0.2118240547394845,
            0.2125,
            0.21418993614365525,
            0.2175,
            0.21836616167544098,
            0.2225,
            0.22284330972815672,
            0.2275
        ],