{
    "0.68": {
        "f_e_Earth": [
            0.3575,
            0.35961704821505913,
            0.3575,
            0.3557589182737825,
            0.35250000000000004,
            0.3524059590436353,
            0.3506427710594211,
            0.34918104718990356,
            0.34750000000000003,
            0.3473221636326217,
            0.3425,
            0.34097810877571283,
            0.3409730711800878,
            0.3425,
            0.3431341640063823,
            0.3447486470205964,
            0.34750000000000003,
            0.3489059701715961,
            0.35250000000000004,
            0.3536557711781646,
            0.3575
        ],
        "f_mu_Earth": [
            0.2992490874428045,
            0.3025,
            0.3047654300198779,
            0.3075,
            0.3124307532854592,
            0.3125,
            0.3175,
            0.3225,
            0.327331421272842,
            0.3275,
            0.33156014083073354,
            0.3275,
            0.3225,
            0.3185581479420778,
            0.3175,
            0.3125,
            0.30924044410766005,
            0.3075,
            0.3030871977618893,
            0.3025,
            0.2992490874428045
        ]
    },
    "0.90": {
        "f_e_Earth": [
            0.35749999999999993,
            0.3613726972159449,
            0.361470091830983,
            0.3575,
            0.3570214306939574,
            0.3556727667159486,
            0.3541688520464749,
            0.35250000000000004,
            0.3524460437551638,
            0.3510219192342121,
            0.34750000000000003,
            0.34690755657123024,
            0.3425,
            0.3375,
            0.33737247083164995,
            0.3375000000000001,
            0.33785392042692985,
            0.3386620021070731,
            0.3395160291513033,
            0.3425,
            0.3432938053917265,
            0.34750000000000003,
            0.3475136347659055,
            0.3497922922198441,
            0.35250000000000004,
            0.3554528588870756,
            0.35749999999999993
        ],
        "f_mu_Earth": [
            0.2954528588870756,
            0.2975,
            0.3025,
            0.30674835162071634,
            0.3075,
            0.3125,
            0.3175,
            0.32221987448797534,
            0.3225,
            0.3275,
            0.33195855363905113,
            0.3325,
            0.33604544213585313,
            0.33268487938169217,
            0.3325,
            0.3319310067298366,
            0.3275,
            0.3225,
            0.3175,
            0.31449386617417774,
            0.3125,
            0.30751687841496134,
            0.3075,
            0.3025,
            0.29979229221984405,
            0.2975,
            0.2954528588870756
        ]
    },
    "0.95": {
        "f_e_Earth": [
            0.3575,
            0.36228555255419886,
            0.3616383948887429,
            0.3575,
            0.357136098637523,
            0.35597177326807805,
            0.3547132135762644,
            0.35318889367514555,
            0.35250000000000004,
            0.3513476499778482,
            0.34750000000000003,
            0.347358752115134,
            0.3425,
            0.3375,
            0.33657623310436285,
            0.3375,
            0.3375701653940751,
            0.3384520987953863,
            0.3391865785450214,
            0.3425,
            0.3431616691092391,
            0.3467579444162577,
            0.34750000000000003,
            0.34941769591943106,
            0.35250000000000004,
            0.3549703156907219,
            0.3575
        ],
        "f_mu_Earth": [
            0.2949703156907219,
            0.2975,
            0.3025,
            0.30692845087248316,
            0.3075,
            0.3125,
            0.3175,
            0.3225,
            0.323439037681114,
            0.3275,
            0.3323709106227894,
            0.3325,
            0.33640838420296293,
            0.3338391873773085,
            0.3325,
            0.32837845546538547,
            0.3275,
            0.3225,
            0.3175,
            0.3141619686250062,
            0.3125,
            0.3075,
            0.3067579444162577,
            0.3025,
            0.299417695919431,
            0.2975,
            0.2949703156907219
        ]
    },
    "0.997": {
        "f_e_Earth": [
            0.3575,
            0.3625,
            0.3659010497208305,
            0.3625,
            0.3622371110027647,
            0.3584863230740468,
            0.3575,
            0.3570354499673655,
            0.35664970851626454,
            0.35618461502385673,
            0.3525620601401686,
            0.35250000000000004,
            0.3508750566478636,
            0.34750000000000003,
            0.34380163710351014,
            0.3425,
            0.3375,
            0.3365093742528148,
            0.3337437215370506,
            0.334103005049861,
            0.3375,
            0.33770539521931237,
            0.338014601105154,
            0.3425,
            0.3426916115676524,
            0.3437991644585772,
            0.34750000000000003,
            0.3480851185777275,
            0.35250000000000004,
            0.3532537313861115,
            0.3575
        ],
        "f_mu_Earth": [
            0.2932537313861115,
            0.29409870792696075,
            0.2975,
            0.30090104972083054,
            0.3025,
            0.3075,
            0.3084905752302849,
            0.3125,
            0.3175,
            0.3225,
            0.3275,
            0.32756206014016864,
            0.3325,
            0.3358751788484012,
            0.3375,
            0.3388015298404608,
            0.3384906257471853,
            0.3375,
            0.3325,
            0.3275,
            0.3236408373051738,
            0.3225,
            0.3175,
            0.31298128650586804,
            0.3125,
            0.3075,
            0.3037991644585772,
            0.3025,
            0.29808511857772746,
            0.2975,
            0.2932537313861115
        ]
    }
}