{
    "0.68": {
        "f_e_Earth": [
            0.2275,
            0.23103626861604182,
            0.2325,
            0.23454608217017991,
            0.2351883898633514,
            0.23512818641785982,
            0.23473750741853355,
            0.23366414233694838,
            0.2325,
            0.2323128258364895,
            0.2303649310977855,
            0.22817948300316518,
            0.22749999999999998,
            0.2262188269872084,
            0.22325099508459265,
            0.2225,
            0.22017485731054026,
            0.2175,
            0.21601695906038398,
            0.21268880775162727,
            0.2125,
            0.21065079466788536,
            0.20750000000000002,
            0.20716860232235407,
            0.20689706328875268,
            0.20725794244896642,
            0.20750000000000005,
            0.2082657851905423,
            0.20929340454228978,
            0.21017496197901825,
            0.21129483114549327,
            0.2125,
            0.2130447199417746,
            0.21486198605507653,
            0.21642121769022266,
            0.21749999999999997,
            0.21952807831498383,
            0.22190127211592459,
            0.22250000000000003,
            0.22703922149081093,
            0.2275
        ],
        "f_mu_Earth": [
            0.5170374934633999,
            0.5175000000000001,
            0.5180224936746729,
            0.5225,
            0.5275000000000001,
            0.5325,
            0.5375000000000001,
            0.5425,
            0.5469623132612289,
            0.5475000000000001,
            0.5525,
            0.5575000000000001,
            0.5593374687080535,
            0.5625,
            0.5675000000000001,
            0.5689227655850561,
            0.5725,
            0.5760471448494203,
            0.5775,
            0.5824999999999999,
            0.5827332660695965,
            0.5825,
            0.5811575561565407,
            0.5775,
            0.5725,
            0.5675000000000001,
            0.5661222199771357,
            0.5625,
            0.5575000000000001,
            0.5525,
            0.5475000000000001,
            0.5439048677050242,
            0.5425,
            0.5375000000000001,
            0.5325,
            0.5304999912166748,
            0.5275000000000001,
            0.5225,
            0.5216117611710485,
            0.5175000000000001,
            0.5170374934633999
        ]
    },
    "0.90": {
        "f_e_Earth": [
            0.23249999999999998,
            0.23354617873106906,
            0.2375,
            0.23809840161762322,
            0.23968006178522816,
            0.24020958803323056,
            0.2401014444838113,
            0.23949960220224953,
            0.23843596628686073,
            0.2375,
            0.23682500304466808,
            0.23525290262422022,
            0.2336411753941372,
            0.2325,
            0.23145403610436505,
            0.2291453655445161,
            0.2275,
            0.22648192447103727,
            0.2234622404193166,
            0.22249999999999998,
            0.22047331446718757,
            0.2175,
            0.2171509129927186,
            0.2132297380154436,
            0.2125,
            0.20750000000000002,
            0.20443760783639747,
            0.20358403003097358,
            0.2034857834476651,
            0.20373131246543943,
            0.20387275184688122,
            0.20418596055885008,
            0.2047681439396708,
            0.20588186984220658,
            0.20750000000000002,
            0.20768973669991908,
            0.2086953671635996,
            0.20991873439645412,
            0.2125,
            0.21262216972382958,
            0.21414992092136856,
            0.21628132235006267,
            0.21749999999999997,
            0.21931144456375737,
            0.2225,
            0.22279767130402778,
            0.2275,
            0.22925801588047173,
            0.23249999999999998
        ],
        "f_mu_Earth": [
            0.5118985443307404,
            0.5125,
            0.5165841414520151,
            0.5175000000000001,
            0.5225,
            0.5275000000000001,
            0.5325,
            0.5375000000000001,
            0.5425,
            0.5452751960592297,
            0.5475000000000001,
            0.5525,
            0.5575000000000001,
            0.5601522490194775,
            0.5625,
            0.5675000000000001,
            0.570679029422738,
            0.5725,
            0.5775,
            0.579111193260251,
            0.5825,
            0.587079719584207,
            0.5874999999999999,
            0.5925,
            0.593422233386261,
            0.5974966262134959,
            0.5925,
            0.5874999999999999,
            0.5825,
            0.5775,
            0.5725,
            0.5675000000000001,
            0.5625,
            0.5575000000000001,
            0.5533726073448078,
            0.5525,
            0.5475000000000001,
            0.5425,
            0.537812262856899,
            0.5375000000000001,
            0.5325,
            0.5275000000000001,
            0.5260432696319636,
            0.5225,
            0.5177696394771911,
            0.5175000000000001,
            0.5127800364692406,
            0.5125,
            0.5118985443307404
        ]
    },
    "0.95": {
        "f_e_Earth": [
            0.2275,
            0.23249999999999998,
            0.23610616556841124,
            0.2375,
            0.23982617122390532,
            0.24113843991751627,
            0.24176976058776306,
            0.24160706676917842,
            0.24088540630451216,
            0.23990659702320624,
            0.2384861759363139,
            0.2375,
            0.2365197820958441,
            0.235069569914973,
            0.23313899963045423,
            0.23249999999999998,
            0.23072399411076194,
            0.22838763878373675,
            0.2275,
            0.22533423079412304,
            0.2225,
            0.22234790844474064,
            0.21926200454676947,
            0.2175,
            0.21546606300276838,
            0.21249999999999997,
            0.21096448719261263,
            0.20750000000000002,
            0.20359441365496367,
            0.2025,
            0.20210005741383483,
            0.20180898859814225,
            0.20204376165671667,
            0.2025,
            0.2027110770026731,
            0.2029750941246963,
            0.2032741535842454,
            0.20374543123775057,
            0.20455185891872063,
            0.2060557614371487,
            0.20750000000000002,
            0.20792381007970204,
            0.20898306409457235,
            0.2110413071177824,
            0.21249999999999997,
            0.21347576843306731,
            0.21502342867777086,
            0.2175,
            0.2185427477063029,
            0.22112395217038572,
            0.22249999999999998,
            0.22600782794514507,
            0.2275
        ],