{
    "0.68": {
        "f_e_Earth": [
            0.3575,
            0.35951129329758574,
            0.35749999999999993,
            0.3557274510502191,
            0.35266821023873274,
            0.35250000000000004,
            0.35107558797241817,
            0.35023787919617666,
            0.34902887157270085,
            0.34750000000000003,
            0.3425,
            0.3416831050323009,
            0.34162705151084705,
            0.3425,
            0.34370916755197495,
            0.34481617800133535,
            0.34750000000000003,
            0.34891322732527835,
            0.35250000000000004,
            0.3535457693935209,
            0.3575
        ],
        "f_mu_Earth": [
            0.2993750181903604,
            0.3025,
            0.3046454129595547,
            0.3075,
            0.31250000000000006,
            0.31299374066074226,
            0.3175,
            0.3225,
            0.3275,
            0.3291251917851668,
            0.32937370440797353,
            0.3275,
            0.3225,
            0.3202356435416013,
            0.3175,
            0.3125,
            0.3092890738638078,
            0.3075,
            0.30299210104737906,
            0.3025,
            0.2993750181903604
        ]
    },
    "0.90": {
        "f_e_Earth": [
            0.35250000000000004,
            0.3575,
            0.360690066599883,
            0.3575,
            0.3565082167607819,
            0.3545765997724296,
            0.35306483355929325,
            0.35274780905651243,
            0.35250000000000004,
            0.3510504676285801,
            0.34750000000000003,
            0.34401553655753586,
            0.34249999999999997,
            0.34172966240013575,
            0.33987034884081135,
            0.3399897189065454,
            0.3415591734807798,
            0.3425,
            0.3438980471974468,
            0.34750000000000003,
            0.34804553667019733,
            0.3511835434749605,
            0.35250000000000004
        ],
        "f_mu_Earth": [
            0.30118354347496046,
            0.29754353735572064,
            0.3025,
            0.30590279074834426,
            0.3075,
            0.3125,
            0.31750000000000006,
            0.3225,
            0.32300224732133015,
            0.3275,
            0.33127415011600725,
            0.3325,
            0.33320092433436543,
            0.3325,
            0.3275,
            0.3225,
            0.31750000000000006,
            0.31655279920519863,
            0.3125,
            0.308190621657918,
            0.3075,
            0.3025,
            0.30118354347496046
        ]
    },
    "0.95": {
        "f_e_Earth": [
            0.3575,
            0.3608654369539568,
            0.36147148571094495,
            0.35749999999999993,
            0.35702579316525823,
            0.35584168785177034,
            0.3549796685566941,
            0.35479951594385783,
            0.35250000000000004,
            0.3523906012996031,
            0.3479805169430854,
            0.34750000000000003,
            0.3425,
            0.3396714270481914,
            0.33866865693875925,
            0.3389043168316319,
            0.33980666936499737,
            0.3425,
            0.3432894102736084,
            0.3473114833693623,
            0.34750000000000003,
            0.34959321353929795,
            0.35250000000000004,
            0.3553859850931964,
            0.3575
        ],
        "f_mu_Earth": [
            0.2953859850931964,
            0.2975,
            0.3025,
            0.3067363174596043,
            0.3075,
            0.3125,
            0.3175,
            0.3225,
            0.32716054687190504,
            0.3275,
            0.3325,
            0.33297911769881816,
            0.33507369705671886,
            0.3325,
            0.3275,
            0.3225,
            0.3175,
            0.3147884215463528,
            0.3125,
            0.3075,
            0.30731148336936226,
            0.3025,
            0.2995932135392979,
            0.2975,
            0.2953859850931964
        ]
    },
    "0.997": {
        "f_e_Earth": [
            0.3575,
            0.3625,
            0.36596047780397106,
            0.3625,
            0.36229598385189254,
            0.35923650468780943,
            0.35750000000000004,
            0.357176519256308,
            0.3570000669232414,
            0.35696433184154786,
            0.3564426201365697,
            0.35250000000000004,
            0.3516152208933489,
            0.34750000000000003,
            0.3425,
            0.3375,
            0.3374974218974953,
            0.336298098650476,
            0.3375,
            0.33775907738166416,
            0.33795755105574343,
            0.3425,
            0.34264721966793593,
            0.34345440609250305,
            0.34750000000000003,
            0.34791520994700653,
            0.35250000000000004,
            0.353072464153853,
            0.3575
        ],
        "f_mu_Earth": [
            0.2930724641538529,
            0.2940395221960289,
            0.2975,
            0.30096047780397106,
            0.3025,
            0.3075,
            0.30926020524465053,
            0.3125,
            0.3175,
            0.3225,
            0.3275,
            0.3314562038061254,
            0.3325,
            0.33660323755056254,
            0.3370497142875994,
            0.33250257908726505,
            0.3325,
            0.3275,
            0.3262143405089369,
            0.3225,
            0.3175,
            0.31292677511481004,
            0.3125,
            0.3075,
            0.303454406092503,
            0.3025,
            0.2979152099470065,
            0.2975,
            0.2930724641538529
        ]
    }
}