{
    "0.68": {
        "f_e_Earth": [
            0.4225,
            0.42440640974758403,
            0.4225,
            0.4221872147062211,
            0.4175,
            0.4156498135588895,
            0.41250000000000003,
            0.40750000000000003,
            0.40721942218683854,
            0.4025,
            0.3975,
            0.3971955305908792,
            0.3975,
            0.4025,
            0.40259513793599677,
            0.40750000000000003,
            0.4087154216433093,
            0.41250000000000003,
            0.4175,
            0.4183379045508012,
            0.4225
        ],
        "f_mu_Earth": [
            0.21115565424441252,
            0.2125,
            0.2164069540355814,
            0.2175,
            0.22107844928098117,
            0.22250000000000003,
            0.22508280206701825,
            0.22730974536791718,
            0.2275,
            0.2305359587694823,
            0.232458169371947,
            0.2275,
            0.22719575334829778,
            0.22264163430955333,
            0.2225,
            0.21838730125326092,
            0.21749999999999997,
            0.21440098186574208,
            0.21272909450988836,
            0.2125,
            0.21115565424441252
        ]
    },
    "0.90": {
        "f_e_Earth": [
            0.4175,
            0.4225,
            0.4262534032669327,
            0.42391708426368974,
            0.4225,
            0.4175,
            0.41672610150695893,
            0.41250000000000003,
            0.4090430343871675,
            0.40750000000000003,
            0.4025,
            0.39955098461058797,
            0.39749999999999996,
            0.39250000000000007,
            0.39237142992751833,
            0.39250000000000007,
            0.39555061862729235,
            0.3975,
            0.40087963610419786,
            0.40249999999999997,
            0.40750000000000003,
            0.40771983572425213,
            0.41250000000000003,
            0.4156351200241793,
            0.4175
        ],
        "f_mu_Earth": [
            0.2110031979648074,
            0.20985320711756547,
            0.21249999999999997,
            0.21750000000000003,
            0.21888241082499654,
            0.22190539183793292,
            0.22250000000000003,
            0.22596534279046362,
            0.22749999999999998,
            0.22897081832215965,
            0.23134234515567353,
            0.23250000000000004,
            0.23424501221909758,
            0.23264908823603025,
            0.23250000000000004,
            0.23237131430001745,
            0.2275,
            0.22555204484335686,
            0.2225,
            0.2208812837723081,
            0.21766048793825105,
            0.2175,
            0.2135857420882606,
            0.2125,
            0.2110031979648074
        ]
    },
    "0.95": {
        "f_e_Earth": [
            0.4175,
            0.4225,
            0.4274907005335732,
            0.42525181559514685,
            0.4225,
            0.4175,
            0.4174471046519694,
            0.41250000000000003,
            0.41037479789926445,
            0.40750000000000003,
            0.4025,
            0.4009270840392971,
            0.3975,
            0.39250000000000007,
            0.39061342869856897,
            0.3925,
            0.3944486953909141,
            0.3975,
            0.3996603306547253,
            0.4025,
            0.40612981953436245,
            0.40750000000000003,
            0.41250000000000003,
            0.4140581568842272,
            0.4175
        ],
        "f_mu_Earth": [
            0.20973748560373962,
            0.20898070039076333,
            0.2125,
            0.2175,
            0.22018448374214555,
            0.22245935900385236,
            0.2225,
            0.2265565550569815,
            0.2275,
            0.23024025352766514,
            0.2318825417838904,
            0.2325,
            0.23541582076899803,
            0.23468764430980377,
            0.23249999999999998,
            0.23061173203992508,
            0.22749999999999998,
            0.22445092780151993,
            0.22250000000000003,
            0.21966321817439655,
            0.21749999999999997,
            0.21613210586761525,
            0.21303961459091547,
            0.21250000000000002,
            0.20973748560373962
        ]
    },
    "0.997": {
        "f_e_Earth": [
            0.41250000000000003,
            0.4175,
            0.4225,
            0.4275,
            0.4320123115095502,
            0.4275,
            0.4273970277015242,
            0.4225,
            0.42199821085197253,
            0.4175,
            0.41281039288457966,
            0.4125000000000001,
            0.40750000000000003,
            0.4061430926864862,
            0.4025000000000001,
            0.3975,
            0.395341703573422,
            0.3925,
            0.38749999999999996,
            0.3870386000884479,
            0.3875,
            0.38778792709349974,
            0.3925,
            0.3926776580208717,
            0.3975,
            0.39770063378544984,
            0.4025,
            0.40284484677894594,
            0.4075000000000001,
            0.4085910304181747,
            0.41250000000000003
        ],
        "f_mu_Earth": [
            0.20859145082789524,
            0.20770320243666215,
            0.20757838671975043,
            0.20797594843641387,
            0.2125,
            0.2172699614021961,
            0.2175,
            0.22227720646425678,
            0.2225,
            0.22699349621692105,
            0.2275,
            0.2278103928845796,
            0.23228052013932762,
            0.2325,
            0.2361430926864862,
            0.23729757226182815,
            0.2375,
            0.240341703573422,
            0.237961399911552,
            0.2375,
            0.2370154108960872,
            0.2325,
            0.2277836893638039,
            0.2275,
            0.22268118616661858,
            0.2225,
            0.21770551402419214,
            0.2175,
            0.21285261453791873,
            0.21250000000000002,
            0.20859145082789524
        ]
    }
}