{
    "0.68": {
        "f_e_Earth": [
            0.2175,
            0.2225,
            0.2275,
            0.22763130434791737,
            0.22918780161974917,
            0.22749999999999998,
            0.2225,
            0.22057077191947322,
            0.21749999999999997,
            0.2161996193663226,
            0.21249999999999997,
            0.2122522174749081,
            0.21249999999999997,
            0.21745553275315097,
            0.2175
        ],
        "f_mu_Earth": [
            0.5474624673343701,
            0.5462177385441717,
            0.5474245290677586,
            0.5475000000000002,
            0.5525,
            0.5538720602304893,
            0.5569598910379785,
            0.5575000000000001,
            0.5581084198356727,
            0.5575000000000001,
            0.5531019345222776,
            0.5525,
            0.5522116361294467,
            0.5475000000000001,
            0.5474624673343701
        ]
    },
    "0.90": {
        "f_e_Earth": [
            0.2175,
            0.22250000000000003,
            0.22750000000000004,
            0.2325,
            0.23254627665943323,
            0.2335635118037708,
            0.2325,
            0.2275,
            0.22719861046046683,
            0.22250000000000003,
            0.21749999999999997,
            0.2125,
            0.21130763121097704,
            0.20972711838283897,
            0.2125,
            0.2143647590746363,
            0.2175
        ],
        "f_mu_Earth": [
            0.5448536938385102,
            0.5440995956673698,
            0.5446038727890896,
            0.5474560051632531,
            0.5475000000000001,
            0.5525,
            0.5536066215117268,
            0.5573141654631915,
            0.5575000000000001,
            0.5599535338529649,
            0.5605226864453559,
            0.5586960623645174,
            0.5575000000000001,
            0.5525,
            0.5492729811639694,
            0.5475000000000001,
            0.5448536938385102
        ]
    },
    "0.95": {
        "f_e_Earth": [
            0.2175,
            0.2225,
            0.22749999999999998,
            0.2325,
            0.2330742924461726,
            0.23400278293333904,
            0.23250000000000004,
            0.22775242628102216,
            0.2275,
            0.2225,
            0.21749999999999997,
            0.21250000000000002,
            0.21092871624339798,
            0.20950001025567194,
            0.21249999999999997,
            0.21408677401502849,
            0.2175
        ],
        "f_mu_Earth": [
            0.5446190600117791,
            0.5439090892974086,
            0.5443501821648911,
            0.5469540249291138,
            0.5475000000000001,
            0.5525,
            0.5540636986026789,
            0.5575000000000001,
            0.5577106690907572,
            0.5602157157808101,
            0.5607398262676816,
            0.5590761510889506,
            0.5575000000000001,
            0.5525,
            0.5490086777044753,
            0.5475000000000001,
            0.5446190600117791
        ]
    },
    "0.997": {
        "f_e_Earth": [
            0.22249999999999998,
            0.2275,
            0.23199219651065214,
            0.2325,
            0.2375,
            0.23984328040929825,
            0.2408351223898269,
            0.2375,
            0.23630551999270122,
            0.23250000000000004,
            0.2275,
            0.2225,
            0.22249890098906852,
            0.21749999999999997,
            0.21413867002459186,
            0.2125,
            0.2076274351590323,
            0.2075213400302322,
            0.20805473906883992,
            0.2125,
            0.2175,
            0.21847531747502905,
            0.22249999999999998
        ],
        "f_mu_Earth": [
            0.5386086865328568,
            0.538544746147128,
            0.5425,
            0.5425805427669357,
            0.5451567195907018,
            0.5475000000000001,
            0.5525,
            0.555835122389827,
            0.5575000000000001,
            0.5613055199927013,
            0.5623024051666461,
            0.5624999650533804,
            0.5625,
            0.5655894847096375,
            0.5625,
            0.5623876584816743,
            0.5575000000000001,
            0.5525,
            0.5475000000000001,
            0.5430547390688399,
            0.5425748224381381,
            0.5425,
            0.5386086865328568
        ]
    }
}