{
    "0.68": {
        "f_e_Earth": [
            0.1825,
            0.18750000000000003,
            0.19249999999999998,
            0.1975,
            0.2025,
            0.20750000000000002,
            0.21250000000000002,
            0.21749999999999997,
            0.22042153169619108,
            0.22113236838073216,
            0.2175,
            0.2125,
            0.20750000000000002,
            0.2025,
            0.1975,
            0.1925,
            0.1875,
            0.1825,
            0.1775,
            0.17258027798327522,
            0.1775,
            0.17891376447849486,
            0.1825
        ],
        "f_mu_Earth": [
            0.5465071064236662,
            0.5460326208250034,
            0.5459308081945042,
            0.5458988380328149,
            0.5457631710421827,
            0.5458433151193949,
            0.5457941109522455,
            0.5462963878957006,
            0.5475000000000001,
            0.5525,
            0.5546557826094773,
            0.5560656960039456,
            0.5564648381839071,
            0.5567164707106779,
            0.5564866448561228,
            0.5564508213546185,
            0.5564563036973269,
            0.5561760369288706,
            0.555194685287512,
            0.5525,
            0.548424586712218,
            0.5475000000000001,
            0.5465071064236662
        ]
    },
    "0.90": {
        "f_e_Earth": [
            0.1775,
            0.1825,
            0.1875,
            0.1925,
            0.1975,
            0.2025,
            0.20750000000000002,
            0.2125,
            0.2175,
            0.2225,
            0.2235082549886899,
            0.2235997716509707,
            0.2225,
            0.2175,
            0.21333344885773572,
            0.21250000000000002,
            0.20750000000000002,
            0.2025,
            0.1975,
            0.1925,
            0.1875,
            0.18249999999999997,
            0.17749999999999996,
            0.17746972433525982,
            0.17250000000000001,
            0.17046025034268258,
            0.17250000000000001,
            0.17515575007236228,
            0.1775
        ],
        "f_mu_Earth": [
            0.5461252786637507,
            0.5450243806916892,
            0.5446273116083858,
            0.544535150504529,
            0.544495652397191,
            0.5444030606593083,
            0.5444609604004746,
            0.5444334469588277,
            0.5448235267501368,
            0.5465977385483224,
            0.5475000000000001,
            0.5525,
            0.5535679418604154,
            0.5562356305732896,
            0.5575000000000001,
            0.5578693543457466,
            0.558419422415056,
            0.5586479145024617,
            0.5584955674684892,
            0.5584682291420651,
            0.5584560785634753,
            0.5582528259077226,
            0.5575112728778464,
            0.5575000000000001,
            0.5553430060785021,
            0.5525,
            0.5497972287373372,
            0.5475000000000001,
            0.5461252786637507
        ]
    },
    "0.95": {
        "f_e_Earth": [
            0.17250000000000001,
            0.1775,
            0.1825,
            0.1875,
            0.1925,
            0.1975,
            0.2025,
            0.20750000000000002,
            0.2125,
            0.2175,
            0.2225,
            0.22683991736376327,
            0.22672855191652982,
            0.2225,
            0.22044453169907874,
            0.21750000000000003,
            0.21250000000000002,
            0.20750000000000002,
            0.2025,
            0.1975,
            0.1925,
            0.1875,
            0.1825,
            0.1775,
            0.17250000000000001,
            0.16955346809430272,
            0.16758406885085664,
            0.17008215308011682,
            0.17250000000000001
        ],
        "f_mu_Earth": [
            0.5451582887493177,
            0.5435415765860957,
            0.5429733368942649,
            0.5426833575175889,
            0.5426045473008371,
            0.5425546358406467,
            0.5425216297888211,
            0.5425487591005747,
            0.542551250282874,
            0.54278612856386,
            0.5436163195970114,
            0.5475000000000001,
            0.5525,
            0.5566061684001546,
            0.5575000000000001,
            0.5599155159953337,
            0.5610608656946893,
            0.5612412816897756,
            0.5613248745542638,
            0.5612871043193693,
            0.5612750156631474,
            0.5612655082505759,
            0.5611926401379798,
            0.5609503482857617,
            0.5600301608587921,
            0.5575000000000001,
            0.5525,
            0.5475000000000001,
            0.5451582887493177
        ]
    },
    "0.997": {
        "f_e_Earth": [
            0.1825,
            0.1875,
            0.1925,
            0.1975,
            0.2025,
            0.20750000000000002,
            0.2125,
            0.21749999999999997,
            0.22139248742911355,
            0.2225,
            0.22750000000000004,
            0.2299618660378964,
            0.22936023428391628,
            0.22750000000000004,
            0.22340606608941133,
            0.2225,
            0.21750000000000003,
            0.2125,
            0.20750000000000002,
            0.2025,
            0.1975,
            0.1925,
            0.1875,
            0.1825,
            0.1775,
            0.17250000000000001,
            0.1675,
            0.1674741468595124,
            0.16402157877010215,
            0.1675,
            0.16811855432452263,
            0.17250000000000001,
            0.1775,
            0.17983635960062627,
            0.1825
        ],
        "f_mu_Earth": [
            0.5404146155222977,
            0.5392993199525162,
            0.5391171568887856,
            0.5390176872642963,
            0.5389601764772143,
            0.5390082366764261,
            0.5390143951010332,
            0.5395665705044048,
            0.5425,
            0.5426545233528948,
            0.5450381339621037,
            0.5475000000000001,
            0.5525,
            0.5543602342839162,
            0.5575000000000001,
            0.5584060660894115,
            0.5617644822504464,
            0.5620904370761682,
            0.5621516044911578,
            0.5621884533285053,
            0.5621876452035377,
            0.5621804760422824,
            0.5621718213066377,
            0.5621410148317876,
            0.5620597830430315,
            0.5617971090075927,
            0.5575258531404877,
            0.5575000000000001,
            0.5525,
            0.5487863830285789,
            0.5475000000000001,
            0.5432565218260325,
            0.542708082536857,
            0.5425,
            0.5404146155222977
        ]
    }
}