{
    "0.68": {
        "f_e_Earth": [
            0.4425,
            0.4475,
            0.44761764683056937,
            0.4475,
            0.4463744368959915,
            0.44437645422335303,
            0.4425,
            0.4410486191654524,
            0.43774049058520337,
            0.4375,
            0.43392870211756185,
            0.4325,
            0.42981855289512827,
            0.4275,
            0.425686324507348,
            0.4225,
            0.42192597936486964,
            0.4175,
            0.4167421667270334,
            0.41250000000000003,
            0.41057013603228576,
            0.4075000000000001,
            0.4025264757695347,
            0.4025,
            0.3975,
            0.3953306890042845,
            0.39592976688121717,
            0.3975,
            0.39878143513412195,
            0.40187998564463956,
            0.4025000000000001,
            0.40564676919896736,
            0.40750000000000003,
            0.40949774154669094,
            0.4125000000000001,
            0.4140142295475281,
            0.4175,
            0.4186943513853654,
            0.4225,
            0.4234543872195785,
            0.4275,
            0.42882721071071744,
            0.4325,
            0.435217093232723,
            0.4375,
            0.44235618126455756,
            0.4425
        ],
        "f_mu_Earth": [
            0.17240832084533741,
            0.1723243853674592,
            0.17250000000000001,
            0.1730053186362348,
            0.1775,
            0.1825,
            0.18520015861372238,
            0.1875,
            0.1925,
            0.19275475871415387,
            0.1975,
            0.19923383499534353,
            0.2025,
            0.2056263274463803,
            0.20750000000000002,
            0.21198099326965458,
            0.2125,
            0.21685585140151117,
            0.21749999999999997,
            0.22107472676313983,
            0.2225,
            0.22464429905456032,
            0.22749999999999998,
            0.227514665649788,
            0.22932704907191334,
            0.2275,
            0.2225,
            0.21960037985117736,
            0.2175,
            0.2125,
            0.2116909238138908,
            0.20750000000000002,
            0.20499583867030247,
            0.2025,
            0.19894693605731675,
            0.1975,
            0.19371883643502288,
            0.1925,
            0.18839201395670208,
            0.1875,
            0.18358336442032064,
            0.1825,
            0.1793227713541814,
            0.1775,
            0.17564519511953203,
            0.17250000000000001,
            0.17240832084533741
        ]
    },
    "0.90": {
        "f_e_Earth": [
            0.4475,
            0.4525,
            0.45443319418486483,
            0.45339432628372317,
            0.4525,
            0.45047174629600084,
            0.4475,
            0.44737350509846996,
            0.44397396081231166,
            0.4425,
            0.44004585493629167,
            0.4375,
            0.435766671693418,
            0.4325,
            0.43164975174653,
            0.4283552360929286,
            0.42749999999999994,
            0.4250546043627862,
            0.4225,
            0.4206088922972884,
            0.4175,
            0.4150206680069527,
            0.41250000000000003,
            0.40830874229437786,
            0.40750000000000003,
            0.40249999999999997,
            0.39928892886120426,
            0.3975,
            0.3925,
            0.39058383136391883,
            0.3911404800951655,
            0.3925,
            0.3937856433796059,
            0.3960868563355398,
            0.3975000000000001,
            0.39950501672953365,
            0.4025,
            0.40331974591944814,
            0.4067411700363972,
            0.40750000000000003,
            0.4108186956665667,
            0.41250000000000003,
            0.41537549676202623,
            0.4175,
            0.42001416693939775,
            0.4225,
            0.4249990719053991,
            0.4275,
            0.4303754129766284,
            0.4325,
            0.4359967560466561,
            0.4375,
            0.4425,
            0.4429602774196629,
            0.4475
        ],
        "f_mu_Earth": [
            0.16480670349848597,
            0.16371555334661614,
            0.1675,
            0.17250000000000001,
            0.17387798928638898,
            0.1775,
            0.18225859334972888,
            0.1825,
            0.1875,
            0.18902398484498933,
            0.1925,
            0.1951968986309528,
            0.1975,
            0.2014643461227676,
            0.2025,
            0.20750000000000002,
            0.2086477824461045,
            0.2125,
            0.2156392975349752,
            0.2175,
            0.22039907568678024,
            0.2225,
            0.22455776368669114,
            0.22749999999999998,
            0.2281488145779769,
            0.2308238775725513,
            0.2325,
            0.2335604155697111,
            0.23518655349134676,
            0.23249999999999998,
            0.22750000000000004,
            0.22532767008552235,
            0.22250000000000003,
            0.21749999999999997,
            0.21571305849788086,
            0.21250000000000002,
            0.2085917523586675,
            0.20750000000000002,
            0.2025,
            0.2016555824884548,
            0.1975,
            0.1956366408944084,
            0.1925,
            0.1902138036470307,
            0.1875,
            0.18492530210025604,
            0.1825,
            0.1800305316542244,
            0.1775,
            0.17547567589886734,
            0.1725,
            0.17116583374962252,
            0.16772825787696263,
            0.1675,
            0.16480670349848597
        ]
    },
    "0.95": {
        "f_e_Earth": [
            0.4475,
            0.4525,
            0.4575,
            0.4586548030762561,
            0.45783397624842453,
            0.4575,
            0.4557197006241136,
            0.4525,
            0.4524781359027718,
            0.4497695662796184,
            0.4475,
            0.44574789744514015,
            0.4425,
            0.44134080011244925,
            0.4375,
            0.43679907675991236,
            0.43313127883842334,
            0.4325,
            0.43034711401424486,
            0.4275,
            0.4267515760737548,
            0.4229168039537715,
            0.4225,
            0.4175,
            0.41735305664432665,
            0.41250000000000003,
            0.41102110385129165,
            0.40750000000000003,
            0.4029475980848961,
            0.40249999999999997,
            0.3975,
            0.39258492218026636,
            0.3925,
            0.3923634965997851,
            0.38890870543300643,
            0.3894826897216316,
            0.3925,
            0.39258126872872406,
            0.3943962349791218,
            0.3975,
            0.39817097400492546,
            0.40130381046105906,
            0.40249999999999997,
            0.40467455574159406,
            0.4075,
            0.40898212472061635,
            0.41250000000000003,
            0.41350952090720494,
            0.4175,
            0.41815388898438294,
            0.4225,
            0.4230136853895148,
            0.4275,
            0.42814782030517745,
            0.4325,
            0.43350261500579695,
            0.4375,
            0.43959035236615046,
            0.4425,
            0.44636172666048357,
            0.4475
        ],