{
    "0.68": {
        "f_e_Earth": [
            0.4174999999999999,
            0.4225,
            0.42700881130377344,
            0.4225,
            0.4216035547675948,
            0.4175,
            0.4143820775764969,
            0.41250000000000003,
            0.40750000000000003,
            0.4059962526110764,
            0.4025,
            0.3975,
            0.39729700042353466,
            0.39250000000000007,
            0.3907842773804779,
            0.3925,
            0.3954111694753455,
            0.3975,
            0.4010761384974136,
            0.4025,
            0.40750000000000003,
            0.4075733605327348,
            0.41250000000000003,
            0.4159344495436057,
            0.4174999999999999
        ],
        "f_mu_Earth": [
            0.2114984142957469,
            0.21003987638251592,
            0.2125,
            0.21606858107990093,
            0.2175,
            0.2202856687533886,
            0.2225,
            0.22401716075162856,
            0.22640067477621512,
            0.22749999999999998,
            0.22992226547173422,
            0.23233378151145861,
            0.2325,
            0.23437136785938134,
            0.23249999999999998,
            0.23065846836068893,
            0.2275,
            0.22547985379433624,
            0.2225,
            0.22112379225803105,
            0.2175531720336793,
            0.2175,
            0.21385312010933033,
            0.21250000000000002,
            0.2114984142957469
        ]
    },
    "0.90": {
        "f_e_Earth": [
            0.4175,
            0.4225,
            0.4275,
            0.4292947349401546,
            0.43111617930538315,
            0.4275,
            0.4257738613329247,
            0.4225,
            0.4175,
            0.41742189303095667,
            0.41250000000000003,
            0.41016904924039577,
            0.40750000000000003,
            0.4025000000000001,
            0.40138051348484455,
            0.39749999999999996,
            0.3925,
            0.38802493244854186,
            0.3875,
            0.38739994223460966,
            0.38749999999999996,
            0.38813129568927257,
            0.3925,
            0.3927866045606365,
            0.3975,
            0.3980299533974596,
            0.4025,
            0.40345291483250545,
            0.4075,
            0.4092442573737624,
            0.41250000000000003,
            0.4162970781859741,
            0.4175
        ],
        "f_mu_Earth": [
            0.2064881532838558,
            0.2046275394722697,
            0.20513955681288093,
            0.20750000000000002,
            0.2125,
            0.21604605963287854,
            0.2175,
            0.22053629427284127,
            0.22244452886292904,
            0.2225,
            0.2264675850897604,
            0.2275,
            0.2300420417337656,
            0.2319351864708723,
            0.23250000000000004,
            0.2358810060383122,
            0.2372650201385777,
            0.2375,
            0.23760006988381163,
            0.2375,
            0.23730755193928454,
            0.2325,
            0.22781095112959443,
            0.22749999999999998,
            0.22294158906132508,
            0.2225,
            0.2181795568036612,
            0.2175,
            0.21358677255469793,
            0.21250000000000002,
            0.20947320123101193,
            0.20750000000000002,
            0.2064881532838558
        ]
    },
    "0.95": {
        "f_e_Earth": [
            0.4175,
            0.4225,
            0.4275,
            0.43126288071090435,
            0.4318624936893857,
            0.4275,
            0.42664271567745343,
            0.4225,
            0.419379086807102,
            0.4175,
            0.41250000000000003,
            0.4112234414404884,
            0.40750000000000003,
            0.4025,
            0.40214087926273506,
            0.3975000000000001,
            0.3939221789913241,
            0.3925,
            0.38749999999999996,
            0.3853980313989679,
            0.3875,
            0.38762568492798805,
            0.39136108055537444,
            0.39250000000000007,
            0.39721537252858957,
            0.3975,
            0.4025,
            0.40266608119828384,
            0.40750000000000003,
            0.4080231676723946,
            0.41250000000000003,
            0.41411254214812054,
            0.4175
        ],
        "f_mu_Earth": [
            0.20465061439277601,
            0.2026330356664642,
            0.20255104294830797,
            0.20750000000000002,
            0.2125,
            0.21677790257733887,
            0.2175,
            0.2213421003843264,
            0.2225,
            0.22437040401714775,
            0.22693459204995922,
            0.2275,
            0.2310462603655638,
            0.23231881313597655,
            0.23250000000000004,
            0.23654349601455227,
            0.2375,
            0.23891948372417177,
            0.23960222317938504,
            0.2375,
            0.23345713756573233,
            0.2325,
            0.2275,
            0.22635874821333438,
            0.22250000000000003,
            0.22221593373950918,
            0.2176184382952223,
            0.2175,
            0.21282596351686173,
            0.2125,
            0.20833797857086098,
            0.20750000000000002,
            0.20465061439277601
        ]
    },
    "0.997": {
        "f_e_Earth": [
            0.4275,
            0.42869073105608935,
            0.43237587779514125,
            0.4325,
            0.43593140134664354,
            0.4353349820829311,
            0.4325,
            0.42971275252408836,
            0.4275,
            0.4225,
            0.42196512676447984,
            0.4175,
            0.41250000000000003,
            0.4124788817803791,
            0.40750000000000003,
            0.4061827273661497,
            0.4025000000000001,
            0.3975,
            0.39687274294409297,
            0.3925,
            0.3875,
            0.38301440259394776,
            0.38357149545613956,
            0.3875,
            0.3881853444906888,
            0.3925,
            0.3933266905143147,
            0.3975,
            0.3985364114758806,
            0.4025,
            0.40376058912452945,
            0.40750000000000003,
            0.40931089888587013,
            0.4125,
            0.41713392562177004,
            0.4175,
            0.4225,
            0.4266721114994374,
            0.4275
        ],
        "f_mu_Earth": [
            0.19670709655327429,
            0.1975,
            0.2025,
            0.20275179619483355,
            0.20750000000000002,
            0.2125,
            0.21533498208293106,
            0.21749999999999997,
            0.2197127525240884,
            0.22230155503355484,
            0.2225,
            0.22694449453095608,
            0.22749064640695457,
            0.2275,
            0.23224196020127838,
            0.2325,
            0.2361827273661497,
            0.2373323074652364,
            0.2375,
            0.241864455864552,
            0.24198614067582286,
            0.2375,
            0.2325,
            0.22857149545613958,
            0.2275,
            0.22317650870122158,
            0.22250000000000003,
            0.2183349191889496,
            0.21749999999999997,
            0.21353899677618163,
            0.2125,
            0.2087605891245294,
            0.20750000000000002,
            0.2043108988858701,
            0.2025,
            0.20213392562177007,
            0.19839198138844927,
            0.19750000000000004,
            0.19670709655327429
        ]
    }
}