{
    "0.68": {
        "f_e_Earth": [
            0.35250000000000004,
            0.3536683173748776,
            0.35250000000000004,
            0.3502791891180966,
            0.34750000000000003,
            0.3443715208085839,
            0.34750000000000003,
            0.3476209643425988,
            0.35250000000000004
        ],
        "f_mu_Earth": [
            0.3259196085268678,
            0.3275,
            0.32901502891333134,
            0.3325,
            0.33536373288066024,
            0.3325,
            0.32754269570348665,
            0.3275,
            0.3259196085268678
        ]
    },
    "0.90": {
        "f_e_Earth": [
            0.35250000000000004,
            0.35305090078108586,
            0.3563048959068698,
            0.35250000000000004,
            0.35245796818873015,
            0.34788728816199754,
            0.34750000000000003,
            0.3425,
            0.33903984097538314,
            0.3410456515786795,
            0.3425,
            0.34432042864957024,
            0.34750000000000003,
            0.35214972021446195,
            0.35250000000000004
        ],
        "f_mu_Earth": [
            0.3221671713079214,
            0.3225,
            0.3275,
            0.33243404226888956,
            0.3325,
            0.3375,
            0.3378869972249216,
            0.3413349647817586,
            0.3375,
            0.3325,
            0.33102506344353744,
            0.3275,
            0.3242801417780444,
            0.32250000000000006,
            0.3221671713079214
        ]
    },
    "0.95": {
        "f_e_Earth": [
            0.35250000000000004,
            0.3573639056735705,
            0.35715516377612966,
            0.355215231016044,
            0.35250000000000004,
            0.35046469909592437,
            0.34750000000000003,
            0.3425,
            0.3381619438909363,
            0.33906608717597947,
            0.3425,
            0.34328366148195893,
            0.34750000000000003,
            0.3494073780711331,
            0.35250000000000004
        ],
        "f_mu_Earth": [
            0.319561453860099,
            0.3225,
            0.3275,
            0.3325,
            0.3352175201769807,
            0.3375,
            0.3404624719664366,
            0.34230795601623953,
            0.3375,
            0.3325,
            0.32901747581143265,
            0.3275,
            0.3232302382152778,
            0.3225,
            0.319561453860099
        ]
    },
    "0.997": {
        "f_e_Earth": [
            0.34750000000000003,
            0.35250000000000004,
            0.3575,
            0.36188024500164284,
            0.3612790680018179,
            0.3575,
            0.3572280961170733,
            0.35250000000000004,
            0.3522610961737972,
            0.34750000000000003,
            0.34670716267235036,
            0.3425,
            0.3375,
            0.33451866101950833,
            0.3375,
            0.3375500694954278,
            0.3376863755973321,
            0.3425,
            0.34256105823471744,
            0.34742423946635215,
            0.34750000000000003
        ],
        "f_mu_Earth": [
            0.3224242394663521,
            0.3177453277827961,
            0.3181197549983572,
            0.3225,
            0.3275,
            0.33127906800181794,
            0.3325,
            0.3372320822872637,
            0.3375,
            0.3422575195620265,
            0.3425,
            0.34670716267235036,
            0.3454813389804917,
            0.3425,
            0.33895432426195155,
            0.3375,
            0.3325,
            0.32761823267623263,
            0.3275,
            0.3225,
            0.3224242394663521
        ]
    }
}