{
    "0.68": {
        "f_e_Earth": [
            0.1875,
            0.1925,
            0.19463265531597213,
            0.1943521857101291,
            0.19341675113585818,
            0.1925,
            0.1910538893428684,
            0.18892427093496778,
            0.1875,
            0.18583283557591587,
            0.18332581989945912,
            0.1825,
            0.17971224375490868,
            0.1775,
            0.1763650331519209,
            0.1729780588259884,
            0.17250000000000001,
            0.16841688657466214,
            0.1675,
            0.16328134211182832,
            0.1625,
            0.1575,
            0.15602029646474236,
            0.1566855338209001,
            0.1575,
            0.158093837580226,
            0.16012319659958074,
            0.16222763544302232,
            0.1625,
            0.16490133225768877,
            0.16712362157863414,
            0.1675,
            0.1699639899713264,
            0.17250000000000001,
            0.17262568934215997,
            0.1763582656781185,
            0.1775,
            0.1800629111057851,
            0.1825,
            0.18461047519712004,
            0.1875
        ],
        "f_mu_Earth": [
            0.5198085864294245,
            0.5176885116240912,
            0.5225,
            0.5275000000000001,
            0.5325,
            0.5347143048920638,
            0.5375000000000001,
            0.5425,
            0.545049092895669,
            0.5475000000000001,
            0.5525,
            0.5537364972236133,
            0.5575000000000001,
            0.5610784692985917,
            0.5625,
            0.5675000000000001,
            0.5681209083223789,
            0.5725,
            0.5736477078524396,
            0.5775,
            0.5784582787599245,
            0.5820224650843957,
            0.5775,
            0.5725,
            0.5692195289119367,
            0.5675000000000001,
            0.5625,
            0.5575000000000001,
            0.5569005674711704,
            0.5525,
            0.5475000000000001,
            0.5467808591669838,
            0.5425,
            0.5376710743239553,
            0.5375000000000001,
            0.5325,
            0.5308496550761834,
            0.5275000000000001,
            0.524428093793617,
            0.5225,
            0.5198085864294245
        ]
    },
    "0.90": {
        "f_e_Earth": [
            0.1875,
            0.1925,
            0.1975,
            0.198616390682114,
            0.1984912746644181,
            0.1975,
            0.19710694732823272,
            0.19576228644292543,
            0.1940630669051473,
            0.1925,
            0.19117373838894017,
            0.18883785978278003,
            0.1875,
            0.18571979055237192,
            0.1825,
            0.18236739448582298,
            0.17958179968598337,
            0.1775,
            0.1756531288462736,
            0.17250000000000001,
            0.17165646651869945,
            0.16772062618781608,
            0.16750000000000004,
            0.1634985442173385,
            0.16250000000000003,
            0.1586210798229262,
            0.15750000000000003,
            0.15319400754847398,
            0.1525,
            0.1475,
            0.1468375679591085,
            0.1473810255873522,
            0.1475,
            0.1489735348142055,
            0.15056075548589093,
            0.15213539452300018,
            0.1525,
            0.15434911371657184,
            0.15615566320320518,
            0.15749999999999997,
            0.15899561889375924,
            0.16116339250501274,
            0.16249999999999998,
            0.1640805067530753,
            0.16652579439298562,
            0.1675,
            0.16960886182855622,
            0.17250000000000001,
            0.17289713934479123,
            0.1762589322548325,
            0.1775,
            0.18040143308702034,
            0.1825,
            0.1853458690884629,
            0.1875
        ],
        "f_mu_Earth": [
            0.5155242583207954,
            0.5129583774837192,
            0.514767519035402,
            0.5175000000000001,
            0.5225,
            0.5258092401939034,
            0.5275000000000001,
            0.5325,
            0.5375000000000001,
            0.5398148816691035,
            0.5425,
            0.5475000000000001,
            0.549223701399437,
            0.5525,
            0.5573209810410621,
            0.5575000000000001,
            0.5625,
            0.5649606784441812,
            0.5675000000000001,
            0.571595320148386,
            0.5725,
            0.5775,
            0.5777308139264887,
            0.5825,
            0.5835559587726326,
            0.5874999999999999,
            0.588708772442596,
            0.5925,
            0.5932148270260261,
            0.5944287886364317,
            0.5925,
            0.5874999999999998,
            0.5871222770395657,
            0.5825,
            0.5775000000000001,
            0.5725000000000001,
            0.5718195959892731,
            0.5675000000000001,
            0.5625,
            0.5602462738557327,
            0.5575000000000001,
            0.5525,
            0.5503830873864626,
            0.5475000000000001,
            0.5425,
            0.541145466224748,
            0.5375000000000001,
            0.5330273604091218,
            0.5325,
            0.5275000000000001,
            0.5260762652585644,
            0.5225,
            0.5201934947722671,
            0.5175000000000001,
            0.5155242583207954
        ]
    },
    "0.95": {
        "f_e_Earth": [
            0.1925,
            0.1975,
            0.1989070326683845,
            0.20040418142682845,
            0.2002326853174145,
            0.19921667966337314,
            0.1975,
            0.19691298685946662,
            0.19557169785109868,
            0.1925,
            0.192277308703351,
            0.1905155047449082,
            0.1875,
            0.18689425295299913,
            0.1846039163429617,
            0.1825,
            0.18110838340003413,
            0.1775,
            0.17696549629490857,
            0.17385459523801927,
            0.17250000000000001,
            0.1698845382165605,
            0.1675,
            0.16539795239852892,
            0.1625,
            0.16059653582931954,
            0.1575,
            0.15561319091764442,
            0.1525,
            0.14985356804282102,
            0.1475,
            0.1434136280594647,
            0.14390685273398704,
            0.14495905104794252,
            0.14634174958388882,
            0.14750000000000002,
            0.14856429125809123,
            0.150000886734247,
            0.1525,
            0.15264396637801536,
            0.1544189675610021,
            0.15729917129365273,
            0.1575,
            0.15944389699092143,
            0.1625,
            0.1625875795365025,
            0.16471373245633555,
            0.16749999999999998,
            0.16815136607278192,
            0.17066108032131852,
            0.17250000000000004,
            0.17441650783460336,
            0.1775,
            0.17868666216330636,
            0.1825,
            0.18335456991126975,
            0.1875,
            0.18975466617404851,
            0.1925
        ],