{
    "0.68": {
        "f_e_Earth": [
            0.3575,
            0.36065343536050876,
            0.3602417397096708,
            0.3575,
            0.3559654986333136,
            0.35289900140149244,
            0.35250000000000004,
            0.3511682468323775,
            0.34998639443686913,
            0.34874290631364524,
            0.34750000000000003,
            0.3425,
            0.3411623702603939,
            0.34097008554645397,
            0.3425,
            0.34250984745608504,
            0.3447409302056741,
            0.34750000000000003,
            0.34878857703082106,
            0.35250000000000004,
            0.35279025846204387,
            0.35734625547759447,
            0.3575
        ],
        "f_mu_Earth": [
            0.29734625547759447,
            0.2975,
            0.3025,
            0.30557944324652514,
            0.3075,
            0.3125,
            0.31385818128357995,
            0.3175,
            0.3225,
            0.3275,
            0.32882518032933783,
            0.3315558476015574,
            0.3275,
            0.3225,
            0.317514433043667,
            0.3175,
            0.3125,
            0.3091429904077192,
            0.3075,
            0.30270960690014137,
            0.3025,
            0.2975,
            0.29734625547759447
        ]
    },
    "0.90": {
        "f_e_Earth": [
            0.3575,
            0.3625,
            0.36524661508395684,
            0.3625,
            0.36150144789864475,
            0.3575,
            0.35709596089601425,
            0.3556235629187935,
            0.3548010769558987,
            0.3545495717496203,
            0.3525304855575341,
            0.35250000000000004,
            0.34800232588045504,
            0.34750000000000003,
            0.3425,
            0.3379681578693285,
            0.3380031824273477,
            0.3388950425929246,
            0.3397141596030321,
            0.3425,
            0.34347221093871105,
            0.34750000000000003,
            0.3475778930711608,
            0.3498903374041014,
            0.35250000000000004,
            0.35464352200524707,
            0.3575
        ],
        "f_mu_Earth": [
            0.29464352200524707,
            0.29404492671951055,
            0.2975,
            0.30024725337148994,
            0.3025,
            0.3069943112813882,
            0.3075,
            0.3125,
            0.3175,
            0.3225,
            0.3275,
            0.3275309836018962,
            0.3325,
            0.3329946956139165,
            0.33550877655549727,
            0.3325,
            0.3275,
            0.3225,
            0.3175,
            0.3146718374008393,
            0.3125,
            0.3075993169718875,
            0.3075,
            0.3025,
            0.2998903374041013,
            0.2975,
            0.29464352200524707
        ]
    },
    "0.95": {
        "f_e_Earth": [
            0.3575,
            0.3625,
            0.3656282694170072,
            0.3625,
            0.36167065924975567,
            0.3575,
            0.35724781118048954,
            0.35598954191262927,
            0.3553100242897945,
            0.35509007761964395,
            0.3533727551647136,
            0.35250000000000004,
            0.34877715591506847,
            0.3475000000000001,
            0.3425,
            0.3375,
            0.3372056750013196,
            0.3375,
            0.3375788218918506,
            0.3386163107208503,
            0.3393391488356545,
            0.3425,
            0.34330178916704807,
            0.3470198135111418,
            0.34750000000000003,
            0.34948548751750075,
            0.35250000000000004,
            0.35428047508172017,
            0.3575
        ],
        "f_mu_Earth": [
            0.2942804750817201,
            0.29356482898167763,
            0.2975,
            0.30062899639742063,
            0.3025,
            0.3071843646079589,
            0.3075,
            0.3125,
            0.3175,
            0.3225,
            0.3275,
            0.3283870134176195,
            0.3325,
            0.33375775607838387,
            0.3359571241720433,
            0.3329070970694736,
            0.3325,
            0.3293857577395498,
            0.3275,
            0.3225,
            0.3175,
            0.3142911295082644,
            0.3125,
            0.3075,
            0.3070198135111418,
            0.3025,
            0.2994854875175007,
            0.2975,
            0.2942804750817201
        ]
    },
    "0.997": {
        "f_e_Earth": [
            0.36250000000000004,
            0.3664797640012759,
            0.3672801685447158,
            0.3625,
            0.36240304994754874,
            0.36161207154026964,
            0.35879386382025596,
            0.35771044511926775,
            0.35749999999999993,
            0.3574295274775221,
            0.3570183168914071,
            0.35250000000000004,
            0.3521308216472778,
            0.34750000000000003,
            0.3455314645444947,
            0.3425,
            0.3375,
            0.3344951008259118,
            0.333052673228206,
            0.3331103577388006,
            0.33570249303330063,
            0.3375,
            0.33771600478653274,
            0.3425,
            0.3425641594545736,
            0.3430308441240399,
            0.34750000000000003,
            0.3477331920065776,
            0.35250000000000004,
            0.3527091136576323,
            0.3575,
            0.3585720940079187,
            0.36250000000000004
        ],
        "f_mu_Earth": [
            0.2885720940079187,
            0.2925,
            0.2975,
            0.30228127941096217,
            0.3025,
            0.3075,
            0.3125,
            0.3175,
            0.3183127748447966,
            0.3225,
            0.3275,
            0.33209213290253076,
            0.3325,
            0.3370604800526356,
            0.3375,
            0.3405314645444947,
            0.34050489917408827,
            0.3375,
            0.3325,
            0.3275,
            0.3225,
            0.32070249303330056,
            0.3175,
            0.3126433268208697,
            0.3125,
            0.3075,
            0.30303084412403986,
            0.3025,
            0.2977331920065776,
            0.2975,
            0.2927091136576322,
            0.2925,
            0.2885720940079187
        ]
    }
}