{
    "0.68": {
        "f_e_Earth": [
            0.2025,
            0.20750000000000002,
            0.21249999999999997,
            0.21749999999999997,
            0.2225,
            0.22289980191788372,
            0.22555933665441402,
            0.2262779063381269,
            0.2259238376031933,
            0.22513103321326916,
            0.22403535877884984,
            0.22272152594729822,
            0.2225,
            0.22043884089158078,
            0.21814852863328324,
            0.2175,
            0.21565996631910955,
            0.2125,
            0.2122224922014418,
            0.20750000000000002,
            0.20476120987612803,
            0.2025,
            0.197504303762043,
            0.1975,
            0.1925,
            0.18768440188974195,
            0.1875,
            0.18732166895436478,
            0.1825,
            0.1775,
            0.17250000000000001,
            0.17109660226491125,
            0.17073830638871185,
            0.17187605495615738,
            0.17250000000000004,
            0.1739835789755958,
            0.17652205114276973,
            0.1775,
            0.1790875341573514,
            0.18172250261884018,
            0.1825,
            0.1852788069911284,
            0.1875,
            0.18950681180776324,
            0.1925,
            0.19460765649599676,
            0.1975,
            0.20199484345982888,
            0.2025
        ],
        "f_mu_Earth": [
            0.5172573625614278,
            0.516429801177382,
            0.515922013314534,
            0.5159539217651203,
            0.5171683943608766,
            0.5175000000000001,
            0.5225,
            0.5275000000000001,
            0.5325,
            0.5375000000000001,
            0.5425,
            0.5475000000000001,
            0.5481480180743251,
            0.5525,
            0.5575000000000001,
            0.5592693750387057,
            0.5625,
            0.5673593397664817,
            0.5675000000000001,
            0.5708783479529707,
            0.5725,
            0.573807190293502,
            0.5725,
            0.5724982969775965,
            0.5714560280849533,
            0.5725,
            0.57252739218969,
            0.5725,
            0.5714631278266278,
            0.5701888031680562,
            0.5708132848783298,
            0.5675000000000001,
            0.5625,
            0.5575000000000001,
            0.555520031835018,
            0.5525,
            0.5475000000000001,
            0.5454318549536505,
            0.5425,
            0.5375000000000001,
            0.5362252734076486,
            0.5325,
            0.5295123693037692,
            0.5275000000000001,
            0.5243009638594778,
            0.5225,
            0.5203108929557937,
            0.5175000000000001,
            0.5172573625614278
        ]
    },
    "0.90": {
        "f_e_Earth": [
            0.20750000000000002,
            0.21250000000000002,
            0.2175,
            0.22242724667675626,
            0.2225,
            0.2275,
            0.22819973920933975,
            0.22945315916717446,
            0.229665107576843,
            0.22934517523847003,
            0.2285806495816751,
            0.22750000000000004,
            0.22718239590408018,
            0.2257517251464713,
            0.22420103400591007,
            0.2225,
            0.22201996588528633,
            0.21991774133776915,
            0.2175,
            0.2174420372268684,
            0.21443078814688993,
            0.21250000000000002,
            0.2108133491831619,
            0.20750000000000002,
            0.20707213289951235,
            0.2025,
            0.2001228194449452,
            0.19750000000000004,
            0.19250000000000003,
            0.1875,
            0.18250000000000002,
            0.1775,
            0.17250000000000001,
            0.16833494629488205,
            0.1675,
            0.1625,
            0.16235554430976545,
            0.16201959874427807,
            0.16228522332123377,
            0.1625,
            0.16401891569284544,
            0.16550488869693164,
            0.1675,
            0.16772412819613644,
            0.16995361243011312,
            0.1721677341717931,
            0.17250000000000001,
            0.17525144059579217,
            0.1775,
            0.17854844547788812,
            0.18148537237474538,
            0.1825,
            0.18544625418976524,
            0.1875,
            0.19002143170819352,
            0.1925,
            0.19560163217869156,
            0.1975,
            0.2025,
            0.20665973012782066,
            0.20750000000000002
        ],
        "f_mu_Earth": [
            0.5122964520180494,
            0.5118289379755308,
            0.5117691511561098,
            0.5125,
            0.5125142597231931,
            0.5164197984542626,
            0.5175000000000001,
            0.5225,
            0.5275000000000001,
            0.5325,
            0.5375000000000001,
            0.5412826192331058,
            0.5425,
            0.5475000000000001,
            0.5525,
            0.5565206258321511,
            0.5575000000000001,
            0.5625,
            0.5674181637960709,
            0.5675000000000001,
            0.5725,
            0.5757721289508593,
            0.5775,
            0.5821372380193458,
            0.5825,
            0.5868237080960589,
            0.5874999999999999,
            0.5883668325257762,
            0.5887756639023443,
            0.588363381685497,
            0.5878351416378158,
            0.587545980511747,
            0.5881060263327552,
            0.5874999999999999,
            0.5873607015787101,
            0.5830452124278814,
            0.5825,
            0.5775,
            0.5725,
            0.5718558323043504,
            0.5675000000000001,
            0.5625,
            0.5579574229836655,
            0.5575000000000001,
            0.5525,
            0.5475000000000001,
            0.5470432420542894,
            0.5425,
            0.5391277485987077,
            0.5375000000000001,
            0.5325,
            0.5312813389760364,
            0.5275000000000001,
            0.5251410354516808,
            0.5225,
            0.5200467037588795,
            0.5175000000000001,
            0.5159575987318972,
            0.5134714389836658,
            0.5125,
            0.5122964520180494
        ]
    },