{
    "0.68": {
        "f_e_Earth": [
            0.34750000000000003,
            0.35250000000000004,
            0.35453596235366486,
            0.35250000000000004,
            0.3506454460823657,
            0.34750000000000003,
            0.34549574457459775,
            0.3425,
            0.3389938053016064,
            0.3406158609389455,
            0.3425,
            0.3447674464374567,
            0.34750000000000003
        ],
        "f_mu_Earth": [
            0.32441319652311484,
            0.3227325638838974,
            0.3275,
            0.3298977351391559,
            0.3325,
            0.3355686338538806,
            0.3375,
            0.340201734967741,
            0.3375,
            0.3325,
            0.33011407491522515,
            0.3275,
            0.32441319652311484
        ]
    },
    "0.90": {
        "f_e_Earth": [
            0.34750000000000003,
            0.35250000000000004,
            0.3575,
            0.35848117745093955,
            0.3575,
            0.356778492661822,
            0.3526177527252513,
            0.3525,
            0.34750000000000003,
            0.34740124492437674,
            0.3425,
            0.34039061568367335,
            0.3375,
            0.3353408932967239,
            0.33574088223553117,
            0.3375,
            0.3385671392407736,
            0.3425,
            0.3425171184361122,
            0.3459662265974436,
            0.34750000000000003
        ],
        "f_mu_Earth": [
            0.32089319415152984,
            0.31884639732062436,
            0.32147400012370236,
            0.3225,
            0.32407911257974764,
            0.3275,
            0.3325,
            0.3326177723761789,
            0.33740483637594343,
            0.3375,
            0.34192022491167473,
            0.3425,
            0.3446720394141166,
            0.3425,
            0.3375,
            0.33556016060455496,
            0.3325,
            0.3275197353611929,
            0.3275,
            0.3225,
            0.32089319415152984
        ]
    },
    "0.95": {
        "f_e_Earth": [
            0.34750000000000003,
            0.35250000000000004,
            0.3575,
            0.3590596721297061,
            0.3575,
            0.3569748589239964,
            0.35332061426834555,
            0.35250000000000004,
            0.34782120553475654,
            0.34750000000000003,
            0.3425,
            0.34093810003350744,
            0.3375,
            0.3349319571879419,
            0.33527436919473963,
            0.3375,
            0.33838774375138275,
            0.341834471835199,
            0.3425,
            0.34542332865992253,
            0.34750000000000003
        ],
        "f_mu_Earth": [
            0.3203244454826084,
            0.3185116454926555,
            0.3208690784876773,
            0.3225,
            0.3250101452116967,
            0.3275,
            0.3325,
            0.3333207512149136,
            0.3375,
            0.33782110554756034,
            0.34207070379066556,
            0.3425,
            0.34508342498611366,
            0.3425,
            0.3375,
            0.3350457206999079,
            0.3325,
            0.3275,
            0.32677504370455085,
            0.3225,
            0.3203244454826084
        ]
    },
    "0.997": {
        "f_e_Earth": [
            0.34750000000000003,
            0.35250000000000004,
            0.35712014061659664,
            0.3575,
            0.362169611902183,
            0.36162746387304306,
            0.3575,
            0.357099140065807,
            0.35250000000000004,
            0.3520520845306312,
            0.34750000000000003,
            0.346577107370085,
            0.3425,
            0.3375,
            0.33273355032996543,
            0.33276643348990276,
            0.3353598578774846,
            0.3375,
            0.3379162562286688,
            0.3425,
            0.3425047540381263,
            0.3454109954275929,
            0.34750000000000003
        ],
        "f_mu_Earth": [
            0.3154109954275929,
            0.3134435421605725,
            0.3175,
            0.31761706956839475,
            0.3225,
            0.3275,
            0.33162846209075597,
            0.3325,
            0.3370999075840824,
            0.3375,
            0.34205066752463453,
            0.3425,
            0.346577107370085,
            0.34729499995669916,
            0.3425,
            0.3375,
            0.3325,
            0.33035985787748456,
            0.3275,
            0.3225069522531085,
            0.3225,
            0.3175,
            0.3154109954275929
        ]
    }
}