{
    "0.68": {
        "f_e_Earth": [
            0.3575,
            0.35906638532560603,
            0.35750000000000004,
            0.3556850100637689,
            0.35250000000000004,
            0.35237429380784313,
            0.35030358169792797,
            0.34863452852165,
            0.3482341101087509,
            0.34750000000000003,
            0.3434268978568628,
            0.3425,
            0.34132958839388317,
            0.34104086662020267,
            0.34083960479066183,
            0.341961849111197,
            0.3425,
            0.3447189889372331,
            0.34750000000000003,
            0.3490429587271693,
            0.35250000000000004,
            0.354581434370841,
            0.3575
        ],
        "f_mu_Earth": [
            0.3002661752113145,
            0.3025,
            0.30436682350540095,
            0.3075,
            0.3123849298114938,
            0.3125,
            0.3175,
            0.3225,
            0.3275,
            0.32830488498439914,
            0.3325000000000001,
            0.33329469916350696,
            0.3325,
            0.3275,
            0.3225,
            0.3175,
            0.31695158352493935,
            0.3125,
            0.3091412326256723,
            0.3075,
            0.30347470426137724,
            0.3025,
            0.3002661752113145
        ]
    },
    "0.90": {
        "f_e_Earth": [
            0.3575,
            0.3577917587779169,
            0.3610523554016781,
            0.3575,
            0.35705610244177816,
            0.35549494269779425,
            0.3543760110811247,
            0.3540150852777978,
            0.35250000000000004,
            0.35208595774293466,
            0.34754528662935125,
            0.34750000000000003,
            0.3425,
            0.3395679098273421,
            0.3375,
            0.3367025967595752,
            0.3361845704962755,
            0.3370787566997306,
            0.3375,
            0.33869821107253295,
            0.3393816569390848,
            0.3425,
            0.3434083016259221,
            0.34750000000000003,
            0.3475547615646043,
            0.350625154510111,
            0.35250000000000004,
            0.3573451290446618,
            0.3575
        ],
        "f_mu_Earth": [
            0.29734512904466176,
            0.2975,
            0.3025,
            0.30673370958280977,
            0.3075,
            0.3125,
            0.3175,
            0.3225,
            0.3261917488889565,
            0.3275,
            0.3325000000000001,
            0.33254518376364006,
            0.3368102552226553,
            0.3375,
            0.33835049245236315,
            0.3375,
            0.3325,
            0.3275,
            0.3269646647052773,
            0.3225,
            0.3175,
            0.3143221724704371,
            0.3125,
            0.3075582494300585,
            0.3075,
            0.3025,
            0.30062515451011096,
            0.2975,
            0.29734512904466176
        ]
    },
    "0.95": {
        "f_e_Earth": [
            0.3575,
            0.3590545971233065,
            0.361252733177502,
            0.35750000000000004,
            0.35719444110280063,
            0.35581461502605866,
            0.35484361183088686,
            0.3545190467326569,
            0.35250000000000004,
            0.3524745963589186,
            0.34823236077219094,
            0.34750000000000003,
            0.3425,
            0.34107576552178304,
            0.3375,
            0.3361211550540702,
            0.335674799258165,
            0.3364452721527019,
            0.3375,
            0.33848215156812667,
            0.3391213241300081,
            0.3425,
            0.343276057635237,
            0.34703717011723395,
            0.34750000000000003,
            0.35019278013010763,
            0.35250000000000004,
            0.35667479109498784,
            0.3575
        ],
        "f_mu_Earth": [
            0.29667479109498784,
            0.2975,
            0.3025,
            0.30697252051633483,
            0.3075,
            0.3125,
            0.3175,
            0.3225,
            0.32741973200536373,
            0.3275,
            0.3325,
            0.3332306972610673,
            0.33716496313714184,
            0.3375,
            0.3389706451642554,
            0.3375,
            0.3325,
            0.3275,
            0.3261596035055644,
            0.3225,
            0.3175,
            0.31405687363981727,
            0.3125,
            0.3075,
            0.3070371701172339,
            0.3025,
            0.30019278013010753,
            0.2975,
            0.29667479109498784
        ]
    },
    "0.997": {
        "f_e_Earth": [
            0.3575,
            0.3625,
            0.36673834766675145,
            0.3625,
            0.3623938437434328,
            0.3618368017813478,
            0.35971086920786133,
            0.35762711677355274,
            0.3575,
            0.3573890044342881,
            0.35706839215400576,
            0.35250000000000004,
            0.3521451078857298,
            0.34750000000000003,
            0.34699549588838763,
            0.3425,
            0.3375343715681111,
            0.3375,
            0.3374656284318889,
            0.33280996312723865,
            0.33277175602583203,
            0.3328377068576184,
            0.33408456691917143,
            0.3375,
            0.3376387818776332,
            0.3425,
            0.34252295507967057,
            0.34288837205735523,
            0.34750000000000003,
            0.34773049621947455,
            0.35250000000000004,
            0.3528573531881536,
            0.3575
        ],
        "f_mu_Earth": [
            0.29285735318815354,
            0.2932616523332485,
            0.2975,
            0.30174236442334607,
            0.3025,
            0.3075,
            0.3125,
            0.3175,
            0.3177969555759529,
            0.3225,
            0.3275,
            0.33207978337354693,
            0.3325,
            0.3371345568172784,
            0.3375,
            0.3419954958883876,
            0.34249999999999997,
            0.3425343715681111,
            0.34249999999999997,
            0.3375,
            0.3325,
            0.3275,
            0.3225,
            0.31908456691917136,
            0.3175,
            0.31254605090758253,
            0.3125,
            0.3075,
            0.3028883720573552,
            0.3025,
            0.2977304962194745,
            0.2975,
            0.29285735318815354
        ]
    }
}