{
    "0.68": {
        "f_e_Earth": [
            0.3575,
            0.3625,
            0.3641689829087778,
            0.3625,
            0.3601957215089364,
            0.3575,
            0.35475669527419695,
            0.35250000000000004,
            0.34986587608760283,
            0.35250000000000004,
            0.35283758486659256,
            0.3560507916411919,
            0.3575
        ],
        "f_mu_Earth": [
            0.29605079164119186,
            0.29409635142024465,
            0.2975,
            0.2991689829087778,
            0.3025,
            0.30521750513047774,
            0.3075,
            0.310011934523611,
            0.3075,
            0.3029742667494049,
            0.3025,
            0.2975,
            0.29605079164119186
        ]
    },
    "0.90": {
        "f_e_Earth": [
            0.3625,
            0.3675,
            0.3675222724806789,
            0.3675,
            0.3663134947878045,
            0.3625,
            0.36167921812914094,
            0.3575,
            0.35655410112755515,
            0.35250000000000004,
            0.35158537386127686,
            0.34750000000000003,
            0.34742284559157355,
            0.3425,
            0.34167055846953376,
            0.3425,
            0.3441522725564139,
            0.34750000000000003,
            0.3477678570095514,
            0.3494458169632034,
            0.35250000000000004,
            0.3537647887039657,
            0.3575,
            0.3598280836462773,
            0.3625
        ],
        "f_mu_Earth": [
            0.2898280836462773,
            0.29247772751932105,
            0.2925,
            0.2925222724806789,
            0.2975,
            0.3013134947878045,
            0.3025,
            0.3067129896095264,
            0.3075,
            0.3120126325653959,
            0.3125,
            0.3174920878165506,
            0.3175,
            0.3199895277088788,
            0.3175,
            0.31664972839565786,
            0.3125,
            0.30802506942297697,
            0.3075,
            0.3025,
            0.2994458169632034,
            0.2975,
            0.29376478870396566,
            0.2925,
            0.2898280836462773
        ]
    },
    "0.95": {
        "f_e_Earth": [
            0.3625,
            0.36750000000000005,
            0.36858802788213274,
            0.36750000000000005,
            0.3665675312600385,
            0.3625,
            0.36185495147510816,
            0.3575,
            0.3567670198092493,
            0.35250000000000004,
            0.3520301446599257,
            0.3485776537654798,
            0.3475,
            0.3425853496991378,
            0.3425,
            0.3424067735579887,
            0.3407776218435871,
            0.3425,
            0.34378780862745606,
            0.34750000000000003,
            0.34751932802238167,
            0.34902920819329286,
            0.35250000000000004,
            0.35349399135965204,
            0.3575,
            0.35932962974107147,
            0.3625
        ],
        "f_mu_Earth": [
            0.28932962974107146,
            0.2914119721178673,
            0.2925,
            0.29358802788213273,
            0.2975,
            0.3015675312600385,
            0.3025,
            0.30689014302380857,
            0.3075,
            0.3122496330117498,
            0.3125,
            0.3175,
            0.3185641847084061,
            0.3225,
            0.3225856478108338,
            0.3225,
            0.3175,
            0.3157343671198694,
            0.3125,
            0.3075378879521437,
            0.3075,
            0.3025,
            0.2990292081932928,
            0.2975,
            0.293493991359652,
            0.2925,
            0.28932962974107146
        ]
    },
    "0.997": {
        "f_e_Earth": [
            0.3625,
            0.3675,
            0.37225618589082604,
            0.3675,
            0.3674418837792509,
            0.3625,
            0.3624597972769918,
            0.3575,
            0.35749985153254293,
            0.3570624469907186,
            0.35250000000000004,
            0.35234155997241506,
            0.34750000000000003,
            0.3472265944238616,
            0.3425,
            0.34029030089199075,
            0.3375,
            0.3349415354232354,
            0.33587121619175575,
            0.3375,
            0.33770427815585735,
            0.3425,
            0.34253338263246436,
            0.3428183709381554,
            0.34750000000000003,
            0.3475953080753532,
            0.35250000000000004,
            0.3525619506250501,
            0.3575,
            0.35761403188264046,
            0.3625
        ],
        "f_mu_Earth": [
            0.28761403188264045,
            0.2877438141091739,
            0.2925,
            0.2972561858908261,
            0.2975,
            0.30244188377925085,
            0.3025,
            0.3074998764715397,
            0.3075,
            0.3125,
            0.31721370699049317,
            0.3175,
            0.3222810477284246,
            0.3225,
            0.32724310359840597,
            0.3275,
            0.3300584645767646,
            0.3275,
            0.3225,
            0.32087121619175574,
            0.3175,
            0.31258384140819945,
            0.3125,
            0.3075,
            0.3028183709381554,
            0.3025,
            0.2975953080753531,
            0.2975,
            0.29256195062504997,
            0.2925,
            0.28761403188264045
        ]
    }
}