{
    "0.68": {
        "f_e_Earth": [
            0.43749999999999994,
            0.4425,
            0.44512726561894617,
            0.4436748521885276,
            0.4425,
            0.4406950081695107,
            0.4375,
            0.4372980119337346,
            0.4337359901093358,
            0.4325,
            0.42980620877657594,
            0.4275,
            0.42561500650790796,
            0.4225,
            0.4222752329783832,
            0.41815914206046534,
            0.4174999999999999,
            0.412586272072431,
            0.41250000000000003,
            0.4075000000000001,
            0.4025,
            0.40211433789818435,
            0.4025,
            0.40324203690999644,
            0.4053924940317263,
            0.40750000000000003,
            0.4085463450114712,
            0.4115761156559515,
            0.41250000000000003,
            0.41596336682160284,
            0.4175,
            0.4203322354182087,
            0.4225,
            0.42520781279921693,
            0.4275,
            0.4305225548449984,
            0.4325,
            0.43683258400869146,
            0.43749999999999994
        ],
        "f_mu_Earth": [
            0.17688205257192227,
            0.17405928027268175,
            0.1775,
            0.1825,
            0.18434054851696924,
            0.1875,
            0.19215043161963166,
            0.1925,
            0.1975,
            0.19881451431634709,
            0.2025,
            0.20545016270943947,
            0.20750000000000002,
            0.21227855893259548,
            0.2125,
            0.2175,
            0.2182021052724107,
            0.2225,
            0.2225698408540437,
            0.22486150706155006,
            0.22342151657165296,
            0.2225,
            0.22075601846836146,
            0.2175,
            0.21249999999999997,
            0.20896347823749772,
            0.20750000000000002,
            0.20249999999999999,
            0.20136316843487378,
            0.1975,
            0.19564179047668181,
            0.1925,
            0.19006816275151475,
            0.1875,
            0.18506802463491367,
            0.1825,
            0.18064706065105401,
            0.1775,
            0.17688205257192227
        ]
    },
    "0.90": {
        "f_e_Earth": [
            0.4475,
            0.4525,
            0.45468240768517587,
            0.4535014699343998,
            0.4525,
            0.4505805835263409,
            0.44766011807823125,
            0.4475,
            0.44427842402887224,
            0.4425,
            0.4401727171523101,
            0.4375,
            0.43582617645569127,
            0.4325,
            0.43143102608405365,
            0.42756466714925107,
            0.42749999999999994,
            0.4250835159408872,
            0.4225,
            0.42116324674337613,
            0.4175,
            0.41624469241843354,
            0.4125000000000001,
            0.40877096911809224,
            0.40750000000000003,
            0.40249999999999997,
            0.39973489294380854,
            0.39895910073483165,
            0.4002047630797628,
            0.4025,
            0.4031600780895109,
            0.405584033406361,
            0.40750000000000003,
            0.4091422159784975,
            0.4125000000000001,
            0.4132784178426451,
            0.4173465388583553,
            0.4175,
            0.4215851960255557,
            0.4225,
            0.4262365117896673,
            0.4275,
            0.4314674782603077,
            0.4325,
            0.43673544122604463,
            0.4375,
            0.4425,
            0.4433397793376106,
            0.4475
        ],
        "f_mu_Earth": [
            0.1647682538969135,
            0.16298191055614528,
            0.1675,
            0.17250000000000001,
            0.17413105583319524,
            0.1775,
            0.1825,
            0.1826786721242342,
            0.1875,
            0.1893824641451761,
            0.1925,
            0.19518949654250395,
            0.1975,
            0.20103749316978958,
            0.2025,
            0.20750000000000002,
            0.20757851045511114,
            0.2125,
            0.21587535262455188,
            0.21750000000000003,
            0.221402019013701,
            0.2225,
            0.22553148526823147,
            0.2275,
            0.22840407231196458,
            0.2292350478238415,
            0.2275,
            0.22250000000000003,
            0.21750000000000003,
            0.213884942877427,
            0.2125,
            0.20750000000000002,
            0.20512731171497595,
            0.2025,
            0.19836827627385345,
            0.1975,
            0.19250000000000003,
            0.19233907167229075,
            0.1875,
            0.18651655741121234,
            0.1825,
            0.18120130963195244,
            0.1775,
            0.17644916420155304,
            0.1725,
            0.17177053683143942,
            0.16795877736241663,
            0.16750000000000004,
            0.1647682538969135
        ]
    },
    "0.95": {
        "f_e_Earth": [
            0.4475,
            0.4525,
            0.4575,
            0.45851695643665946,
            0.4575,
            0.45736420754881346,
            0.45540400334551445,
            0.4525,
            0.4523459651792495,
            0.44966490546517013,
            0.4475,
            0.4457732356434171,
            0.4425,
            0.4413538957543034,
            0.4375,
            0.43668724279065857,
            0.4325,
            0.4321003805109356,
            0.4294959032759799,
            0.4275,
            0.4262347576708013,
            0.4225,
            0.4224008078889086,
            0.41799334306914576,
            0.41750000000000004,
            0.41250000000000003,
            0.4110821920001623,
            0.40750000000000003,
            0.40249999999999997,
            0.3975,
            0.39719991857175263,
            0.39749999999999996,
            0.39765927954666924,
            0.3989796515705502,
            0.40173253588974395,
            0.4025,
            0.404288696164113,
            0.40750000000000003,
            0.4081395546231606,
            0.41169973529765214,
            0.41250000000000003,
            0.41539252319014897,
            0.4175,
            0.41985532803919057,
            0.4225,
            0.42450651097154407,
            0.4275,
            0.42956140375485774,
            0.4325,
            0.43465493511703923,
            0.4375,
            0.4404663570477322,
            0.4425,
            0.4470354727357855,
            0.4475
        ],