{
    "0.68": {
        "f_e_Earth": [
            0.4575,
            0.4625,
            0.4649211178259224,
            0.4640307751613537,
            0.4625,
            0.4623506315869946,
            0.4595888871244306,
            0.4575,
            0.45612837696896213,
            0.45260638822272775,
            0.4525,
            0.44789452267221225,
            0.4475,
            0.4425,
            0.44185262576513706,
            0.4375,
            0.43256506239616044,
            0.4344171796154948,
            0.436576481812128,
            0.4375,
            0.4399358953467185,
            0.4425,
            0.44371032698825313,
            0.44737376780404475,
            0.44749999999999995,
            0.45178427640798813,
            0.4525,
            0.4568924483222745,
            0.4575
        ],
        "f_mu_Earth": [
            0.1568321536183789,
            0.1543511669010963,
            0.15749999999999997,
            0.1625,
            0.1670832943621651,
            0.1675,
            0.17250000000000001,
            0.17556888680353022,
            0.1775,
            0.1825,
            0.1826141237825793,
            0.1875,
            0.187868611393486,
            0.19206550150487242,
            0.1925,
            0.19499188847437227,
            0.1925,
            0.1875,
            0.1825,
            0.18134878432626753,
            0.1775,
            0.17392189880324102,
            0.17250000000000001,
            0.16749999999999998,
            0.16736299514007558,
            0.1625,
            0.1616995958026522,
            0.1575,
            0.1568321536183789
        ]
    },
    "0.90": {
        "f_e_Earth": [
            0.4675,
            0.4698754071279211,
            0.47085578693922675,
            0.4698536926616587,
            0.468268895300439,
            0.4675,
            0.465669370862677,
            0.46289289083809854,
            0.46249999999999997,
            0.4594897547297002,
            0.4575,
            0.45552698415640025,
            0.4525,
            0.45084767785366664,
            0.4475,
            0.4452896468597761,
            0.4425,
            0.4376415140324682,
            0.4375,
            0.4325,
            0.43083984490271,
            0.42985185358195815,
            0.4325,
            0.43253909248429906,
            0.4344282075390822,
            0.4375,
            0.43824102680456434,
            0.44115584547380693,
            0.4425,
            0.4449781130860526,
            0.4475,
            0.44949360019230533,
            0.4525,
            0.4542131140534754,
            0.4575,
            0.4593657640030906,
            0.4625,
            0.46596414410800424,
            0.4675
        ],
        "f_mu_Earth": [
            0.14643163638506165,
            0.14750000000000002,
            0.1525,
            0.15750000000000003,
            0.1625,
            0.16375824344336648,
            0.1675,
            0.17250000000000001,
            0.1729570596041427,
            0.1775,
            0.17982878181347434,
            0.1825,
            0.18574707822800948,
            0.1875,
            0.19062781060632789,
            0.1925,
            0.19485922181259155,
            0.1975,
            0.1976241321685773,
            0.1990625716270419,
            0.1975,
            0.1925,
            0.18760324087394717,
            0.1875,
            0.1825,
            0.1786708435481817,
            0.1775,
            0.17250000000000001,
            0.17110871610909434,
            0.1675,
            0.16476289508967218,
            0.1625,
            0.15913789897127684,
            0.1575,
            0.15388691659217296,
            0.1525,
            0.14945110320076083,
            0.1475,
            0.14643163638506165
        ]
    },
    "0.95": {
        "f_e_Earth": [
            0.4625,
            0.4675,
            0.47250000000000003,
            0.47452201363853586,
            0.47407654882061584,
            0.47250000000000003,
            0.47195385988313343,
            0.47053784365559204,
            0.4675,
            0.46748591904871495,
            0.46532310508687746,
            0.4625,
            0.4613630677185989,
            0.4575,
            0.4571464090441731,
            0.4525,
            0.4524851563364532,
            0.4475,
            0.4470959235396613,
            0.4425,
            0.4404519445255343,
            0.4375,
            0.4325,
            0.42883225339201747,
            0.42836455992973776,
            0.4299454763629054,
            0.4325,
            0.43323702296492644,
            0.4366170803949886,
            0.4375,
            0.43928697760839364,
            0.4425,
            0.44364975991398314,
            0.4475,
            0.4482234559622401,
            0.4525,
            0.4527274649955108,
            0.45683878372210157,
            0.4575,
            0.4620945435123359,
            0.4625
        ],
        "f_mu_Earth": [
            0.14709540996051343,
            0.1437921993229309,
            0.14272305972038693,
            0.1475,
            0.15250000000000002,
            0.15564620885112898,
            0.1575,
            0.1625,
            0.16747121891555186,
            0.1675,
            0.17250000000000001,
            0.17578418779044652,
            0.1775,
            0.18202128180072158,
            0.1825,
            0.18748425259803903,
            0.1875,
            0.1921577435299764,
            0.1925,
            0.19638680130812047,
            0.1975,
            0.2000893635357817,
            0.20095215744852263,
            0.1975,
            0.1925,
            0.1875,
            0.1844565342435252,
            0.1825,
            0.1775,
            0.1765944032322802,
            0.17250000000000001,
            0.16917432113834283,
            0.1675,
            0.16332118016985847,
            0.1625,
            0.15771747803737454,
            0.1575,
            0.15250000000000002,
            0.15183712877184882,
            0.1475,
            0.14709540996051343
        ]
    },
    "0.997": {
        "f_e_Earth": [
            0.4675,
            0.47250000000000003,
            0.47750000000000004,
            0.47841633851339704,
            0.47868960416634665,
            0.47750000000000004,
            0.477133420164372,
            0.4765852990635022,
            0.47250000000000003,
            0.4724794952099533,
            0.4718204524940875,
            0.4675,
            0.46740275985859386,
            0.465755205344212,
            0.4625,
            0.46163537523959497,
            0.4575,
            0.4568301810414228,
            0.4525,
            0.4516370077463803,
            0.4475,
            0.44493891427574117,
            0.4425,
            0.4375,
            0.43365322555999186,
            0.4325,
            0.4313962527643642,
            0.4275,
            0.4245467102752395,
            0.4241352181798207,
            0.4275,
            0.4276741806366865,
            0.42930047959161105,
            0.4325,
            0.43304449122080163,
            0.4375,
            0.4376876947566998,
            0.4425,
            0.44251302227276196,
            0.4440895702942895,
            0.4475,
            0.44829769873501074,
            0.4525,
            0.4530850607776082,
            0.4575,
            0.4581080790269235,
            0.4625,
            0.4638309548010555,
            0.4675
        ],