{
    "0.68": {
        "f_e_Earth": [
            0.35250000000000004,
            0.35391253175827303,
            0.35250000000000004,
            0.3504806882520774,
            0.34750000000000003,
            0.3441516775069962,
            0.34750000000000003,
            0.3500392446502578,
            0.35250000000000004
        ],
        "f_mu_Earth": [
            0.32618620488380545,
            0.3275,
            0.32913690410277735,
            0.3325,
            0.33522278417377865,
            0.3325,
            0.3287693718721598,
            0.3275,
            0.32618620488380545
        ]
    },
    "0.90": {
        "f_e_Earth": [
            0.3475,
            0.35250000000000004,
            0.35606827060571133,
            0.35250000000000004,
            0.3519806676184859,
            0.34750000000000003,
            0.34545434048026347,
            0.3425,
            0.3398540465320308,
            0.3423882269923789,
            0.3425,
            0.3461267077702825,
            0.3475
        ],
        "f_mu_Earth": [
            0.3261335769446887,
            0.3241811532076448,
            0.3275,
            0.33163506936045817,
            0.3325,
            0.3365929778117766,
            0.3375,
            0.34014247861068453,
            0.3375,
            0.3325,
            0.332387049666566,
            0.3275,
            0.3261335769446887
        ]
    },
    "0.95": {
        "f_e_Earth": [
            0.34750000000000003,
            0.35250000000000004,
            0.35687211247053624,
            0.3527571894170855,
            0.35250000000000004,
            0.34750000000000003,
            0.34660665719010536,
            0.3425,
            0.3388220136925615,
            0.34027975918758124,
            0.3425,
            0.3445455203004738,
            0.34750000000000003
        ],
        "f_mu_Earth": [
            0.3245602985362322,
            0.32343350027169177,
            0.3275,
            0.3325,
            0.33275718941708554,
            0.33710390194827305,
            0.3375,
            0.34117315611005655,
            0.3375,
            0.3325,
            0.33025637297945465,
            0.3275,
            0.3245602985362322
        ]
    },
    "0.997": {
        "f_e_Earth": [
            0.35250000000000004,
            0.3547621431366097,
            0.3575,
            0.3621404173031318,
            0.3575,
            0.3573609991827189,
            0.35250000000000004,
            0.3521442905433248,
            0.34750000000000003,
            0.3425,
            0.3410735475479164,
            0.3375,
            0.33584789813469473,
            0.3375,
            0.33750127984881156,
            0.337581468317607,
            0.3425,
            0.34252201123678583,
            0.34750000000000003,
            0.3499447212886815,
            0.35250000000000004
        ],
        "f_mu_Earth": [
            0.3202676349652325,
            0.3225,
            0.32285163269292244,
            0.3275,
            0.3321404173031318,
            0.3325,
            0.3373609991827189,
            0.3375,
            0.34214429054332485,
            0.3424921554706897,
            0.3425,
            0.3441521018653053,
            0.3425,
            0.3378053394958746,
            0.3375,
            0.3325,
            0.32752966051146337,
            0.3275,
            0.3225469110157747,
            0.3225,
            0.3202676349652325
        ]
    }
}