{
    "0.68": {
        "f_e_Earth": [
            0.3625,
            0.3627371714175568,
            0.3625,
            0.35897265384067595,
            0.3625
        ],
        "f_mu_Earth": [
            0.29706478317117296,
            0.29749999999999993,
            0.29773717141755673,
            0.2975,
            0.29706478317117296
        ]
    },
    "0.90": {
        "f_e_Earth": [
            0.3625,
            0.36275347568594624,
            0.36531188958953853,
            0.3625,
            0.36046292556555715,
            0.3575,
            0.35389210481870587,
            0.35484583979827544,
            0.3575,
            0.36230850562432454,
            0.3625
        ],
        "f_mu_Earth": [
            0.29230850562432453,
            0.2925,
            0.2975,
            0.30031188958953847,
            0.3025,
            0.30546292556555715,
            0.3025,
            0.2975,
            0.29484583979827544,
            0.2925,
            0.29230850562432453
        ]
    },
    "0.95": {
        "f_e_Earth": [
            0.3625,
            0.36638976270334755,
            0.36656196719592565,
            0.3625,
            0.3616267156196905,
            0.3575,
            0.35250000000000004,
            0.35238506501816796,
            0.35250000000000004,
            0.35350565066249173,
            0.35750000000000004,
            0.35956138410229543,
            0.3625
        ],
        "f_mu_Earth": [
            0.28956138410229537,
            0.2925,
            0.2975,
            0.30156196719592565,
            0.3025,
            0.3066267156196905,
            0.3026210021782287,
            0.3025,
            0.3023850650181679,
            0.2975,
            0.2935056506624917,
            0.2925,
            0.28956138410229537
        ]
    },
    "0.997": {
        "f_e_Earth": [
            0.36250000000000004,
            0.3675,
            0.36758826695752705,
            0.3675,
            0.36695346459093897,
            0.3625,
            0.3619911896109113,
            0.3575,
            0.35250000000000004,
            0.35034623415769434,
            0.35250000000000004,
            0.35308593227636614,
            0.3575,
            0.3587010447808291,
            0.36250000000000004
        ],
        "f_mu_Earth": [
            0.28870104478082903,
            0.2924117330424729,
            0.2925,
            0.2925882669575271,
            0.2975,
            0.30195346459093897,
            0.3025,
            0.3069911896109113,
            0.30476745899428814,
            0.3025,
            0.3003462341576943,
            0.2975,
            0.2930859322763661,
            0.2925,
            0.28870104478082903
        ]
    }
}