{
    "0.68": {
        "f_e_Earth": [
            0.35749999999999993,
            0.3625,
            0.36405363680776703,
            0.3625,
            0.36017530437570905,
            0.3575,
            0.35478960299974205,
            0.35250000000000004,
            0.34988024918514593,
            0.35250000000000004,
            0.3530547472106001,
            0.3562255570969771,
            0.35749999999999993
        ],
        "f_mu_Earth": [
            0.2962255570969772,
            0.2944225991683698,
            0.2975,
            0.2990544006573337,
            0.3025,
            0.3052085669647917,
            0.3075,
            0.3100309558752168,
            0.3075,
            0.3032433185116966,
            0.3025,
            0.2975,
            0.2962255570969772
        ]
    },
    "0.90": {
        "f_e_Earth": [
            0.3625,
            0.3674561820997124,
            0.36632250717622017,
            0.3625,
            0.36170683073193877,
            0.3575,
            0.3566236758854537,
            0.35250000000000004,
            0.35166415794603406,
            0.3475109124425601,
            0.34750000000000003,
            0.3425,
            0.34156756027191626,
            0.3425,
            0.3440855348338864,
            0.34750000000000003,
            0.3477817133527827,
            0.3494945606945451,
            0.35250000000000004,
            0.35377288289178555,
            0.3575,
            0.35987806992315774,
            0.3625
        ],
        "f_mu_Earth": [
            0.2898780699231577,
            0.2925,
            0.2975,
            0.30132438652178895,
            0.3025,
            0.30675913509149033,
            0.3075,
            0.31205836304850876,
            0.3125,
            0.3175,
            0.31751088404180866,
            0.3202374148732384,
            0.3175,
            0.3165450533491037,
            0.3125,
            0.3080504069803421,
            0.3075,
            0.3025,
            0.29949456069454505,
            0.2975,
            0.2937728828917855,
            0.2925,
            0.2898780699231577
        ]
    },
    "0.95": {
        "f_e_Earth": [
            0.3625,
            0.36749999999999994,
            0.36865264897682065,
            0.3675,
            0.3666027861893677,
            0.3625,
            0.3618960238659768,
            0.3575,
            0.3568502433198896,
            0.35250000000000004,
            0.3521381605090153,
            0.34872619628884,
            0.34750000000000003,
            0.3428072121547368,
            0.3425,
            0.3421691157191698,
            0.34059935753139214,
            0.3425,
            0.34369686916343806,
            0.34750000000000003,
            0.34752247617452525,
            0.3490197947411225,
            0.35250000000000004,
            0.35346989814864554,
            0.3575,
            0.35931201713897254,
            0.3625
        ],
        "f_mu_Earth": [
            0.28931201713897253,
            0.29134722780545785,
            0.2925,
            0.29365264897682064,
            0.2975,
            0.30160480333484035,
            0.3025,
            0.306950680501229,
            0.3075,
            0.3123088135324498,
            0.3125,
            0.3175,
            0.3187230049871873,
            0.3225,
            0.32280459532635847,
            0.3225,
            0.3175,
            0.31555348044996084,
            0.3125,
            0.30754391358530886,
            0.3075,
            0.3025,
            0.29901979474112245,
            0.2975,
            0.29346989814864555,
            0.2925,
            0.28931201713897253
        ]
    },
    "0.997": {
        "f_e_Earth": [
            0.3625,
            0.3675,
            0.37212244807560024,
            0.3675,
            0.36741195375759544,
            0.3625,
            0.3624422258326374,
            0.35778768858833315,
            0.3575,
            0.35685568734913314,
            0.35250000000000004,
            0.35223472967333147,
            0.34750000000000003,
            0.34715510020517354,
            0.3425,
            0.3391594433129506,
            0.3375,
            0.3360530245691933,
            0.33736818231482896,
            0.3375,
            0.337804149112813,
            0.3425,
            0.34257478852001627,
            0.3430043241066559,
            0.34750000000000003,
            0.3476491419487711,
            0.35250000000000004,
            0.35259517897126796,
            0.3575,
            0.3576778185961568,
            0.3625
        ],
        "f_mu_Earth": [
            0.2876778185961569,
            0.2878770577865217,
            0.2925,
            0.29712244807560023,
            0.2975,
            0.30241436873240196,
            0.3025,
            0.3075,
            0.30778768858833316,
            0.3125,
            0.3170339744486243,
            0.3175,
            0.32222240705356103,
            0.3225,
            0.3271154481336884,
            0.3275,
            0.32894697543080675,
            0.3275,
            0.3225,
            0.32236818231482894,
            0.3175,
            0.3126908022119103,
            0.3125,
            0.3075,
            0.30300432410665584,
            0.3025,
            0.29764914194877107,
            0.2975,
            0.2925951789712679,
            0.2925,
            0.2876778185961569
        ]
    }
}