{
    "0.68": {
        "f_e_Earth": [
            0.4425,
            0.4475,
            0.4490392387341444,
            0.4475,
            0.4438114790179989,
            0.4425,
            0.43809930792501967,
            0.4375,
            0.43258287000500867,
            0.4325,
            0.4277327753732778,
            0.4275,
            0.42341039413248394,
            0.4225,
            0.41852567577669825,
            0.4175,
            0.41595521483579434,
            0.41250000000000003,
            0.4124019165791311,
            0.4075000000000001,
            0.4039311528619782,
            0.40249999999999997,
            0.3997974314929257,
            0.4017892160770174,
            0.4025,
            0.4046702534663057,
            0.406955045076068,
            0.40750000000000003,
            0.4110470773535884,
            0.41250000000000003,
            0.4159732799028475,
            0.4175,
            0.4213530063087612,
            0.4225,
            0.4275,
            0.42784574483261884,
            0.4325,
            0.43417583085211364,
            0.4375,
            0.4408989565145386,
            0.4425
        ],
        "f_mu_Earth": [
            0.17600056634345074,
            0.17505877944562095,
            0.1775,
            0.1790254422290753,
            0.1825,
            0.18385034123670585,
            0.1875,
            0.18818195540834742,
            0.1925,
            0.19261215127011933,
            0.1975,
            0.1978550335711591,
            0.2025,
            0.2038774903615792,
            0.20750000000000002,
            0.2099336402360199,
            0.21250000000000002,
            0.21736766134637384,
            0.2175,
            0.21973293857720172,
            0.22249999999999998,
            0.22312908647152396,
            0.2225,
            0.2175,
            0.21593457606943897,
            0.2125,
            0.20750000000000002,
            0.20693182587932288,
            0.2025,
            0.20107323820179246,
            0.1975,
            0.19603021423154637,
            0.1925,
            0.1913749739320615,
            0.18791102369193508,
            0.1875,
            0.1839854001982404,
            0.1825,
            0.1796750535943863,
            0.1775,
            0.17600056634345074
        ]
    },
    "0.90": {
        "f_e_Earth": [
            0.4475,
            0.4525,
            0.45538946890553744,
            0.4525,
            0.4508793381352736,
            0.4475,
            0.4457473828811387,
            0.4425,
            0.4405027557050496,
            0.4375,
            0.43569720420475766,
            0.4325,
            0.43184351439213947,
            0.4287592697432314,
            0.4275,
            0.42555558212286204,
            0.42281918760073983,
            0.4225,
            0.4175,
            0.4169549549076369,
            0.41250000000000003,
            0.4098241329785176,
            0.40750000000000003,
            0.4025,
            0.40123651027431606,
            0.3975,
            0.39249999999999996,
            0.39180654712480534,
            0.3925,
            0.394787847201947,
            0.3975,
            0.39775190419243095,
            0.40059936356562836,
            0.4025,
            0.40462713286178353,
            0.40750000000000003,
            0.4091045129026257,
            0.4125000000000001,
            0.4141190557608656,
            0.4175,
            0.419404707767414,
            0.4225,
            0.4253301335433536,
            0.4275,
            0.4325,
            0.43278662853546274,
            0.4375,
            0.43905407600373775,
            0.4425,
            0.44696391062043783,
            0.4475
        ],
        "f_mu_Earth": [
            0.17196567989231765,
            0.1698015620076752,
            0.17250000000000001,
            0.1752738298881928,
            0.1775,
            0.1808490484507176,
            0.1825,
            0.18584361050050574,
            0.1875,
            0.19091685034940514,
            0.1925,
            0.19682690347197418,
            0.1975,
            0.2025,
            0.20459157771463177,
            0.20750000000000002,
            0.2125,
            0.21281102039252442,
            0.21689473992383823,
            0.2175,
            0.2205410517279875,
            0.22249999999999998,
            0.22433571594958207,
            0.22665814926352815,
            0.2275,
            0.22981768069291386,
            0.23224520500939763,
            0.2275,
            0.22655945890139306,
            0.2225,
            0.21784250157310645,
            0.2175,
            0.21250000000000002,
            0.2104910314044292,
            0.20750000000000002,
            0.2045047270179689,
            0.2025,
            0.19916565092862631,
            0.1975,
            0.19424513767396964,
            0.1925,
            0.18946398988403695,
            0.1875,
            0.18533263828042004,
            0.18275405790975904,
            0.1825,
            0.17849448127194945,
            0.1775,
            0.17427277071808117,
            0.1725,
            0.17196567989231765
        ]
    },
    "0.95": {
        "f_e_Earth": [
            0.4475,
            0.4525,
            0.4562618718503994,
            0.4525,
            0.4514890336306913,
            0.4475,
            0.44638882206871394,
            0.4425,
            0.4412991101215864,
            0.4375,
            0.43672910255310077,
            0.4335153222019723,
            0.43250000000000005,
            0.4303693193506178,
            0.4275,
            0.42734341383427654,
            0.4245110466513665,
            0.4225,
            0.4187782197917114,
            0.4174999999999999,
            0.41250000000000003,
            0.4112104594343048,
            0.40750000000000003,
            0.4031453201806616,
            0.4025,
            0.3975000000000001,
            0.3944963951137177,
            0.3925,
            0.39057809092461315,
            0.3904209629241776,
            0.3925,
            0.3937287090459045,
            0.3961100232537287,
            0.3975,
            0.39957326150511985,
            0.4025,
            0.4038558062748034,
            0.40750000000000003,
            0.40846086680688565,
            0.4125,
            0.41350468019715014,
            0.4175,
            0.4187591617476396,
            0.4225,
            0.42441771007674234,
            0.4275,
            0.43174097830049346,
            0.4325,
            0.4375,
            0.4384427963433406,
            0.4425,
            0.4455223696400299,
            0.4475
        ],