{
    "0.68": {
        "f_e_Earth": [
            0.17250000000000001,
            0.1775,
            0.179906335325139,
            0.17976598678744005,
            0.1775,
            0.17250000000000001,
            0.16780894469987057,
            0.1675,
            0.16739184082216016,
            0.1643055429467125,
            0.1675,
            0.16769043108620538,
            0.17250000000000001
        ],
        "f_mu_Earth": [
            0.545147479144668,
            0.5454890502151726,
            0.5475000000000001,
            0.5525,
            0.5546194392712084,
            0.5568258608717105,
            0.5575000000000001,
            0.5575567052992415,
            0.5575000000000001,
            0.5525,
            0.5477037520950122,
            0.5475000000000001,
            0.545147479144668
        ]
    },
    "0.90": {
        "f_e_Earth": [
            0.1675,
            0.17250000000000001,
            0.1775,
            0.18221482719164186,
            0.18175038828889728,
            0.1775,
            0.1752548608458472,
            0.1725,
            0.1675,
            0.1625,
            0.16228395730911038,
            0.16112772255859423,
            0.1625,
            0.16449992765171895,
            0.1675
        ],
        "f_mu_Earth": [
            0.5447769403507915,
            0.543310888464573,
            0.5435598672065858,
            0.5475000000000001,
            0.5525,
            0.5564755041412004,
            0.5575000000000001,
            0.5597001777372217,
            0.560224783161028,
            0.5577160965967455,
            0.5575000000000001,
            0.5525,
            0.5508026804306353,
            0.5475000000000001,
            0.5447769403507915
        ]
    },
    "0.95": {
        "f_e_Earth": [
            0.1675,
            0.17250000000000001,
            0.1775,
            0.1825,
            0.1845895238280923,
            0.18306120251074975,
            0.1825,
            0.1775,
            0.1770123841222792,
            0.17250000000000001,
            0.1675,
            0.1625,
            0.15987523607377307,
            0.1593044926530087,
            0.16249999999999998,
            0.16313436741523663,
            0.1675
        ],
        "f_mu_Earth": [
            0.5435374695824751,
            0.5425173147868292,
            0.5427262852485819,
            0.5453938825190274,
            0.5475000000000001,
            0.5525,
            0.5530612025107497,
            0.5572774924344954,
            0.5575000000000001,
            0.5611038288839879,
            0.5613776346832711,
            0.5601254188437578,
            0.5575000000000001,
            0.5525,
            0.5485475943198916,
            0.5475000000000001,
            0.5435374695824751
        ]
    },
    "0.997": {
        "f_e_Earth": [
            0.17250000000000001,
            0.1775,
            0.18146718964513622,
            0.1825,
            0.18703162462836365,
            0.18678567584792033,
            0.1825,
            0.1813841048822718,
            0.1775,
            0.17250000000000001,
            0.1675,
            0.1625,
            0.1578649144526622,
            0.15778282279529215,
            0.159009740453397,
            0.1625,
            0.1675,
            0.16751487391753828,
            0.17250000000000001
        ],
        "f_mu_Earth": [
            0.5383226830999823,
            0.5386066625726015,
            0.5425,
            0.542932388126573,
            0.5475000000000001,
            0.5525,
            0.5567856758479204,
            0.5575000000000001,
            0.5613841048822719,
            0.5622753178082536,
            0.5623398059412379,
            0.5621362420699307,
            0.5575000000000001,
            0.5525,
            0.5475000000000001,
            0.544009740453397,
            0.5425030057982372,
            0.5425,
            0.5383226830999823
        ]
    }
}