{
    "0.68": {
        "f_e_Earth": [
            0.35,
            0.3539297135867303,
            0.35203172964131235,
            0.35,
            0.34869400425240554,
            0.34600000000000003,
            0.343998342087761,
            0.342,
            0.34048995852789476,
            0.342,
            0.34230083353561647,
            0.34441890051777846,
            0.346,
            0.34883654501954725,
            0.35
        ],
        "f_mu_Earth": [
            0.3249760244163139,
            0.326,
            0.33,
            0.33238495912948324,
            0.334,
            0.33658770394800164,
            0.338,
            0.3395938901993797,
            0.3380000000000001,
            0.3345194868070164,
            0.334,
            0.33,
            0.3282465016033894,
            0.326,
            0.3249760244163139
        ]
    },
    "0.90": {
        "f_e_Earth": [
            0.35,
            0.354,
            0.35682157513853946,
            0.35403030436041844,
            0.354,
            0.3516041885335892,
            0.35,
            0.34729168038830244,
            0.346,
            0.342,
            0.3385612036873769,
            0.3393650757688342,
            0.342,
            0.34264882740083935,
            0.34600000000000003,
            0.3463578657716011,
            0.35
        ],
        "f_mu_Earth": [
            0.32279449863978704,
            0.32202693558325174,
            0.326,
            0.33000000000000007,
            0.33003059409202967,
            0.334,
            0.3356056910852364,
            0.338,
            0.33928194662276456,
            0.3416297438458503,
            0.338,
            0.334,
            0.3311732542799881,
            0.33,
            0.3262834243857086,
            0.326,
            0.32279449863978704
        ]
    },
    "0.95": {
        "f_e_Earth": [
            0.354,
            0.355305760885756,
            0.3572035494652439,
            0.3551950125052332,
            0.354,
            0.35231389160719256,
            0.35,
            0.3480952120731957,
            0.34600000000000003,
            0.342,
            0.3404173640954522,
            0.338,
            0.33726524231694804,
            0.338,
            0.33830228813995605,
            0.3389645627293967,
            0.342,
            0.34241121324666096,
            0.34600000000000003,
            0.3460251285149624,
            0.35,
            0.3525731209560679,
            0.354
        ],
        "f_mu_Earth": [
            0.32086854889108835,
            0.322,
            0.32600000000000007,
            0.33,
            0.33120643768939184,
            0.334,
            0.336316058897117,
            0.338,
            0.3400794231030625,
            0.34190303630908697,
            0.342,
            0.34273475768305206,
            0.342,
            0.3407319182395046,
            0.338,
            0.334,
            0.3307435840425491,
            0.33,
            0.3260199014113172,
            0.326,
            0.322501651187754,
            0.322,
            0.32086854889108835
        ]
    },
    "0.997": {
        "f_e_Earth": [
            0.35,
            0.354,
            0.358,
            0.35823761313062663,
            0.358,
            0.35796239781845185,
            0.357508877065938,
            0.354,
            0.3537238214663979,
            0.35,
            0.3496915463113954,
            0.34600000000000003,
            0.345178638713162,
            0.34199999999999997,
            0.338,
            0.33457170856915225,
            0.33535934835782444,
            0.338,
            0.3381688844883024,
            0.34048873839608357,
            0.342,
            0.3427230296131595,
            0.346,
            0.3484258120143874,
            0.35
        ],
        "f_mu_Earth": [
            0.32042581201438736,
            0.3185022518462275,
            0.3217623868693734,
            0.322,
            0.32285168561881233,
            0.326,
            0.33,
            0.33354242446941074,
            0.334,
            0.3377273093569799,
            0.338,
            0.3416637277840006,
            0.34199999999999997,
            0.345178638713162,
            0.34542829143084774,
            0.3420000000000001,
            0.338,
            0.33535934835782444,
            0.334,
            0.33,
            0.32848873839608356,
            0.326,
            0.32272302961315946,
            0.322,
            0.32042581201438736
        ]
    }
}