{
    "0.68": {
        "f_e_Earth": [
            0.1775,
            0.1825,
            0.1875,
            0.1925,
            0.1975,
            0.2025,
            0.20750000000000002,
            0.21249999999999997,
            0.2175,
            0.22122863368369866,
            0.2225,
            0.22273550320715704,
            0.2225,
            0.21749999999999997,
            0.2125,
            0.20750000000000002,
            0.2025,
            0.1975,
            0.1925,
            0.1875,
            0.1825,
            0.1775,
            0.1725,
            0.16955132980175394,
            0.17250000000000001,
            0.17578448078963138,
            0.1775
        ],
        "f_mu_Earth": [
            0.5470102941150744,
            0.5464316082576262,
            0.546323647597434,
            0.5462743580717735,
            0.5463030966181591,
            0.5461317303191419,
            0.5462008401596526,
            0.5460976526108197,
            0.5464348497417701,
            0.5475000000000001,
            0.5511818538528617,
            0.5525,
            0.5526688771020413,
            0.5547423503817535,
            0.555793822553424,
            0.5559867472316904,
            0.5561817516909591,
            0.555934745980074,
            0.5558947680370814,
            0.5558829736870861,
            0.5558595307477882,
            0.5554397899599561,
            0.5547062225304655,
            0.5525,
            0.5494189301955846,
            0.5475000000000001,
            0.5470102941150744
        ]
    },
    "0.90": {
        "f_e_Earth": [
            0.1725,
            0.1775,
            0.1825,
            0.1875,
            0.1925,
            0.1975,
            0.2025,
            0.20750000000000002,
            0.2125,
            0.21750000000000003,
            0.22249999999999998,
            0.22551263851280035,
            0.22601806578116593,
            0.2225,
            0.2175,
            0.21467347858494143,
            0.21249999999999997,
            0.20750000000000002,
            0.2025,
            0.1975,
            0.1925,
            0.1875,
            0.1825,
            0.1775,
            0.17250000000000001,
            0.17242961662552375,
            0.1675,
            0.1661991789947816,
            0.1675,
            0.17065679051078242,
            0.1725
        ],
        "f_mu_Earth": [
            0.5462226858753568,
            0.5450840371896352,
            0.544647922579176,
            0.5445346145778975,
            0.544474502935856,
            0.5444796585235494,
            0.5443714387016689,
            0.5444144697068045,
            0.544361605760624,
            0.5446224872478791,
            0.5456655230081157,
            0.5475000000000001,
            0.5525,
            0.5550227713927387,
            0.5568480118953484,
            0.5575000000000001,
            0.5581769304669024,
            0.5585511602602369,
            0.5587144206666118,
            0.5585722146366532,
            0.5584935161971305,
            0.5584537524587619,
            0.5584347891048935,
            0.5581096206882249,
            0.5575338369471062,
            0.5575000000000001,
            0.5544303664826928,
            0.5525,
            0.5507914101132096,
            0.5475000000000001,
            0.5462226858753568
        ]
    },
    "0.95": {
        "f_e_Earth": [
            0.17250000000000001,
            0.1775,
            0.1825,
            0.1875,
            0.1925,
            0.1975,
            0.2025,
            0.20750000000000002,
            0.2125,
            0.2175,
            0.2225,
            0.2275,
            0.22925162520846193,
            0.22950079446328436,
            0.22750000000000004,
            0.2225,
            0.22121048180106445,
            0.21749999999999997,
            0.21250000000000002,
            0.20750000000000002,
            0.2025,
            0.1975,
            0.1925,
            0.1875,
            0.1825,
            0.1775,
            0.17250000000000001,
            0.16749999999999998,
            0.1665838944165436,
            0.16374521172535283,
            0.1675,
            0.167565407474909,
            0.17250000000000001
        ],
        "f_mu_Earth": [
            0.5440804078328975,
            0.5434258471789823,
            0.5431124629345723,
            0.54299455175318,
            0.5429251240510428,
            0.5429099785947744,
            0.5428561174912007,
            0.5428766989135533,
            0.5428671553023273,
            0.5430623415874727,
            0.5436905697232732,
            0.545814771229037,
            0.5475000000000001,
            0.5525,
            0.5544598952971266,
            0.5570490867546299,
            0.5575000000000001,
            0.5597759536351394,
            0.5606243585793632,
            0.5607948272699133,
            0.5608755893314121,
            0.5608183757797609,
            0.560781444565963,
            0.5607596092090509,
            0.5607467433685195,
            0.5605981764174423,
            0.5603453408967102,
            0.5583504239826418,
            0.5575000000000001,
            0.5525,
            0.5475681967408543,
            0.5475000000000001,
            0.5440804078328975
        ]
    },
    "0.997": {
        "f_e_Earth": [
            0.1775,
            0.1825,
            0.1875,
            0.1925,
            0.1975,
            0.2025,
            0.20750000000000002,
            0.2125,
            0.21750000000000003,
            0.22249999999999998,
            0.22274232043752448,
            0.2275,
            0.23201323568520588,
            0.23206945510568242,
            0.2275,
            0.22626601876003505,
            0.2225,
            0.2175,
            0.2125,
            0.20750000000000002,
            0.2025,
            0.1975,
            0.1925,
            0.1875,
            0.1825,
            0.1775,
            0.17250000000000001,
            0.16749999999999998,
            0.16302280045262632,
            0.1625,
            0.16050911791378036,
            0.16250000000000003,
            0.1635182729962101,
            0.1675,
            0.17250000000000001,
            0.1760453513966866,
            0.1775
        ],
        "f_mu_Earth": [
            0.5412456876172328,
            0.5396202957138998,
            0.5392500230030866,
            0.5390837639718332,
            0.5390423899266346,
            0.5389664116998854,
            0.5389944037392946,
            0.5389964554077509,
            0.5394195253665662,
            0.5422646053315372,
            0.5425,
            0.5431578413064033,
            0.5475000000000001,
            0.5525,
            0.5569760487578304,
            0.5575000000000001,
            0.5610672460812951,
            0.5619460757493455,
            0.5621185956003447,
            0.5621646612975376,
            0.5621950553500822,
            0.5621897325595714,
            0.5621783016391729,
            0.5621674121609821,
            0.5621582690570319,
            0.5621175232290768,
            0.5620618584380201,
            0.5616561998299296,
            0.5575000000000001,
            0.5551747685432264,
            0.5525,
            0.5504690069878666,
            0.5475000000000001,
            0.543545597421487,
            0.5427724751733105,
            0.5425,
            0.5412456876172328
        ]
    }
}