{
    "0.68": {
        "f_e_Earth": [
            0.41250000000000003,
            0.4175,
            0.42239912579999755,
            0.4175,
            0.4158985032368397,
            0.41250000000000003,
            0.40769755525409507,
            0.40750000000000003,
            0.4025,
            0.39937935479998027,
            0.4025,
            0.40407478718520795,
            0.4075000000000001,
            0.4103372647577104,
            0.41250000000000003
        ],
        "f_mu_Earth": [
            0.21559389014746938,
            0.21410927367359134,
            0.21749999999999997,
            0.2210469878571038,
            0.2225,
            0.22509162296182014,
            0.22750000000000004,
            0.22767868013971324,
            0.23012093538579656,
            0.22750000000000004,
            0.22447439612035097,
            0.22249999999999998,
            0.21940383417331905,
            0.2175,
            0.21559389014746938
        ]
    },
    "0.90": {
        "f_e_Earth": [
            0.4175,
            0.4225,
            0.4263653404875162,
            0.42536324702385664,
            0.4225,
            0.41840237478518516,
            0.4175,
            0.41250000000000003,
            0.410646768076811,
            0.40750000000000003,
            0.4025,
            0.40047533907304456,
            0.3975000000000001,
            0.39450443228661924,
            0.3971908180013737,
            0.3975,
            0.4025,
            0.4025397405514268,
            0.40750000000000003,
            0.40826936743031556,
            0.41250000000000003,
            0.41720769532739904,
            0.4175
        ],
        "f_mu_Earth": [
            0.21224550478993162,
            0.21003464015053025,
            0.21250000000000002,
            0.2175,
            0.22023885545068855,
            0.22250000000000003,
            0.22338735664659834,
            0.22657062310002918,
            0.22750000000000004,
            0.23034611493723745,
            0.23178809905083805,
            0.23250000000000004,
            0.23468625181957084,
            0.23250000000000004,
            0.2275,
            0.22719081800137367,
            0.22254982488509853,
            0.2225,
            0.21801625355078086,
            0.2175,
            0.21377136495220034,
            0.21249999999999997,
            0.21224550478993162
        ]
    },
    "0.95": {
        "f_e_Earth": [
            0.4175,
            0.4225,
            0.4275,
            0.4285569850152704,
            0.4275,
            0.42641652060616275,
            0.4225,
            0.42022818399128736,
            0.4175,
            0.41250000000000003,
            0.4116866370464829,
            0.40750000000000003,
            0.4025,
            0.40214713580340405,
            0.39749999999999996,
            0.3928212693980023,
            0.39514298667822984,
            0.3975,
            0.4004104850379713,
            0.4025,
            0.40750000000000003,
            0.4075402432902527,
            0.41250000000000003,
            0.4148282038174831,
            0.4175
        ],
        "f_mu_Earth": [
            0.21017379931124852,
            0.20892811342286058,
            0.21144301498472962,
            0.2125,
            0.2137584008199634,
            0.21750000000000003,
            0.2212463703692161,
            0.2225,
            0.22518277908199213,
            0.22709210677798483,
            0.2275,
            0.23128663121778648,
            0.2323759276908358,
            0.2325,
            0.23591467270000543,
            0.2325,
            0.2275,
            0.2251429866782298,
            0.22249999999999998,
            0.22041048503797123,
            0.21752700366647898,
            0.2175,
            0.2131287570731053,
            0.2125,
            0.21017379931124852
        ]
    },
    "0.997": {
        "f_e_Earth": [
            0.41250000000000003,
            0.4175,
            0.4225,
            0.4275,
            0.43169770450096556,
            0.4275,
            0.42749930678982767,
            0.4225,
            0.42210515215567174,
            0.4175,
            0.4149175645471584,
            0.41250000000000003,
            0.40750000000000003,
            0.4062855441327236,
            0.40249999999999997,
            0.3975,
            0.3925,
            0.38869393558724613,
            0.3925,
            0.39303777536331047,
            0.3975,
            0.3980922039492658,
            0.4025,
            0.40356281453490916,
            0.40750000000000003,
            0.41170600698166715,
            0.41250000000000003
        ],
        "f_mu_Earth": [
            0.2117060069816671,
            0.20804404488977185,
            0.20779058194698954,
            0.2083022954990344,
            0.2125,
            0.21749760612465058,
            0.2175,
            0.22228211573674866,
            0.2225,
            0.22702850904194233,
            0.2275,
            0.2299175645471584,
            0.23225350065341846,
            0.2325,
            0.2362837282337152,
            0.23717751378840327,
            0.23681543626511034,
            0.23250000000000004,
            0.2286939355872461,
            0.2275,
            0.22303777536331046,
            0.2225,
            0.21809220394926582,
            0.2175,
            0.21356281453490916,
            0.2125,
            0.2117060069816671
        ]
    }
}