{
    "0.68": {
        "f_e_Earth": [
            0.3575,
            0.36036898916835464,
            0.3575,
            0.3561046540376456,
            0.3532420406863082,
            0.35250000000000004,
            0.3515867052210062,
            0.35009533674019977,
            0.3482354970235071,
            0.34750000000000003,
            0.3425,
            0.3412067597268806,
            0.340875611450501,
            0.34229165260713335,
            0.3425,
            0.3446114980440174,
            0.34750000000000003,
            0.3487053145264475,
            0.35250000000000004,
            0.352887261751434,
            0.3575
        ],
        "f_mu_Earth": [
            0.2975134420768961,
            0.3025,
            0.3057309704287669,
            0.3075,
            0.3125,
            0.3150718481041743,
            0.3175,
            0.3225,
            0.3275,
            0.32841584647304356,
            0.3312576344044094,
            0.3275,
            0.3225,
            0.3175,
            0.31728889689104467,
            0.3125,
            0.3090473071600785,
            0.3075,
            0.30278014973549017,
            0.3025,
            0.2975134420768961
        ]
    },
    "0.90": {
        "f_e_Earth": [
            0.3575,
            0.3625,
            0.3653826468173029,
            0.3625,
            0.36160119053225487,
            0.3575,
            0.3571991963804981,
            0.3559107467865992,
            0.3552356783407239,
            0.3547296135488116,
            0.35250000000000004,
            0.3522743015005689,
            0.3485642146714933,
            0.34750000000000003,
            0.3425,
            0.3376706958015779,
            0.33784399613904936,
            0.3387768153870627,
            0.3395216902114251,
            0.3425,
            0.34337402533680567,
            0.34750000000000003,
            0.34755306971037536,
            0.3498783516441224,
            0.35250000000000004,
            0.354617278061957,
            0.3575
        ],
        "f_mu_Earth": [
            0.2946172780619569,
            0.29389466612967713,
            0.2975,
            0.30038336292659806,
            0.3025,
            0.3071186390240203,
            0.3075,
            0.3125,
            0.3175,
            0.3225,
            0.32702375366143377,
            0.3275,
            0.3325,
            0.33353942363424693,
            0.33599699803412025,
            0.3325,
            0.3275,
            0.3225,
            0.3175,
            0.31448229746410705,
            0.3125,
            0.30756812756425417,
            0.3075,
            0.3025,
            0.29987835164412235,
            0.2975,
            0.2946172780619569
        ]
    },
    "0.95": {
        "f_e_Earth": [
            0.3575,
            0.36250000000000004,
            0.3656621301322357,
            0.3625,
            0.3617198999022022,
            0.3575,
            0.35730464378195964,
            0.35616784796260925,
            0.35559304691474275,
            0.35513427307541556,
            0.35280032421411445,
            0.35250000000000004,
            0.34910984307291903,
            0.34750000000000003,
            0.3425,
            0.3375,
            0.3370315687361505,
            0.3375,
            0.33752002997695263,
            0.3385746189233695,
            0.33925483407864865,
            0.3425,
            0.34325480812953435,
            0.34713233930511844,
            0.34750000000000003,
            0.3495644174327649,
            0.35250000000000004,
            0.3543378046627026,
            0.3575
        ],
        "f_mu_Earth": [
            0.2943378046627026,
            0.2935451156209331,
            0.2975,
            0.30066291567098674,
            0.3025,
            0.30725232599229046,
            0.3075,
            0.3125,
            0.3175,
            0.3225,
            0.3275,
            0.32781654216232964,
            0.3325,
            0.33407234154183646,
            0.3363829731377388,
            0.33324366526231164,
            0.3325,
            0.3279168578227694,
            0.3275,
            0.3225,
            0.3175,
            0.3142119117467827,
            0.3125,
            0.3075,
            0.30713233930511835,
            0.3025,
            0.2995644174327648,
            0.2975,
            0.2943378046627026
        ]
    },
    "0.997": {
        "f_e_Earth": [
            0.36250000000000004,
            0.36654695516221275,
            0.36729867243432635,
            0.3625,
            0.36241501440526275,
            0.36173744614246855,
            0.35991719734250766,
            0.3595950081372813,
            0.3575642933268971,
            0.35750000000000004,
            0.35698800834295086,
            0.35250000000000004,
            0.3523048243560405,
            0.34750000000000003,
            0.3466855599356778,
            0.3425,
            0.3375,
            0.3338412584553681,
            0.33299640603958625,
            0.3330529184200186,
            0.335355771232265,
            0.3375,
            0.3376922314955004,
            0.3425,
            0.3425567199345969,
            0.34300744484799034,
            0.34750000000000003,
            0.34772614448583256,
            0.35250000000000004,
            0.3527013204228522,
            0.3575,
            0.35850438092604464,
            0.36250000000000004
        ],
        "f_mu_Earth": [
            0.2885043809260447,
            0.2925,
            0.2975,
            0.30229986452414964,
            0.3025,
            0.3075,
            0.3125,
            0.3175,
            0.3225,
            0.32256468718916814,
            0.3275,
            0.33223036737853556,
            0.3325,
            0.33719289526620216,
            0.3375,
            0.34152176460662387,
            0.34115874154463194,
            0.3375,
            0.3325,
            0.3275,
            0.3225,
            0.32035577123226505,
            0.3175,
            0.3126286413308413,
            0.3125,
            0.3075,
            0.30300744484799036,
            0.3025,
            0.29772614448583257,
            0.2975,
            0.29270132042285213,
            0.2925,
            0.2885043809260447
        ]
    }
}