{
    "0.68": {
        "f_e_Earth": [
            0.4575,
            0.4625,
            0.46319390453527887,
            0.4625,
            0.4575,
            0.45711539050612643,
            0.4525,
            0.45041979868448534,
            0.4475,
            0.4425,
            0.44232502454786954,
            0.4425,
            0.4475,
            0.4475973760229645,
            0.4525,
            0.4544633135842929,
            0.4575
        ],
        "f_mu_Earth": [
            0.1649601572257718,
            0.1659477608271518,
            0.1675,
            0.16817763946706077,
            0.17184060347091548,
            0.17250000000000001,
            0.17601846328638138,
            0.1775,
            0.18010955179198074,
            0.1778871401760578,
            0.1775,
            0.17732502454786953,
            0.1726625666681054,
            0.17250000000000001,
            0.16880902030988673,
            0.1675,
            0.1649601572257718
        ]
    },
    "0.90": {
        "f_e_Earth": [
            0.4625,
            0.4652108283465126,
            0.46507452188543913,
            0.4625,
            0.4591036375924519,
            0.4575000000000001,
            0.4525,
            0.45156047090544754,
            0.4475,
            0.4425,
            0.44027779519169297,
            0.4425,
            0.44548757160603936,
            0.44750000000000006,
            0.4525,
            0.4531851105768505,
            0.4575,
            0.46189106738741365,
            0.4625
        ],
        "f_mu_Earth": [
            0.161913109224404,
            0.1625,
            0.1675,
            0.17001417529312465,
            0.17250000000000001,
            0.1741009734610099,
            0.1768308595486837,
            0.1775,
            0.18112902044716286,
            0.18241671688942476,
            0.1775,
            0.17527779519169295,
            0.17250000000000004,
            0.17048757160603936,
            0.16795679083911522,
            0.1675,
            0.16389108580118952,
            0.16249999999999998,
            0.161913109224404
        ]
    },
    "0.95": {
        "f_e_Earth": [
            0.4625,
            0.4675,
            0.4691070193624237,
            0.4675,
            0.4660870779316747,
            0.4625,
            0.4604546569217096,
            0.4575,
            0.4525,
            0.452174628035291,
            0.4475,
            0.4444602901344432,
            0.4425,
            0.44033122079614373,
            0.4391755324360873,
            0.4425,
            0.4443020670300035,
            0.4475,
            0.4524852489260119,
            0.45250000000000007,
            0.4575,
            0.46007412340299947,
            0.4625
        ],
        "f_mu_Earth": [
            0.16016193406612472,
            0.16088942358589,
            0.16249999999999998,
            0.16419710274306312,
            0.1675,
            0.17100299710456368,
            0.17250000000000001,
            0.17544974833485527,
            0.1772682673750356,
            0.1775,
            0.18167791953642431,
            0.1825,
            0.18444263065843367,
            0.1825,
            0.1775,
            0.1741755324360873,
            0.17250000000000001,
            0.16930206703000358,
            0.16750000000000004,
            0.16748524892601188,
            0.16331547974569602,
            0.1625,
            0.16016193406612472
        ]
    },
    "0.997": {
        "f_e_Earth": [
            0.4625,
            0.4675,
            0.47224578398860817,
            0.46770016301126754,
            0.4675,
            0.4625,
            0.46234661457159426,
            0.4575,
            0.45689567859713326,
            0.4525,
            0.4475,
            0.4473025263175786,
            0.4425,
            0.4375,
            0.4348086904911247,
            0.4375,
            0.43763193168405606,
            0.4425,
            0.4426418950376189,
            0.4475,
            0.4478925392741327,
            0.4525,
            0.4575,
            0.4575296882522361,
            0.4625
        ],
        "f_mu_Earth": [
            0.15770960110149237,
            0.1577437114715373,
            0.1625,
            0.1675,
            0.16770016301126756,
            0.17238773598283907,
            0.17250000000000001,
            0.1773385628656924,
            0.1775,
            0.18189567859713324,
            0.18244659383179015,
            0.1825,
            0.18725926226354878,
            0.18519130950887533,
            0.1825,
            0.17980869049112466,
            0.1775,
            0.17263193168405608,
            0.17250000000000001,
            0.1676418950376189,
            0.1675,
            0.1628925392741327,
            0.1625094052089171,
            0.1625,
            0.15770960110149237
        ]
    }
}