{
    "0.68": {
        "f_e_Earth": [
            0.34750000000000003,
            0.35250000000000004,
            0.35487305016294424,
            0.35250000000000004,
            0.3504845348103407,
            0.34750000000000003,
            0.3442012246653025,
            0.3425,
            0.3407196233096993,
            0.3425,
            0.34305857984489807,
            0.3473059921712098,
            0.34750000000000003
        ],
        "f_mu_Earth": [
            0.3272930264842598,
            0.32513279065366096,
            0.3275,
            0.3298596348074294,
            0.3325,
            0.3352302285168667,
            0.3375,
            0.33910508747075707,
            0.3375,
            0.3336340406379606,
            0.3325,
            0.32749999999999996,
            0.3272930264842598
        ]
    },
    "0.90": {
        "f_e_Earth": [
            0.35250000000000004,
            0.3537401130453317,
            0.35750000000000004,
            0.35831977734636494,
            0.3575,
            0.3532025892212627,
            0.35250000000000004,
            0.34750000000000003,
            0.3470246001576195,
            0.3425,
            0.33776488604482796,
            0.33887168810879026,
            0.3425,
            0.3431553854689496,
            0.34750000000000003,
            0.3504629167981117,
            0.35250000000000004
        ],
        "f_mu_Earth": [
            0.32172843860486167,
            0.3225,
            0.3261887109584218,
            0.32749999999999996,
            0.32831977734636497,
            0.3325,
            0.3332025892212626,
            0.3371728940604194,
            0.3375,
            0.34176891237312795,
            0.3375,
            0.3325,
            0.3283046744524654,
            0.3275,
            0.322865031660656,
            0.3225,
            0.32172843860486167
        ]
    },
    "0.95": {
        "f_e_Earth": [
            0.34750000000000003,
            0.35250000000000004,
            0.35564959590637374,
            0.3575,
            0.35949092886007117,
            0.3575,
            0.35440657273016957,
            0.35250000000000004,
            0.34750000000000003,
            0.3472709974154128,
            0.3425,
            0.33906459126163435,
            0.3375,
            0.33612270260131855,
            0.3375,
            0.33750702478565603,
            0.3384870598728227,
            0.3425,
            0.34279316014242167,
            0.3473940531086475,
            0.34750000000000003
        ],
        "f_mu_Earth": [
            0.3223937181614973,
            0.32054041525021304,
            0.3225,
            0.32431537528653437,
            0.3275,
            0.32949092886007125,
            0.3325,
            0.33440657273016955,
            0.3373424313621505,
            0.3375,
            0.3420013855786835,
            0.3425,
            0.34387729739868156,
            0.3425,
            0.33763566142008294,
            0.3375,
            0.3325,
            0.3278599385220822,
            0.3275,
            0.3225,
            0.3223937181614973
        ]
    },
    "0.997": {
        "f_e_Earth": [
            0.34750000000000003,
            0.35250000000000004,
            0.3575,
            0.3611834050039832,
            0.36200649946893276,
            0.3575,
            0.3569926647029969,
            0.35250000000000004,
            0.3512152427143778,
            0.34750000000000003,
            0.3425367608121752,
            0.3425,
            0.3375,
            0.33309413871407895,
            0.333328809216326,
            0.3375,
            0.3376608990606522,
            0.3386971066631254,
            0.3425,
            0.34328499082816,
            0.34750000000000003
        ],
        "f_mu_Earth": [
            0.31827166523368544,
            0.31798860483232994,
            0.3188165949960168,
            0.3225,
            0.3275,
            0.3320064994689328,
            0.3325,
            0.33699266470299694,
            0.3375,
            0.3412152427143778,
            0.3425,
            0.3425367608121752,
            0.3469058612859211,
            0.3425,
            0.3375,
            0.33332378704682064,
            0.3325,
            0.3275,
            0.32367310316080483,
            0.3225,
            0.31827166523368544
        ]
    }
}