{
    "0.68": {
        "f_e_Earth": [
            0.2275,
            0.2325,
            0.23359073431390015,
            0.23401294208266554,
            0.23371191711442724,
            0.2329839656050864,
            0.2325,
            0.23191382079873168,
            0.23031505454856424,
            0.22878246118203271,
            0.2275,
            0.22677260885476072,
            0.22485379468437594,
            0.2225,
            0.22240332009423128,
            0.219626568038776,
            0.21749999999999997,
            0.2160767462825383,
            0.21288112278360474,
            0.2125,
            0.21168438442146145,
            0.21012434139077235,
            0.2099396237697776,
            0.21025291619393466,
            0.21064402898106127,
            0.2114120967274933,
            0.2125,
            0.21296065720046842,
            0.21456540958285086,
            0.215545450484187,
            0.21709871593545638,
            0.2175,
            0.21959002609935624,
            0.22113119385596952,
            0.2225,
            0.2246246922182029,
            0.2275
        ],
        "f_mu_Earth": [
            0.5176724047173984,
            0.5187216995423349,
            0.5225,
            0.5275000000000001,
            0.5325,
            0.5375000000000001,
            0.5400790858985489,
            0.5425,
            0.5475000000000001,
            0.5525,
            0.5559145034611059,
            0.5575000000000001,
            0.5625,
            0.5673630653092157,
            0.5675000000000001,
            0.5725,
            0.5761252227017314,
            0.5775,
            0.5825,
            0.5830701157688902,
            0.5825,
            0.5775,
            0.5725,
            0.5675000000000001,
            0.5625,
            0.5575000000000001,
            0.5536351595145966,
            0.5525,
            0.5475000000000001,
            0.5425,
            0.5375000000000001,
            0.536739341833639,
            0.5325,
            0.5275000000000001,
            0.5248184928015512,
            0.5225,
            0.5176724047173984
        ]
    },
    "0.90": {
        "f_e_Earth": [
            0.2325,
            0.23300600457435444,
            0.2362632374154629,
            0.2372660357921019,
            0.23744883516594573,
            0.23702812932858647,
            0.23631196115276373,
            0.2354205496275355,
            0.2342179115379292,
            0.2325,
            0.23243144692889636,
            0.23057746487145586,
            0.22890278033529618,
            0.2275,
            0.22634104965434887,
            0.22426503989934143,
            0.22250000000000003,
            0.2213673703706697,
            0.21896407767350343,
            0.21750000000000003,
            0.21561995403596124,
            0.2125500172679477,
            0.2125,
            0.20750000000000002,
            0.20581572422726632,
            0.20529789220485628,
            0.2053253563834746,
            0.2056963555035234,
            0.2063702241024899,
            0.20750000000000002,
            0.20783037738666701,
            0.2086598081028498,
            0.2093405791449741,
            0.21018400225336004,
            0.2125,
            0.21254238461857974,
            0.21377066723938704,
            0.21477307217745595,
            0.21731189646373267,
            0.21750000000000003,
            0.21908873392563633,
            0.22099969616185622,
            0.22249999999999998,
            0.22450267383131087,
            0.2275,
            0.2314996623549579,
            0.2325
        ],
        "f_mu_Earth": [
            0.5121144760005841,
            0.5125,
            0.5175000000000001,
            0.5225,
            0.5275000000000001,
            0.5325,
            0.5375000000000001,
            0.5425,
            0.5475000000000001,
            0.5522955891628661,
            0.5525,
            0.5575000000000001,
            0.5625,
            0.5651376267196069,
            0.5675000000000001,
            0.5725,
            0.5756644263020563,
            0.5775,
            0.5825,
            0.5849289654648646,
            0.5874999999999999,
            0.5925000000000001,
            0.5925693118329942,
            0.5969736857032023,
            0.5925,
            0.5874999999999999,
            0.5825,
            0.5775,
            0.5725,
            0.5691129858417309,
            0.5675000000000001,
            0.5625,
            0.5575000000000001,
            0.5525,
            0.5476208670744585,
            0.5475000000000001,
            0.5425,
            0.5375000000000001,
            0.5325,
            0.5322650784013206,
            0.5275000000000001,
            0.5225,
            0.5205347961861208,
            0.5175000000000001,
            0.5137535923163465,
            0.5125,
            0.5121144760005841
        ]
    },
    "0.95": {
        "f_e_Earth": [
            0.23249999999999998,
            0.23484625249564034,
            0.2374947114298153,
            0.2375,
            0.23877491247872162,
            0.2389669237084846,
            0.2384178838456464,
            0.2375,
            0.237296501743322,
            0.23642113728803554,
            0.23537099006334633,
            0.23396669304204282,
            0.2325,
            0.23166544334640904,
            0.23015562417856683,
            0.2275,
            0.2274967278382609,
            0.22549903378107994,
            0.22284787261470665,
            0.2225,
            0.22031037067015263,
            0.21749999999999997,
            0.21725322170674083,
            0.21429444829899816,
            0.2125,
            0.20976129821511108,
            0.20750000000000002,
            0.20552535951240472,
            0.2044157486476564,
            0.2042665017451497,
            0.20442288973123132,
            0.2047271721825286,
            0.20520309965241212,
            0.20655603473638331,
            0.20750000000000002,
            0.20807280431415906,
            0.20872774985634457,
            0.2093738860013266,
            0.21106838403167838,
            0.21249999999999997,
            0.21324562262351673,
            0.21408506324050652,
            0.21586079651051487,
            0.21750000000000003,
            0.218484500933977,
            0.21994431000069875,
            0.22249999999999998,
            0.2235904099792479,
            0.2275,
            0.22786161367877497,
            0.23249999999999998
        ],