{
    "0.68": {
        "f_e_Earth": [
            0.1975,
            0.2025,
            0.20750000000000002,
            0.21250000000000002,
            0.2175,
            0.2225,
            0.2236869134809965,
            0.22627595467604872,
            0.22695408274473639,
            0.22689688563476285,
            0.22575069602783032,
            0.22414475169491427,
            0.22264555021983315,
            0.2225,
            0.21988802833164345,
            0.21770969272253493,
            0.21749999999999997,
            0.21354835984726633,
            0.2125,
            0.20779602783393533,
            0.20750000000000005,
            0.2025,
            0.1975,
            0.1925,
            0.1875,
            0.1825,
            0.1775,
            0.17250000000000004,
            0.1703487011920906,
            0.16909723878446914,
            0.16943686975441546,
            0.17105015277099178,
            0.17250000000000001,
            0.1729895711090489,
            0.17566957826781696,
            0.1775,
            0.17825743812322534,
            0.18145619197559054,
            0.18249999999999997,
            0.1851322402584531,
            0.1875,
            0.18967441833837223,
            0.1925,
            0.19611996922426894,
            0.1975
        ],
        "f_mu_Earth": [
            0.5216794091942045,
            0.5197385749430108,
            0.5196563155509425,
            0.5191015379355207,
            0.5196141157143874,
            0.5213706083307302,
            0.5225,
            0.5275000000000001,
            0.5325,
            0.5375000000000001,
            0.5425,
            0.5475000000000001,
            0.5525,
            0.5528937023854339,
            0.5575000000000001,
            0.5625000000000001,
            0.5628983299386603,
            0.5675000000000001,
            0.5690535659664244,
            0.5725,
            0.5727118086716403,
            0.5748507107537726,
            0.5743481151243279,
            0.5743158855295856,
            0.5742665409958153,
            0.5743065366004168,
            0.5735691822022624,
            0.5742175799387826,
            0.5725,
            0.5675000000000001,
            0.5625,
            0.5575000000000001,
            0.5534014209886197,
            0.5525,
            0.5475000000000001,
            0.5438062471193774,
            0.5425,
            0.5375000000000001,
            0.5359359820902379,
            0.5325,
            0.5295139396276374,
            0.5275000000000001,
            0.5250040225800576,
            0.5225,
            0.5216794091942045
        ]
    },
    "0.90": {
        "f_e_Earth": [
            0.2025,
            0.20750000000000002,
            0.21249999999999997,
            0.2175,
            0.2225,
            0.22454203566280007,
            0.22749999999999998,
            0.22877745042003503,
            0.23010639905968253,
            0.23034286859899644,
            0.23013827870859016,
            0.2293578590205405,
            0.22794055247311523,
            0.2275,
            0.22610429634544227,
            0.22425978789199358,
            0.2225,
            0.22185669376002334,
            0.21911827552256802,
            0.2175,
            0.21585650945968166,
            0.2125,
            0.21234294990177735,
            0.2078711274008553,
            0.20750000000000002,
            0.2025,
            0.2011559335882992,
            0.19750000000000004,
            0.1925,
            0.1875,
            0.1825,
            0.1775,
            0.17250000000000004,
            0.1675,
            0.1629544441556482,
            0.1625,
            0.16098772885689236,
            0.16116001648603767,
            0.16161112359029978,
            0.1625,
            0.163249804814904,
            0.1651289552119113,
            0.16705490607767895,
            0.16749999999999998,
            0.16959043806546475,
            0.1717192290866783,
            0.17250000000000001,
            0.1748979358010474,
            0.1775,
            0.17813631520626666,
            0.18143877391971797,
            0.1825,
            0.18558487688056657,
            0.1875,
            0.19076267640982683,
            0.1925,
            0.1975,
            0.19799393010905542,
            0.2025
        ],
        "f_mu_Earth": [
            0.5158195891380563,
            0.5156251117328656,
            0.5154341929049832,
            0.5156201007344186,
            0.516457580218785,
            0.5175000000000001,
            0.5202818950314142,
            0.5225,
            0.5275000000000001,
            0.5325,
            0.5375000000000001,
            0.5425,
            0.5475000000000001,
            0.5486188926827655,
            0.5525,
            0.5575000000000001,
            0.5613297189077157,
            0.5625,
            0.5675000000000001,
            0.5703206413431129,
            0.5725,
            0.5773768682547075,
            0.5775,
            0.5825,
            0.5829591915298717,
            0.5870360717513853,
            0.5874999999999999,
            0.5888252995918226,
            0.5893780666922868,
            0.5895573807670046,
            0.5892152364854624,
            0.5887518989612881,
            0.5897281641408496,
            0.589471335797761,
            0.5874999999999999,
            0.587173813602566,
            0.5825,
            0.5774999999999999,
            0.5725,
            0.5695746243204965,
            0.5675000000000001,
            0.5625,
            0.5575000000000001,
            0.556747443153126,
            0.5525,
            0.5475000000000001,
            0.5463714665700435,
            0.5425,
            0.5384271562475149,
            0.5375000000000001,
            0.5325,
            0.5312580095192506,
            0.5275000000000001,
            0.5254729578761674,
            0.5225,
            0.5208908110612853,
            0.5177392606253327,
            0.5175000000000001,
            0.5158195891380563
        ]
    },
    "0.95": {
        "f_e_Earth": [
            0.1975,
            0.2025,
            0.20750000000000002,
            0.21250000000000002,
            0.2175,
            0.2225,
            0.22750000000000004,
            0.22806986849607414,
            0.23074677312966116,
            0.23181314540802517,
            0.23198649034408567,
            0.2317016067058773,
            0.2309944001272059,
            0.22988067599923784,
            0.22811007643702702,
            0.22749999999999998,
            0.2260357718768472,
            0.2241398448802424,
            0.2225,
            0.22111193555364375,
            0.21853019786845934,
            0.21750000000000003,
            0.21504766450153678,
            0.2125,
            0.21145607406860692,
            0.20750000000000002,
            0.2073743604657552,
            0.2025,
            0.20156311051681747,
            0.1975,
            0.1925,
            0.1875,
            0.1825,
            0.1775,
            0.17250000000000001,
            0.1675,
            0.1625,
            0.15769990791856175,
            0.1575,
            0.15679536423714743,
            0.1568453034324833,
            0.1575,
            0.1582399694234133,
            0.15947226601609632,
            0.1608517159524958,
            0.1625,
            0.16334408861543293,
            0.1651093336667151,
            0.16750000000000004,
            0.16797144579112266,
            0.1699507128224398,
            0.17250000000000001,
            0.17331464058680104,
            0.1760255644498152,
            0.1775,
            0.1796808175376364,
            0.1825,
            0.1838959983772589,
            0.1875,
            0.18880089899793875,
            0.1925,
            0.1949779632372756,
            0.1975
        ],