{
    "0.68": {
        "f_e_Earth": [
            0.4525,
            0.4557873550751661,
            0.4525,
            0.45037504357846125,
            0.4475,
            0.44462955862256215,
            0.4425,
            0.4385835033513005,
            0.4375,
            0.43308133605136817,
            0.4325,
            0.42824363555548395,
            0.4275,
            0.42420604410574153,
            0.4225,
            0.41966635430973026,
            0.4175,
            0.416634050556632,
            0.41250000000000003,
            0.4119784587044403,
            0.40750000000000003,
            0.4045627330549336,
            0.40591633772067076,
            0.40750000000000003,
            0.40890658705702543,
            0.4120041726832597,
            0.4125000000000001,
            0.41692530183646925,
            0.4175,
            0.42243502340082384,
            0.42250000000000004,
            0.4275,
            0.4283792107168673,
            0.4325,
            0.43418207503196643,
            0.4375,
            0.44038933508707123,
            0.4425,
            0.4475,
            0.44825965566408876,
            0.4525
        ],
        "f_mu_Earth": [
            0.16975818867807663,
            0.17250000000000001,
            0.1752942216417526,
            0.1775,
            0.18023565339004782,
            0.1825,
            0.1846565763951529,
            0.1875,
            0.1887198758671657,
            0.1925,
            0.19330055436968197,
            0.1975,
            0.19875275113281443,
            0.2025,
            0.20511515354030382,
            0.20750000000000002,
            0.2113661559901465,
            0.2125,
            0.21715602978666657,
            0.2175,
            0.21891810831142267,
            0.2175,
            0.21249999999999997,
            0.20945220603700676,
            0.20750000000000002,
            0.2025,
            0.20201283300885392,
            0.1975,
            0.19693776322469633,
            0.1925,
            0.19243542110632975,
            0.18855410887803337,
            0.1875,
            0.18408884555208277,
            0.1825,
            0.17955213480524262,
            0.1775,
            0.17548639040118214,
            0.17321820171265365,
            0.17250000000000001,
            0.16975818867807663
        ]
    },
    "0.90": {
        "f_e_Earth": [
            0.4575,
            0.462319131954826,
            0.4575,
            0.4574584902334482,
            0.4525,
            0.45174344642543424,
            0.4475,
            0.446280137882094,
            0.4425,
            0.4408858346949243,
            0.4375,
            0.43611130458767383,
            0.4325,
            0.43247274124260765,
            0.4297324862510999,
            0.4275,
            0.4267035780920643,
            0.4236612425874401,
            0.4225,
            0.41845242335075106,
            0.4174999999999999,
            0.41250000000000003,
            0.41070844079105184,
            0.40750000000000003,
            0.4025,
            0.3975,
            0.3959771736642941,
            0.3975,
            0.39873442917069857,
            0.4014256136028091,
            0.4025,
            0.40510307009346463,
            0.4075,
            0.4094970006880809,
            0.41250000000000003,
            0.4145097010229837,
            0.4175,
            0.41980699716655856,
            0.4225,
            0.4258970437195391,
            0.4275,
            0.4325,
            0.4328541716491865,
            0.4375,
            0.43872822061731337,
            0.4425,
            0.4453865529959903,
            0.44750000000000006,
            0.4525,
            0.45429634517506967,
            0.4575
        ],
        "f_mu_Earth": [
            0.1647288378848895,
            0.1675,
            0.1723901743160372,
            0.17250000000000001,
            0.17671467118821035,
            0.1775,
            0.18153771222328352,
            0.1825,
            0.18632809660207383,
            0.1875,
            0.1913119845495569,
            0.1925,
            0.19747310576405955,
            0.1975,
            0.2025,
            0.2063449934412725,
            0.20750000000000002,
            0.2125,
            0.21366660843935703,
            0.2175,
            0.2183399609493012,
            0.2212681918055702,
            0.2225,
            0.2245822973288512,
            0.22589910656221945,
            0.22674234308611807,
            0.2225,
            0.21985688194599434,
            0.2175,
            0.2125,
            0.2113881733185468,
            0.20750000000000002,
            0.20503504644517112,
            0.2025,
            0.19954945231977317,
            0.1975,
            0.19457454075770403,
            0.1925,
            0.18982348036309077,
            0.1875,
            0.1858970437195391,
            0.18283454158630838,
            0.1825,
            0.17837233712994513,
            0.1775,
            0.17390165943770675,
            0.1725,
            0.17039354175135613,
            0.1683643820485295,
            0.1675,
            0.1647288378848895
        ]
    },
    "0.95": {
        "f_e_Earth": [
            0.4575,
            0.4625,
            0.46408290981345013,
            0.4625,
            0.4591487867638435,
            0.4575000000000001,
            0.4525,
            0.4521676343149546,
            0.4475,
            0.4467917969553965,
            0.4425,
            0.4415995288207358,
            0.4375,
            0.4370505572073038,
            0.43426605240588434,
            0.4325,
            0.43119239412064403,
            0.4286652537137531,
            0.42749999999999994,
            0.42525254281090585,
            0.4225,
            0.42014039901939354,
            0.4175,
            0.41250000000000003,
            0.4124413738620331,
            0.4075000000000001,
            0.4025,
            0.401939130081522,
            0.3975,
            0.3944083206024942,
            0.39452057543934127,
            0.3973251509469665,
            0.3975000000000001,
            0.400040881100008,
            0.4025,
            0.40414370762571944,
            0.4075000000000001,
            0.4087198085040308,
            0.4125,
            0.41376089476811323,
            0.4175,
            0.4189923416691785,
            0.4225,
            0.42471326713283786,
            0.4275,
            0.4321526215161911,
            0.4325,
            0.4375,
            0.43821329575966866,
            0.4425,
            0.44437488765963584,
            0.4475,
            0.4525,
            0.4533984391720555,
            0.4575
        ],