{
    "0.68": {
        "f_e_Earth": [
            0.35250000000000004,
            0.353485550134907,
            0.35250000000000004,
            0.3500735829940005,
            0.35250000000000004
        ],
        "f_mu_Earth": [
            0.32654167756551844,
            0.3275,
            0.32857439873759997,
            0.3275,
            0.32654167756551844
        ]
    },
    "0.90": {
        "f_e_Earth": [
            0.34750000000000003,
            0.35250000000000004,
            0.3550300306121525,
            0.35250000000000004,
            0.351066025276852,
            0.34750000000000003,
            0.34461800867374265,
            0.3425,
            0.340370105898296,
            0.34248026435750795,
            0.3425,
            0.3467202064863005,
            0.34750000000000003
        ],
        "f_mu_Earth": [
            0.3267278247381382,
            0.3250398663044374,
            0.3275,
            0.3302581161013613,
            0.3325,
            0.3358504884921673,
            0.3375,
            0.3395122244564691,
            0.3375,
            0.3325,
            0.33247975003773295,
            0.3275,
            0.3267278247381382
        ]
    },
    "0.95": {
        "f_e_Earth": [
            0.34750000000000003,
            0.35250000000000004,
            0.3575,
            0.3575209946393681,
            0.3575,
            0.3553979034602437,
            0.35250000000000004,
            0.34750000000000003,
            0.34744673379807106,
            0.3425,
            0.33752550708605283,
            0.3380405043483066,
            0.3425,
            0.3428595727540282,
            0.34750000000000003
        ],
        "f_mu_Earth": [
            0.3229049077597366,
            0.32263690098801545,
            0.32747869295531945,
            0.3275,
            0.32752099463936807,
            0.3325,
            0.3353979034602437,
            0.33746951301960565,
            0.3375,
            0.3421996685384352,
            0.3375,
            0.3325,
            0.3279242878734138,
            0.3275,
            0.3229049077597366
        ]
    },
    "0.997": {
        "f_e_Earth": [
            0.35250000000000004,
            0.3554548417656006,
            0.3575,
            0.3613731621765717,
            0.3575,
            0.35702425801582294,
            0.35250000000000004,
            0.35116135529061066,
            0.34750000000000003,
            0.3425,
            0.3416833773420087,
            0.3375,
            0.33367214661120664,
            0.33372156307692347,
            0.3375,
            0.3376223257858317,
            0.3423162498659532,
            0.3425,
            0.34750000000000003,
            0.3486979415589511,
            0.35250000000000004
        ],
        "f_mu_Earth": [
            0.319626933491195,
            0.3225,
            0.3235692042333098,
            0.3275,
            0.33137316217657176,
            0.3325,
            0.337024258015823,
            0.3375,
            0.34116135529061065,
            0.3424527974239153,
            0.3425,
            0.3463278533887934,
            0.3425,
            0.3375,
            0.33372156307692347,
            0.3325,
            0.3275,
            0.3273162498659532,
            0.32254482930433,
            0.3225,
            0.319626933491195
        ]
    }
}