{
    "0.68": {
        "f_e_Earth": [
            0.4575,
            0.4625,
            0.46352449119626454,
            0.4625,
            0.4575,
            0.45695336005612947,
            0.4525,
            0.45067398055975005,
            0.4475,
            0.44400874857798367,
            0.4425,
            0.4375,
            0.4356163993643628,
            0.4325,
            0.4293845103493781,
            0.4325,
            0.4341169864129716,
            0.4375,
            0.43960187484713986,
            0.4425,
            0.4459713032719597,
            0.4475,
            0.4525,
            0.4540316285616681,
            0.4575
        ],
        "f_mu_Earth": [
            0.16470093243980036,
            0.164291704046306,
            0.16749999999999998,
            0.16849285204201386,
            0.17166963548506453,
            0.17250000000000001,
            0.17603664935013608,
            0.1775,
            0.18044323184089586,
            0.1825,
            0.18400158507806902,
            0.18630727662834745,
            0.1875,
            0.18997020458629627,
            0.1875,
            0.1848987791913759,
            0.1825,
            0.1794408167022754,
            0.1775,
            0.17473597445524214,
            0.17250000000000004,
            0.1709865708254573,
            0.16856976664852588,
            0.1675,
            0.16470093243980036
        ]
    },
    "0.90": {
        "f_e_Earth": [
            0.4625,
            0.4675,
            0.47014825365863694,
            0.4675,
            0.46574028712464205,
            0.4625,
            0.4594373724794539,
            0.4575,
            0.4525,
            0.4518720888648022,
            0.4475,
            0.4458946199793824,
            0.4425,
            0.4383844273575359,
            0.4375,
            0.4325,
            0.4313475463751967,
            0.4275,
            0.4249099815217514,
            0.4225,
            0.4175,
            0.41599591171218414,
            0.4175,
            0.4208397216154981,
            0.4225,
            0.42661965882852765,
            0.4275,
            0.4325,
            0.43281555949329337,
            0.4375,
            0.4383273630043543,
            0.4425,
            0.4440842050234256,
            0.4475,
            0.4525,
            0.45250395760216927,
            0.4575,
            0.4600710830387073,
            0.4625
        ],
        "f_mu_Earth": [
            0.16019345298707122,
            0.15979999483319202,
            0.1625,
            0.1651321903927206,
            0.1675,
            0.17064021799322657,
            0.17250000000000001,
            0.17443717291492156,
            0.17699679935082027,
            0.1775,
            0.18155423754678737,
            0.1825,
            0.1858785024099694,
            0.1875,
            0.1883880012993416,
            0.19180361372633953,
            0.1925,
            0.1960085769089491,
            0.1975,
            0.19950441329430024,
            0.20151223131446305,
            0.1975,
            0.19603480479349,
            0.1925,
            0.19085895481270412,
            0.1875,
            0.18661998411278113,
            0.18296812857552844,
            0.1825,
            0.17826396553290544,
            0.1775,
            0.17352043575185705,
            0.17250000000000001,
            0.16911831959408247,
            0.1675027641889912,
            0.1675,
            0.16346806153729723,
            0.1625,
            0.16019345298707122
        ]
    },
    "0.95": {
        "f_e_Earth": [
            0.4625,
            0.4675,
            0.4712027543506282,
            0.4675,
            0.4665192192595916,
            0.4625,
            0.4606804781937396,
            0.4575,
            0.4525,
            0.452293267118631,
            0.4475,
            0.44655757175130284,
            0.4425,
            0.4400590963143844,
            0.4375,
            0.4325,
            0.4324141486588064,
            0.4275,
            0.4265990670716634,
            0.4225,
            0.4194969747604316,
            0.4175,
            0.41250000000000003,
            0.40990211495621565,
            0.41250000000000003,
            0.4144968028209421,
            0.4175,
            0.41945997234897703,
            0.4225,
            0.42494704036039876,
            0.4275,
            0.43162573810143695,
            0.4325,
            0.4375,
            0.43787932615312397,
            0.4425,
            0.4434208219705167,
            0.4475,
            0.4504797770574077,
            0.45250000000000007,
            0.4575,
            0.45892001604223,
            0.4625
        ],
        "f_mu_Earth": [
            0.15910037727278548,
            0.15872488735340304,
            0.1625,
            0.16618029489793829,
            0.1675,
            0.17139509452471333,
            0.17250000000000001,
            0.17568015057958694,
            0.17733432668369717,
            0.1775,
            0.1819447960974861,
            0.1825,
            0.18653830650372075,
            0.1875,
            0.19006943753825634,
            0.1924481231224443,
            0.1925,
            0.19698121135656224,
            0.1975,
            0.20090924793759396,
            0.2025,
            0.20422011771817322,
            0.20602186811177856,
            0.2025,
            0.19993670791217677,
            0.1975,
            0.19457446022510427,
            0.1925,
            0.1894951890041293,
            0.1875,
            0.18494798367373838,
            0.1825,
            0.18162573810143695,
            0.17785025992846085,
            0.1775,
            0.17309313008475308,
            0.17250000000000001,
            0.1684615619470267,
            0.1675,
            0.16547977705740766,
            0.16303466297748165,
            0.1625,
            0.15910037727278548
        ]
    },
    "0.997": {
        "f_e_Earth": [
            0.4675,
            0.47250000000000003,
            0.4754247295754499,
            0.47455222143120435,
            0.47250000000000003,
            0.46913607614133734,
            0.4675,
            0.4625,
            0.4623290902439389,
            0.4575,
            0.45679155424590145,
            0.4525,
            0.4475,
            0.44743678119208397,
            0.4425,
            0.44228004936015286,
            0.4375,
            0.4370629299801421,
            0.4325,
            0.43189684978839443,
            0.4275,
            0.4254259691447757,
            0.4225,
            0.4175,
            0.41685363535539627,
            0.4125000000000001,
            0.4094981581441639,
            0.40750000000000003,
            0.4025000000000001,
            0.39843860865185265,
            0.4025,
            0.40268313471933626,
            0.4065918549231602,
            0.40750000000000003,
            0.41250000000000003,
            0.41250867827589266,
            0.4175,
            0.41763014304250695,
            0.4225,
            0.42272880668143303,
            0.4275,
            0.42788859323599854,
            0.4325,
            0.4336166677119462,
            0.4375,
            0.4425,
            0.4425410405630664,
            0.4475,
            0.4477806579527889,
            0.4525,
            0.4554919466624246,
            0.4575,
            0.4625,
            0.46462292707048924,
            0.4675
        ],