{
    "0.68": {
        "f_e_Earth": [
            0.3575,
            0.3625,
            0.36305946717120824,
            0.3625,
            0.3587302884506322,
            0.35749999999999993,
            0.3560525964901173,
            0.35749361670683805,
            0.3575
        ],
        "f_mu_Earth": [
            0.29749361670683805,
            0.2965126527365496,
            0.2975,
            0.29806170942952115,
            0.3025,
            0.3037294837340456,
            0.3025,
            0.2975,
            0.29749361670683805
        ]
    },
    "0.90": {
        "f_e_Earth": [
            0.3625,
            0.3625871710402059,
            0.3653614412591067,
            0.3625,
            0.3606933319618597,
            0.3575,
            0.3537431250269469,
            0.3549049665203612,
            0.3575,
            0.36243479623034247,
            0.3625
        ],
        "f_mu_Earth": [
            0.29243479623034246,
            0.2925,
            0.2975,
            0.30037290947525996,
            0.3025,
            0.30569124324258845,
            0.3025,
            0.2975,
            0.29490496652036124,
            0.2925,
            0.29243479623034246
        ]
    },
    "0.95": {
        "f_e_Earth": [
            0.3625,
            0.366501868186615,
            0.36663045264893734,
            0.3625,
            0.3617755007784319,
            0.3575,
            0.35250000000000004,
            0.35233368220924915,
            0.35250000000000004,
            0.35347791893186065,
            0.35749999999999993,
            0.3595066103281145,
            0.3625
        ],
        "f_mu_Earth": [
            0.2895066103281144,
            0.2925,
            0.2975,
            0.3016470068674235,
            0.3025,
            0.30677270422581016,
            0.3027053352629441,
            0.3025,
            0.30233368220924917,
            0.2975,
            0.2934779189318606,
            0.2925,
            0.2895066103281144
        ]
    },
    "0.997": {
        "f_e_Earth": [
            0.3625,
            0.3675,
            0.37107840219002775,
            0.3675,
            0.3673448177695203,
            0.3625,
            0.3623846865299049,
            0.3575,
            0.35300647949795133,
            0.35250000000000004,
            0.3520415079246712,
            0.3483629699381663,
            0.35250000000000004,
            0.3526745904268478,
            0.3575,
            0.3578582453946731,
            0.3625
        ],
        "f_mu_Earth": [
            0.2878582453946731,
            0.28892159780997223,
            0.2925,
            0.2960788835624427,
            0.2975,
            0.3023642350534597,
            0.3025,
            0.30738149151635447,
            0.3075,
            0.3079584920753288,
            0.3075,
            0.3025,
            0.29836296993816624,
            0.2975,
            0.29267459042684774,
            0.2925,
            0.2878582453946731
        ]
    }
}