{
    "0.68": {
        "f_e_Earth": [
            0.34750000000000003,
            0.35250000000000004,
            0.3545827416015418,
            0.35250000000000004,
            0.3507578401192699,
            0.34750000000000003,
            0.34533196541672406,
            0.3425,
            0.34007968783545983,
            0.3421313085400429,
            0.34249999999999997,
            0.34556452197936227,
            0.34750000000000003
        ],
        "f_mu_Earth": [
            0.3253610656415334,
            0.3236252104786201,
            0.3275,
            0.33005135914852796,
            0.3325,
            0.3357056122969947,
            0.3375,
            0.3399071289864896,
            0.3375,
            0.3325,
            0.3320695814754811,
            0.3275,
            0.3253610656415334
        ]
    },
    "0.90": {
        "f_e_Earth": [
            0.35250000000000004,
            0.3575,
            0.358247523683725,
            0.35750000000000004,
            0.3568149820544469,
            0.3532108372979959,
            0.35250000000000004,
            0.3479524654137136,
            0.34750000000000003,
            0.3425,
            0.3378959771592322,
            0.33749999999999997,
            0.3372918853781869,
            0.3375,
            0.33810292446523327,
            0.3392918369383625,
            0.3425,
            0.3433414592315993,
            0.34750000000000003,
            0.34842081520800494,
            0.35250000000000004
        ],
        "f_mu_Earth": [
            0.3198008752446686,
            0.3217522820438973,
            0.3225,
            0.32382813779479136,
            0.3275,
            0.33249999999999996,
            0.3332117592508204,
            0.3375,
            0.3379514044321453,
            0.34187312514087714,
            0.3425,
            0.3427081222385029,
            0.3425,
            0.3420875219973356,
            0.3375,
            0.3325,
            0.3287547198365628,
            0.3275,
            0.3229043158146091,
            0.3225,
            0.3198008752446686
        ]
    },
    "0.95": {
        "f_e_Earth": [
            0.34750000000000003,
            0.35250000000000004,
            0.3575,
            0.36027858525470124,
            0.3575,
            0.357488201794375,
            0.3552616137101733,
            0.35250000000000004,
            0.35013006526402424,
            0.34750000000000003,
            0.3425,
            0.34225064614475864,
            0.3375,
            0.3350031920333445,
            0.3375,
            0.33750675386888396,
            0.3384354828073688,
            0.3425,
            0.3426710073889471,
            0.34602790003705297,
            0.34750000000000003
        ],
        "f_mu_Earth": [
            0.3210158654747106,
            0.3186843253504338,
            0.3197206926245471,
            0.3225,
            0.32743675875850425,
            0.3275,
            0.3325,
            0.3352651955109138,
            0.3375,
            0.3401238980506107,
            0.34246604846060014,
            0.3425,
            0.34499689934616284,
            0.3425,
            0.33755138872920043,
            0.3375,
            0.3325,
            0.3277549931773913,
            0.3275,
            0.3225,
            0.3210158654747106
        ]
    },
    "0.997": {
        "f_e_Earth": [
            0.34750000000000003,
            0.35250000000000004,
            0.3575,
            0.3608630715275425,
            0.35875557400310515,
            0.3575,
            0.35585177339745844,
            0.35250000000000004,
            0.3507567214119399,
            0.34750000000000003,
            0.3436120186576771,
            0.3425,
            0.3375,
            0.3343445660901829,
            0.3362229905548237,
            0.3375,
            0.33818904653906,
            0.3423049808028222,
            0.3425,
            0.3450954324420313,
            0.34750000000000003
        ],
        "f_mu_Earth": [
            0.3200757748651607,
            0.3183630115628813,
            0.3191360544507822,
            0.3225,
            0.3275,
            0.3287581912427915,
            0.3325,
            0.3358561206326974,
            0.3375,
            0.3407490847588688,
            0.3425,
            0.3436120186576771,
            0.3456555493940673,
            0.3425,
            0.3375,
            0.3362214322472509,
            0.3325,
            0.32749999999999996,
            0.32730382125449087,
            0.3225,
            0.3200757748651607
        ]
    }
}