{
    "0.68": {
        "f_e_Earth": [
            0.4175,
            0.4225,
            0.42589787624683556,
            0.4259334196331407,
            0.4235065291396434,
            0.4225,
            0.4187450687781525,
            0.4175,
            0.41250000000000003,
            0.4124356111127429,
            0.40750000000000003,
            0.4038923881775329,
            0.4025,
            0.3975,
            0.39249999999999996,
            0.3919614950867537,
            0.3925,
            0.3946187153616094,
            0.3975,
            0.3980295683186318,
            0.40219103040450543,
            0.4025,
            0.4069777593453327,
            0.4075,
            0.41250000000000003,
            0.4136880048477205,
            0.4175
        ],
        "f_mu_Earth": [
            0.2056043652562149,
            0.20459341383871477,
            0.20750000000000002,
            0.2125,
            0.2175,
            0.2185892608911531,
            0.22250000000000003,
            0.22346530713696694,
            0.22744944002091005,
            0.2275,
            0.23022965139398294,
            0.23249999999999998,
            0.2332822435070263,
            0.23481540082429952,
            0.23490278550964794,
            0.2325,
            0.23102183811764215,
            0.22749999999999998,
            0.2232640118421205,
            0.2225,
            0.2175,
            0.21719229306457194,
            0.2125,
            0.21201375142121995,
            0.20818846994509915,
            0.20750000000000002,
            0.2056043652562149
        ]
    },
    "0.90": {
        "f_e_Earth": [
            0.4175,
            0.4225,
            0.4275,
            0.42861014372114314,
            0.43012743030847583,
            0.42977323774372705,
            0.4275,
            0.42709113165578,
            0.4225,
            0.4224697551150885,
            0.4175,
            0.41606639565120024,
            0.41250000000000003,
            0.4086101448933823,
            0.4075,
            0.4025,
            0.39923574459446587,
            0.39749999999999996,
            0.3925,
            0.3889643575440822,
            0.3893271161880423,
            0.39080108499616883,
            0.3925,
            0.394581206174656,
            0.3975,
            0.3991548308487637,
            0.4025,
            0.4040922168590903,
            0.40750000000000003,
            0.40977216197676547,
            0.4125000000000001,
            0.41730520739200144,
            0.4175
        ],
        "f_mu_Earth": [
            0.20232453815272997,
            0.20021731782287497,
            0.20119061627094825,
            0.2025,
            0.20750000000000002,
            0.21249999999999997,
            0.21676649640917706,
            0.2175,
            0.22246850012762479,
            0.2225,
            0.2263530723488959,
            0.22749999999999998,
            0.2302142588104567,
            0.2325,
            0.23345994952374458,
            0.2359401558751264,
            0.2375,
            0.2387222021068428,
            0.2404393704945014,
            0.2375,
            0.23250000000000004,
            0.22749999999999998,
            0.22525177289660975,
            0.2225,
            0.21941162740285358,
            0.21749999999999997,
            0.21416850148679634,
            0.21250000000000002,
            0.2093270763789662,
            0.20750000000000002,
            0.2050842101686417,
            0.2025,
            0.20232453815272997
        ]
    },
    "0.95": {
        "f_e_Earth": [
            0.4175,
            0.4225,
            0.4275,
            0.43145419930696594,
            0.43212625375876346,
            0.4317058681313026,
            0.43008153517352965,
            0.4275,
            0.4254422783784412,
            0.4225,
            0.41890177873940365,
            0.4175,
            0.41250000000000003,
            0.4112470763412676,
            0.40750000000000003,
            0.4025,
            0.40237306703965753,
            0.39749999999999996,
            0.39271392005332284,
            0.3925,
            0.3875,
            0.3869724361702735,
            0.3857396306872082,
            0.3875,
            0.3878412017347074,
            0.38893299324041836,
            0.3925,
            0.3927115177122263,
            0.3972946003705816,
            0.3975,
            0.40236561221196504,
            0.4025,
            0.40750000000000003,
            0.40788758754814547,
            0.4125,
            0.414201804435112,
            0.4175
        ],
        "f_mu_Earth": [
            0.1995291096134546,
            0.19808928495330846,
            0.19783613158786556,
            0.2025,
            0.20750000000000002,
            0.2125,
            0.2175,
            0.2201823774602149,
            0.22249999999999998,
            0.22532400250866647,
            0.22750000000000004,
            0.22886537287515463,
            0.23176376198197057,
            0.2325,
            0.23574012133071687,
            0.23743934431965483,
            0.2375,
            0.2409313071298884,
            0.2425,
            0.2426936907688191,
            0.24303247339554343,
            0.2425,
            0.2375,
            0.23424596481578872,
            0.2325,
            0.22749999999999998,
            0.22277966893176904,
            0.2225,
            0.2175,
            0.21729456090480595,
            0.2125,
            0.2123657561801836,
            0.2078116644241209,
            0.20750000000000002,
            0.203415219670555,
            0.2025,
            0.1995291096134546
        ]
    },
    "0.997": {
        "f_e_Earth": [
            0.4225,
            0.4275,
            0.4325,
            0.43390672916247675,
            0.43624468236744307,
            0.4366224308361377,
            0.43610073717752024,
            0.4325,
            0.4322889677092109,
            0.4275,
            0.427478725786888,
            0.4225,
            0.4221338728038964,
            0.4175,
            0.4158130481764302,
            0.41250000000000003,
            0.40750000000000003,
            0.4068871023786367,
            0.4025,
            0.3975,
            0.39731172152266997,
            0.3925,
            0.3875,
            0.3830986104224,
            0.3829336063434464,
            0.38344463582831345,
            0.3875,
            0.3876586394083465,
            0.38828147446869593,
            0.3925,
            0.39313798645938247,
            0.3975,
            0.39814659033134747,
            0.4025,
            0.4034057398115442,
            0.40750000000000003,
            0.409703320273025,
            0.41250000000000003,
            0.4175,
            0.41798667082665564,
            0.4225
        ],