{
    "0.68": {
        "f_e_Earth": [
            0.4375,
            0.4425,
            0.4458525424510217,
            0.44390329601050893,
            0.4425,
            0.44058418215943085,
            0.4375,
            0.43675829456741677,
            0.4327391956496238,
            0.4325,
            0.42863594179211867,
            0.4275,
            0.4241267291808756,
            0.4225,
            0.4198970427106401,
            0.4175,
            0.4151696902330927,
            0.41250000000000003,
            0.4093155845590521,
            0.40750000000000003,
            0.4025,
            0.39992036521114227,
            0.4012260845751721,
            0.4025,
            0.40389761462962903,
            0.4069674932378909,
            0.40750000000000003,
            0.41067043127980907,
            0.4125,
            0.4151553735378617,
            0.4175,
            0.41972479743942126,
            0.4225,
            0.42469103019760746,
            0.4275,
            0.43019686639236443,
            0.4325,
            0.4364243582133557,
            0.4375
        ],
        "f_mu_Earth": [
            0.17654313476906902,
            0.17318598233544108,
            0.1775,
            0.1825,
            0.18446364551067757,
            0.1875,
            0.19141545008490643,
            0.1925,
            0.1975,
            0.19773951504784884,
            0.2025,
            0.20379154621973286,
            0.20750000000000002,
            0.20968556274697542,
            0.2125,
            0.2153607226260579,
            0.2175,
            0.22009008456528512,
            0.22249999999999998,
            0.22374679583990612,
            0.2250357936584633,
            0.2225,
            0.2175,
            0.21515888428076768,
            0.2125,
            0.20750000000000002,
            0.20680757116161783,
            0.2025,
            0.2002732264549375,
            0.1975,
            0.1947964483307803,
            0.1925,
            0.18948630019474993,
            0.1875,
            0.18471699481531323,
            0.1825,
            0.18036782828975262,
            0.1775,
            0.17654313476906902
        ]
    },
    "0.90": {
        "f_e_Earth": [
            0.4525,
            0.4533674594798717,
            0.4549951581763677,
            0.45375740131113473,
            0.4525,
            0.4507919233044348,
            0.44767798938565206,
            0.4475,
            0.44400247127500736,
            0.4425,
            0.4396917402405754,
            0.4375,
            0.4351358693669012,
            0.4325,
            0.43058390568965244,
            0.4275,
            0.42614134907018336,
            0.4225,
            0.42240036410377596,
            0.4185771390034559,
            0.4175,
            0.4134676622660691,
            0.4125000000000001,
            0.4075,
            0.4056037733726685,
            0.40249999999999997,
            0.39749999999999996,
            0.3956298220262473,
            0.3957515629251055,
            0.3975,
            0.3984394184152434,
            0.4009267567325021,
            0.40249999999999997,
            0.40442626107984314,
            0.40750000000000003,
            0.4082383378982509,
            0.41222798350392936,
            0.41250000000000003,
            0.4163758451351186,
            0.4175,
            0.42095385796723406,
            0.4225,
            0.42591142942762716,
            0.4275,
            0.4311270126322844,
            0.4325,
            0.4364818618517522,
            0.4375,
            0.4425,
            0.44289909830876767,
            0.4475,
            0.451869880779587,
            0.4525
        ],
        "f_mu_Earth": [
            0.16216559344571257,
            0.1625,
            0.16749999999999998,
            0.17250000000000001,
            0.1745302757452105,
            0.1775,
            0.1825,
            0.18269353850152545,
            0.1875,
            0.18903384966772865,
            0.1925,
            0.19464577526073873,
            0.1975,
            0.2001393890462863,
            0.2025,
            0.20600634756386096,
            0.20750000000000002,
            0.2123922690820869,
            0.2125,
            0.21749999999999997,
            0.2186175503388207,
            0.2225,
            0.2234084986501386,
            0.22661178511113417,
            0.2275,
            0.22921406763337532,
            0.2292500493858885,
            0.22750000000000004,
            0.22250000000000003,
            0.21945642985390756,
            0.2175,
            0.2125,
            0.21055940940374585,
            0.20750000000000002,
            0.2035031578537248,
            0.2025,
            0.1975,
            0.19720994056648397,
            0.1925,
            0.1913017505470457,
            0.1875,
            0.1858792226198811,
            0.1825,
            0.18087482684392245,
            0.17750000000000002,
            0.17611509163966174,
            0.17250000000000004,
            0.1715488324822468,
            0.16770891835748877,
            0.1675,
            0.1645115837359704,
            0.16250000000000003,
            0.16216559344571257
        ]
    },
    "0.95": {
        "f_e_Earth": [
            0.4475,
            0.4525,
            0.4575,
            0.45885431613941907,
            0.4577551003371359,
            0.4575,
            0.45558414895179117,
            0.4525,
            0.4524884117804658,
            0.4495831314730973,
            0.4475,
            0.44550989887865067,
            0.4425,
            0.4409385579568829,
            0.4375,
            0.4361469398255071,
            0.4325,
            0.4314056816106004,
            0.4275,
            0.42699124475715783,
            0.42425640800132275,
            0.4225,
            0.42017750915223295,
            0.4175,
            0.4151921767682798,
            0.41250000000000003,
            0.4082396337046239,
            0.40750000000000003,
            0.4025,
            0.3975,
            0.3935567565644229,
            0.39434509654539174,
            0.39696911884181874,
            0.3975,
            0.3995463684712701,
            0.4025,
            0.40335420661329674,
            0.4067883899517574,
            0.4075000000000001,
            0.4104103402140149,
            0.4125,
            0.41478087924780493,
            0.4175,
            0.41940933862615787,
            0.4225,
            0.42427692192275196,
            0.4275,
            0.4293298903899918,
            0.4325,
            0.43448522541457724,
            0.4375,
            0.440323035300272,
            0.4425,
            0.4467257352712099,
            0.4475
        ],