{
    "0.68": {
        "f_e_Earth": [
            0.4575,
            0.4623261765062805,
            0.4575,
            0.4568045980099379,
            0.4525,
            0.45046419466737475,
            0.4475,
            0.44251194740069866,
            0.44249999999999995,
            0.4375,
            0.43529783464202204,
            0.4375,
            0.4400700806688955,
            0.4425,
            0.4461485079408631,
            0.4475,
            0.4525,
            0.4541122883500943,
            0.4575
        ],
        "f_mu_Earth": [
            0.164817418529044,
            0.1675,
            0.1714064083825447,
            0.17250000000000001,
            0.17598599249431515,
            0.1775,
            0.1802531452378777,
            0.18249999999999997,
            0.18251191408953907,
            0.18469557829993943,
            0.1825,
            0.18043198881654246,
            0.1775,
            0.1751434750112536,
            0.17250000000000001,
            0.1711575505977817,
            0.16857732045977958,
            0.1675,
            0.164817418529044
        ]
    },
    "0.90": {
        "f_e_Earth": [
            0.4625,
            0.4657951993899878,
            0.4651374995190021,
            0.4625,
            0.4591756937611789,
            0.4575,
            0.4525,
            0.4517806634228635,
            0.4475,
            0.4452264419959283,
            0.4425,
            0.4375,
            0.43534617115956253,
            0.4325,
            0.4295851161385621,
            0.4325,
            0.43348423792924506,
            0.4375,
            0.43857718959267394,
            0.4425,
            0.444150264473565,
            0.4475,
            0.4523721218439543,
            0.4525,
            0.4575,
            0.4608566321153996,
            0.4625
        ],
        "f_mu_Earth": [
            0.1609476645227369,
            0.1625,
            0.1675,
            0.17011771838896916,
            0.17250000000000001,
            0.17417569376117892,
            0.1769650367795756,
            0.1775,
            0.18147588196461176,
            0.1825,
            0.1852188402633994,
            0.18650375023080248,
            0.1875,
            0.1898538496054029,
            0.1875,
            0.18463530363148514,
            0.1825,
            0.17872887498327947,
            0.1775,
            0.17369567586765258,
            0.17250000000000001,
            0.1691726771166353,
            0.1675,
            0.1673721218439543,
            0.16351183996652202,
            0.1625,
            0.1609476645227369
        ]
    },
    "0.95": {
        "f_e_Earth": [
            0.4625,
            0.4675,
            0.4699977327492615,
            0.4675,
            0.4666163729105865,
            0.4625,
            0.4612238800570614,
            0.4575,
            0.4525,
            0.4524641945139641,
            0.4475,
            0.44663584988709804,
            0.4425,
            0.4375,
            0.43737586435094084,
            0.4325,
            0.42936858558048363,
            0.4275,
            0.42519939322579775,
            0.4275,
            0.4275064217819907,
            0.4325,
            0.4325425902564593,
            0.4375,
            0.4378020572836315,
            0.4425,
            0.4431127453286614,
            0.4475,
            0.4493702885362637,
            0.4525,
            0.4575,
            0.4586078745170681,
            0.4625
        ],
        "f_mu_Earth": [
            0.15882347417414433,
            0.16000226725073852,
            0.16249999999999998,
            0.16505006385196969,
            0.1675,
            0.1715855002953607,
            0.17250000000000001,
            0.17622388005706136,
            0.1774733718279767,
            0.1775,
            0.18211074592584806,
            0.1825,
            0.18662431851226288,
            0.18744258127228935,
            0.1875,
            0.19153245298157828,
            0.1925,
            0.19432787331398663,
            0.1925,
            0.18754450974585057,
            0.1875,
            0.18259239953732856,
            0.1825,
            0.17784459174308462,
            0.1775,
            0.17294395599265042,
            0.17250000000000001,
            0.1681420998768731,
            0.1675,
            0.16437028853626373,
            0.16283396323330096,
            0.1625,
            0.15882347417414433
        ]
    },
    "0.997": {
        "f_e_Earth": [
            0.4575,
            0.4625,
            0.4675,
            0.4723233325908865,
            0.4675,
            0.4674727288851261,
            0.4625,
            0.46240990218811745,
            0.4575,
            0.45711458105522584,
            0.4525,
            0.4475,
            0.4474519811901796,
            0.4425,
            0.44210856081708133,
            0.4375,
            0.4327850746871895,
            0.4325,
            0.4275,
            0.4272571153965066,
            0.4225,
            0.4221678967971355,
            0.4175,
            0.4136551954101433,
            0.4175,
            0.41753057148473677,
            0.4185021314825365,
            0.4225,
            0.4228547737848095,
            0.4275,
            0.4278806473203018,
            0.4325,
            0.4334424992382125,
            0.4375,
            0.4425,
            0.4425119598094321,
            0.4475,
            0.4476320478577574,
            0.4525,
            0.45418685202523784,
            0.4575
        ],
        "f_mu_Earth": [
            0.15918685202523786,
            0.1575934411595347,
            0.1576766674091135,
            0.1625,
            0.1674243883636805,
            0.1675,
            0.17243543363787142,
            0.17250000000000001,
            0.17740990218811736,
            0.1775,
            0.18211458105522588,
            0.18247837005737838,
            0.1825,
            0.1874381743178705,
            0.1875,
            0.19210856081708133,
            0.1925,
            0.19278507468718956,
            0.19740519570361378,
            0.1975,
            0.2023842383121444,
            0.2025,
            0.20613545548526443,
            0.2025,
            0.1975906602650816,
            0.1975,
            0.1925,
            0.18850213148253653,
            0.1875,
            0.18285477378480952,
            0.1825,
            0.1778806473203018,
            0.1775,
            0.17344249923821248,
            0.1725086653113781,
            0.17250000000000001,
            0.1675453341351152,
            0.1675,
            0.16263204785775737,
            0.1625,
            0.15918685202523786
        ]
    }
}