{
    "0.68": {
        "f_e_Earth": [
            0.3575,
            0.3591015531027411,
            0.35750000000000004,
            0.3557449066485199,
            0.35250000000000004,
            0.35247524655556567,
            0.35049692560891343,
            0.34871180889417874,
            0.347709859010888,
            0.34750000000000003,
            0.3431550234643223,
            0.3425,
            0.34168566818205154,
            0.3411329445175344,
            0.34080054406069926,
            0.3418722347291707,
            0.3425,
            0.3446742722048457,
            0.34750000000000003,
            0.3490140849127261,
            0.35250000000000004,
            0.3546289540692243,
            0.3575
        ],
        "f_mu_Earth": [
            0.3002502655513468,
            0.3025,
            0.3044161323508496,
            0.3075,
            0.31247754356016594,
            0.3125,
            0.3175,
            0.3225,
            0.3275,
            0.327760624079059,
            0.3325,
            0.3331069446209434,
            0.3325,
            0.3275,
            0.3225,
            0.3175,
            0.31686008302420227,
            0.3125,
            0.30911932001929243,
            0.3075,
            0.3034974492071452,
            0.3025,
            0.3002502655513468
        ]
    },
    "0.90": {
        "f_e_Earth": [
            0.35250000000000004,
            0.3575,
            0.36104976281194406,
            0.35749999999999993,
            0.3570714588769807,
            0.35554489418804625,
            0.3545164002832193,
            0.35402629881985115,
            0.35250000000000004,
            0.3516180547240913,
            0.34765678805819045,
            0.34750000000000003,
            0.3425,
            0.34104502774836143,
            0.3375,
            0.33661774874398126,
            0.3362684080883348,
            0.33715143771324585,
            0.3375,
            0.33870286193061405,
            0.339366112983745,
            0.3425,
            0.34340033604470893,
            0.34750000000000003,
            0.3475890058802191,
            0.3507801558921189,
            0.35250000000000004
        ],
        "f_mu_Earth": [
            0.3007801558921189,
            0.29751357546689516,
            0.3025,
            0.3067470120723236,
            0.3075,
            0.3125,
            0.3175,
            0.3225,
            0.3253922241964035,
            0.3275,
            0.3325,
            0.33265610033948634,
            0.3372300241043904,
            0.3375,
            0.33856407196459565,
            0.3375,
            0.3325,
            0.3275,
            0.327056601794301,
            0.3225,
            0.3175,
            0.3143054500700805,
            0.3125,
            0.30759519215366454,
            0.3075,
            0.3025,
            0.3007801558921189
        ]
    },
    "0.95": {
        "f_e_Earth": [
            0.3575,
            0.36004039492203144,
            0.3614386132599289,
            0.3575,
            0.3573362303879098,
            0.3561594177417699,
            0.3554043169552713,
            0.3550101141689527,
            0.35250000000000004,
            0.3523981060946972,
            0.3489866232100532,
            0.34750000000000003,
            0.34350877413089603,
            0.3425,
            0.3375,
            0.3355139980899234,
            0.3352582971877277,
            0.3359046332728805,
            0.3375,
            0.33828417772420644,
            0.33886590678992007,
            0.3425,
            0.3431460663712579,
            0.34649484052605134,
            0.34750000000000003,
            0.3499009195820769,
            0.35250000000000004,
            0.35618430867477346,
            0.3575
        ],
        "f_mu_Earth": [
            0.29618430867477347,
            0.2975,
            0.3025,
            0.3072122410564583,
            0.3075,
            0.3125,
            0.3175,
            0.3225,
            0.32725648204713154,
            0.3275,
            0.3325,
            0.3339801024418314,
            0.3375,
            0.33848893091656906,
            0.3398952915223744,
            0.3375,
            0.3325,
            0.3275,
            0.32547057004983576,
            0.3225,
            0.3175,
            0.313795561343033,
            0.3125,
            0.3075,
            0.30649484052605125,
            0.3025,
            0.2999009195820769,
            0.2975,
            0.29618430867477347
        ]
    },
    "0.997": {
        "f_e_Earth": [
            0.35750000000000004,
            0.3625,
            0.36649732091194126,
            0.36249999999999993,
            0.3623611297376393,
            0.3616518907612617,
            0.35923821029347375,
            0.35766458923759065,
            0.35749999999999993,
            0.3573441371211544,
            0.3568115117864061,
            0.35250000000000004,
            0.35214155037186995,
            0.34750000000000003,
            0.34707046714874135,
            0.3425,
            0.3402043997518806,
            0.3375,
            0.33481422901202385,
            0.33289543825302753,
            0.33286189015012735,
            0.3329466898098338,
            0.33458846460695524,
            0.3375,
            0.33767920774290144,
            0.3425,
            0.3425428319793309,
            0.3430241253350581,
            0.34750000000000003,
            0.3478150020062622,
            0.35250000000000004,
            0.3529833833806457,
            0.35750000000000004
        ],
        "f_mu_Earth": [
            0.2929833833806456,
            0.2935026790880587,
            0.2975,
            0.3014998675844981,
            0.3025,
            0.3075,
            0.3125,
            0.31749999999999995,
            0.31785736438211865,
            0.3225,
            0.3275,
            0.33196334535080213,
            0.3325,
            0.33712119116184275,
            0.3375,
            0.3419805632183876,
            0.3425,
            0.3451857709879762,
            0.3425,
            0.3375,
            0.3325,
            0.3275,
            0.3225,
            0.3195884646069552,
            0.3175,
            0.312585891263089,
            0.3125,
            0.3075,
            0.30302412533505807,
            0.3025,
            0.2978150020062621,
            0.2975,
            0.2929833833806456
        ]
    }
}