{
    "0.68": {
        "f_e_Earth": [
            0.34750000000000003,
            0.35250000000000004,
            0.35395876676124105,
            0.35250000000000004,
            0.3495615517098548,
            0.34750000000000003,
            0.3436585238359582,
            0.3425,
            0.3408492694800262,
            0.34242111487826027,
            0.3425,
            0.3473828305353512,
            0.34750000000000003
        ],
        "f_mu_Earth": [
            0.327371147169645,
            0.3257605642062897,
            0.3275,
            0.3289071103982127,
            0.3325,
            0.3344324742641567,
            0.3375,
            0.33862904178968395,
            0.3375,
            0.3325,
            0.3324019383601083,
            0.32750000000000007,
            0.327371147169645
        ]
    },
    "0.90": {
        "f_e_Earth": [
            0.34750000000000003,
            0.35250000000000004,
            0.35563760527907595,
            0.35727844179317225,
            0.35250000000000004,
            0.3521804103986638,
            0.34750000000000003,
            0.346732790097018,
            0.3425,
            0.33851362249606687,
            0.3375,
            0.33654502347851,
            0.335359724367146,
            0.3375,
            0.33854688124280596,
            0.3425,
            0.34258556602838597,
            0.3464550491923487,
            0.34750000000000003
        ],
        "f_mu_Earth": [
            0.32141293887351086,
            0.3202411641617072,
            0.3225,
            0.3275,
            0.33210923247847135,
            0.3325,
            0.3368873615189336,
            0.3375,
            0.341625074304182,
            0.3425,
            0.34345497652149004,
            0.3425,
            0.3375,
            0.33517217698427126,
            0.3325,
            0.3275859008711915,
            0.3275,
            0.3225,
            0.32141293887351086
        ]
    },
    "0.95": {
        "f_e_Earth": [
            0.34750000000000003,
            0.35250000000000004,
            0.3575,
            0.35756275151661854,
            0.3583179325286147,
            0.3575,
            0.35250000000000004,
            0.35246134727704254,
            0.34750000000000003,
            0.3470625806162154,
            0.3425,
            0.3399779912770554,
            0.3375,
            0.3351653798635809,
            0.33438435290526186,
            0.3375,
            0.3381312745862478,
            0.34099271117588004,
            0.3425,
            0.3449929373671844,
            0.34750000000000003
        ],
        "f_mu_Earth": [
            0.3198919056190472,
            0.3188666314065234,
            0.3224367212630889,
            0.32249999999999995,
            0.3275,
            0.32831793252861474,
            0.33245273867270003,
            0.3325,
            0.33715070843607575,
            0.3375,
            0.34194647233369035,
            0.3425,
            0.3448346201364192,
            0.3425,
            0.3375,
            0.33411133598650156,
            0.3325,
            0.3275,
            0.3258579929829231,
            0.3225,
            0.3198919056190472
        ]
    },
    "0.997": {
        "f_e_Earth": [
            0.34750000000000003,
            0.35250000000000004,
            0.35637110919880316,
            0.35749999999999993,
            0.36192670588174813,
            0.3620143945678352,
            0.3575,
            0.35687490230094493,
            0.35250000000000004,
            0.3506478150456802,
            0.34750000000000003,
            0.3425,
            0.3424785546982623,
            0.3375,
            0.3328094935577663,
            0.33271880374077456,
            0.3352157744133528,
            0.3375,
            0.337905560056502,
            0.3424431516561051,
            0.3425000000000001,
            0.34562104646445346,
            0.34750000000000003
        ],
        "f_mu_Earth": [
            0.31562104646445344,
            0.3136913316690394,
            0.3175,
            0.3180361022016942,
            0.3225,
            0.3275,
            0.33201439456783516,
            0.3325,
            0.33687490230094497,
            0.3375,
            0.3406478150456802,
            0.3424952932090535,
            0.3425,
            0.34719050644223376,
            0.3425,
            0.3375,
            0.3325,
            0.3302157744133528,
            0.3275,
            0.32250000000000006,
            0.3224431516561051,
            0.3175,
            0.31562104646445344
        ]
    }
}