{
    "0.68": {
        "f_e_Earth": [
            0.17250000000000001,
            0.1775,
            0.1825,
            0.1875,
            0.18843795523108708,
            0.1925,
            0.19292066650477743,
            0.1925,
            0.1875,
            0.1825,
            0.18021936007764822,
            0.1775,
            0.17250000000000001,
            0.1675,
            0.16483304390509176,
            0.1629115978513807,
            0.1675,
            0.16773515302357625,
            0.17250000000000001
        ],
        "f_mu_Earth": [
            0.5456044461038793,
            0.5454430646360869,
            0.5458764988465244,
            0.5472021089524124,
            0.5475000000000001,
            0.5521807972106471,
            0.5525,
            0.5526532288793812,
            0.5545329214245427,
            0.5568752473531408,
            0.5575000000000001,
            0.5581798718784505,
            0.5589807219000071,
            0.5586054703486442,
            0.5575000000000001,
            0.5525,
            0.5476699640563,
            0.5475000000000001,
            0.5456044461038793
        ]
    },
    "0.90": {
        "f_e_Earth": [
            0.16749999999999998,
            0.17250000000000001,
            0.1775,
            0.1825,
            0.1875,
            0.1925,
            0.1975,
            0.19753772667211092,
            0.202449408059446,
            0.1975,
            0.1925,
            0.18836561248565664,
            0.1875,
            0.1825,
            0.1775,
            0.17250000000000001,
            0.1675,
            0.1625,
            0.1609271046858185,
            0.16034702031865206,
            0.1625,
            0.16463996279703794,
            0.16749999999999998
        ],
        "f_mu_Earth": [
            0.5452887989160669,
            0.544042399563287,
            0.5439374885908531,
            0.5442238991063667,
            0.545026300667008,
            0.5462453546718181,
            0.5474874633004626,
            0.5475000000000001,
            0.5525,
            0.5549962849858474,
            0.5564428374395592,
            0.5575000000000001,
            0.5577280250224106,
            0.5593372963974579,
            0.5601446913033377,
            0.5606350333003314,
            0.5604665890324008,
            0.5589531188948594,
            0.5575000000000001,
            0.5525,
            0.5497679944076191,
            0.5475000000000001,
            0.5452887989160669
        ]
    },
    "0.95": {
        "f_e_Earth": [
            0.1675,
            0.17250000000000001,
            0.1775,
            0.1825,
            0.1875,
            0.1925,
            0.1975,
            0.2025,
            0.20479076320517714,
            0.20750000000000002,
            0.20771529878910683,
            0.20750000000000002,
            0.2025,
            0.19798574084564458,
            0.19750000000000004,
            0.1925,
            0.1875,
            0.1825,
            0.1775,
            0.17250000000000001,
            0.16750000000000004,
            0.1625,
            0.15899313849606403,
            0.15884620700119534,
            0.1625,
            0.1628430269542492,
            0.1675
        ],
        "f_mu_Earth": [
            0.5438995210146402,
            0.5431197554781064,
            0.5430481995736399,
            0.5432477685393163,
            0.5437411298396048,
            0.5444248731375547,
            0.5450773106957714,
            0.5463600024380315,
            0.5475000000000001,
            0.5521325337306744,
            0.5525,
            0.552665713573096,
            0.5559170452852105,
            0.5575000000000001,
            0.5577206259291241,
            0.5591521270848931,
            0.5600340445816305,
            0.5608662075456947,
            0.5613052386837845,
            0.5616121748827949,
            0.5615658841563067,
            0.560739813016848,
            0.5575000000000001,
            0.5525,
            0.5478635498780525,
            0.5475000000000001,
            0.5438995210146402
        ]
    },
    "0.997": {
        "f_e_Earth": [
            0.17250000000000001,
            0.1775,
            0.1825,
            0.18740371970563519,
            0.1875,
            0.1925,
            0.1975,
            0.2025,
            0.20750000000000002,
            0.2125,
            0.21540290314839527,
            0.21639821231429035,
            0.21249999999999997,
            0.21025566442985255,
            0.20750000000000002,
            0.2025,
            0.1975,
            0.1925,
            0.1875,
            0.1825,
            0.1775,
            0.17470422344696984,
            0.1725,
            0.1675,
            0.16335944272996916,
            0.1625,
            0.1575,
            0.15430745073760732,
            0.15561738941274003,
            0.1575,
            0.1581116918435134,
            0.1625,
            0.1675,
            0.16817757666834696,
            0.17250000000000001
        ],
        "f_mu_Earth": [
            0.5388513435953932,
            0.5386864354000342,
            0.5392716566557676,
            0.5425,
            0.5425049414865853,
            0.5426737766906404,
            0.5427590176600207,
            0.5428879271524435,
            0.5432722243467654,
            0.5448183547135251,
            0.5475000000000001,
            0.5525,
            0.5564624459735689,
            0.5575000000000001,
            0.5598791519338978,
            0.5616199566136639,
            0.562019676735043,
            0.5621635414542996,
            0.562252173456142,
            0.5623368464008194,
            0.5624215534368467,
            0.5625,
            0.5641574929844562,
            0.5650532326259464,
            0.5625,
            0.5624584098110761,
            0.5606925492623926,
            0.5575000000000001,
            0.5525,
            0.5506173894127401,
            0.5475000000000001,
            0.5431116918435134,
            0.5425631934819644,
            0.5425,
            0.5388513435953932
        ]
    }
}