{
    "0.68": {
        "f_e_Earth": [
            0.21750000000000003,
            0.2225,
            0.2275,
            0.2312578194433007,
            0.23169059216816118,
            0.22750000000000004,
            0.2225,
            0.22002064272398492,
            0.2175,
            0.21586941149847672,
            0.2125,
            0.2096176793330406,
            0.2125,
            0.21396890744470118,
            0.21750000000000003
        ],
        "f_mu_Earth": [
            0.5454523947337886,
            0.5450681061033431,
            0.5458651434161232,
            0.5475000000000001,
            0.5525,
            0.5549003183754688,
            0.5569910088646362,
            0.5575000000000001,
            0.5579894657802362,
            0.5575000000000001,
            0.5563683468581779,
            0.5525,
            0.5488115162313014,
            0.5475000000000001,
            0.5454523947337886
        ]
    },
    "0.90": {
        "f_e_Earth": [
            0.2125,
            0.2175,
            0.2225,
            0.2275,
            0.2325,
            0.23569784732238225,
            0.23555725518936999,
            0.2325,
            0.22772910381106784,
            0.2275,
            0.2225,
            0.21750000000000003,
            0.2125,
            0.21037922042736323,
            0.20762654032308278,
            0.21057769941999122,
            0.2125
        ],
        "f_mu_Earth": [
            0.5457520404829347,
            0.5437975202461459,
            0.5432992071011158,
            0.5435878722107058,
            0.5449949845958548,
            0.5475000000000001,
            0.5525,
            0.5553226662847139,
            0.5575000000000001,
            0.5576641062589365,
            0.5598511952215998,
            0.5603778454900249,
            0.5594486805882486,
            0.5575000000000001,
            0.5525,
            0.5475000000000001,
            0.5457520404829347
        ]
    },
    "0.95": {
        "f_e_Earth": [
            0.22250000000000003,
            0.2246732533256847,
            0.2275,
            0.2325,
            0.2375,
            0.23785147441718726,
            0.2375,
            0.23726885920249072,
            0.2325,
            0.23119173399374693,
            0.2275,
            0.2225,
            0.2175,
            0.2125,
            0.20867579945328807,
            0.20750000000000002,
            0.20503265025231257,
            0.20750000000000002,
            0.20874340914953715,
            0.2125,
            0.2175,
            0.2223305989670193,
            0.22250000000000003
        ],
        "f_mu_Earth": [
            0.542375217709729,
            0.5425,
            0.542533342733352,
            0.5434740673043383,
            0.5471474255619211,
            0.5475000000000002,
            0.549235710640742,
            0.5525,
            0.5569029357229391,
            0.5575000000000001,
            0.5601443761536666,
            0.5612148394731298,
            0.5614838256653744,
            0.5610138707799235,
            0.5575000000000001,
            0.5552776876611395,
            0.5525,
            0.5496999766568235,
            0.5475000000000001,
            0.5440841092714244,
            0.5430312022404605,
            0.5425,
            0.542375217709729
        ]
    },
    "0.997": {
        "f_e_Earth": [
            0.22249999999999998,
            0.22749999999999998,
            0.2325,
            0.23328047049254425,
            0.2375,
            0.24122015505800162,
            0.24089497263629306,
            0.2375,
            0.23528189637082914,
            0.23250000000000004,
            0.2275,
            0.2225,
            0.21750000000000003,
            0.2125,
            0.2075034688572623,
            0.20750000000000002,
            0.20306445015545666,
            0.20730896958592138,
            0.20750000000000002,
            0.2125,
            0.21750000000000003,
            0.2175346094488746,
            0.22249999999999998
        ],
        "f_mu_Earth": [
            0.5388424496642247,
            0.5389242247739429,
            0.5417277012942316,
            0.5425,
            0.5437682018519632,
            0.5475000000000001,
            0.5525,
            0.5559544762013746,
            0.5575000000000001,
            0.5602136366450305,
            0.5618513507232223,
            0.5621533284916951,
            0.5622449847786488,
            0.562091068007283,
            0.5575000000000001,
            0.5574934437082157,
            0.5525,
            0.5475000000000001,
            0.5473096197177901,
            0.5429362034859028,
            0.5425038058669139,
            0.5425,
            0.5388424496642247
        ]
    }
}