{
    "0.68": {
        "f_e_Earth": [
            0.20250000000000004,
            0.20750000000000002,
            0.21250000000000002,
            0.2175,
            0.22250000000000003,
            0.2229085333647983,
            0.22655353198102415,
            0.2275,
            0.22810969569948641,
            0.22788733449734505,
            0.2275,
            0.22703554617808452,
            0.22582843531389685,
            0.22422096284924287,
            0.2225,
            0.22218907465347637,
            0.21968621684733447,
            0.21750637623366986,
            0.2175,
            0.21312649867810488,
            0.2125,
            0.20750000000000002,
            0.205432111014788,
            0.2025,
            0.19969027274930778,
            0.1975,
            0.1925,
            0.1875,
            0.1825,
            0.1775,
            0.17250000000000001,
            0.1675,
            0.16636869594585552,
            0.16650111565338027,
            0.1675,
            0.16797859330740494,
            0.16993264197857622,
            0.17195837349734244,
            0.17250000000000004,
            0.17526535605388516,
            0.1775,
            0.17810774435835447,
            0.18165211464209022,
            0.1825,
            0.18599244522910346,
            0.1875,
            0.19151644711631566,
            0.1925,
            0.1975,
            0.20160234514359687,
            0.20250000000000004
        ],
        "f_mu_Earth": [
            0.5172641624241292,
            0.5170137517480052,
            0.5165355359907791,
            0.516481369393585,
            0.5172384840469443,
            0.5175000000000001,
            0.5225,
            0.5248171694446504,
            0.5275000000000001,
            0.5325,
            0.5350958576378106,
            0.5375000000000001,
            0.5425,
            0.5475000000000001,
            0.5519646598008473,
            0.5525,
            0.5575000000000001,
            0.5625,
            0.5625120398146981,
            0.5675000000000001,
            0.5683974756150016,
            0.5716603486876554,
            0.5725,
            0.5735443394758554,
            0.5725,
            0.5713229842702319,
            0.5705317507370875,
            0.5706313022524456,
            0.5703104373960465,
            0.5700070809954201,
            0.57210721763174,
            0.5698297505440229,
            0.5675000000000001,
            0.5625,
            0.5588090802907877,
            0.5575000000000001,
            0.5525,
            0.5475000000000001,
            0.5464009273657757,
            0.5425,
            0.5384880039863276,
            0.5375000000000001,
            0.5325,
            0.5313758692661756,
            0.5275000000000001,
            0.5258966747156016,
            0.5225,
            0.5217506601969403,
            0.5190273315978824,
            0.5175000000000001,
            0.5172641624241292
        ]
    },
    "0.90": {
        "f_e_Earth": [
            0.20750000000000002,
            0.2125,
            0.2175,
            0.2225,
            0.2226607994002349,
            0.22749999999999998,
            0.2292690706602622,
            0.23099934190043886,
            0.23197702491916503,
            0.23186329303266,
            0.23104697051236314,
            0.23002832448570693,
            0.22868082399389944,
            0.2275,
            0.2267384487562358,
            0.2247148346553604,
            0.22260476150409375,
            0.2225,
            0.21977489346970014,
            0.2175,
            0.21678607937202884,
            0.21320167597775666,
            0.2125,
            0.20865482466695806,
            0.20750000000000002,
            0.202786421429822,
            0.2025,
            0.1975,
            0.1925,
            0.1875,
            0.1825,
            0.17894273925440196,
            0.1775,
            0.17598289274279383,
            0.17250000000000001,
            0.1675,
            0.1625628952606515,
            0.1625,
            0.15749999999999997,
            0.1571976860659555,
            0.15710884322512933,
            0.1575,
            0.15798013388690715,
            0.15966383051010757,
            0.16110863294533684,
            0.1625,
            0.16355728794601215,
            0.1656643473101005,
            0.1675,
            0.16846857320961195,
            0.17092967992744823,
            0.1725,
            0.17438298473364505,
            0.1775,
            0.1777896653330989,
            0.18151967367229493,
            0.1825,
            0.18622185117189677,
            0.1875,
            0.19229882264644926,
            0.1925,
            0.1975,
            0.2025,
            0.2069815259708129,
            0.20750000000000002
        ],
        "f_mu_Earth": [
            0.5124302266333062,
            0.5120148197119803,
            0.511949956269002,
            0.5124326713290371,
            0.5125,
            0.515221978067347,
            0.5175000000000001,
            0.5225,
            0.5275000000000001,
            0.5325,
            0.5375000000000001,
            0.5425,
            0.5475000000000001,
            0.5506142377864242,
            0.5525,
            0.5575000000000001,
            0.5625000000000001,
            0.562680014233022,
            0.5675000000000001,
            0.5715708207402319,
            0.5725,
            0.5775,
            0.5785923127847374,
            0.5825,
            0.5838056759598685,
            0.5874999999999999,
            0.5877524962875916,
            0.5888363887905304,
            0.5888489657851591,
            0.5885468475661406,
            0.5882814226763481,
            0.5874999999999999,
            0.5871504527222113,
            0.5874999999999999,
            0.5881447339619293,
            0.5878176276003453,
            0.5874999999999999,
            0.5874945469597246,
            0.5837174474685843,
            0.5825,
            0.5775,
            0.5748810275937073,
            0.5725,
            0.5675000000000001,
            0.5625,
            0.5595811691468394,
            0.5575000000000001,
            0.5525,
            0.5492566498350601,
            0.5475000000000001,
            0.5425,
            0.540224757594507,
            0.5375000000000001,
            0.5328884260177341,
            0.5325,
            0.5275000000000001,
            0.5264332517849574,
            0.5225,
            0.52124546150971,
            0.5175000000000001,
            0.5173253060936581,
            0.5147402426312202,
            0.5130810519664925,
            0.5125,
            0.5124302266333062
        ]
    },