{
    "0.68": {
        "f_e_Earth": [
            0.3575,
            0.3625,
            0.3647979342023167,
            0.3625,
            0.36054795798924666,
            0.3575,
            0.35299773826978137,
            0.3555921469886325,
            0.3575
        ],
        "f_mu_Earth": [
            0.2955921469886325,
            0.2930943538304655,
            0.2975,
            0.2998058411477308,
            0.3025,
            0.30556728811987577,
            0.3025,
            0.2975,
            0.2955921469886325
        ]
    },
    "0.90": {
        "f_e_Earth": [
            0.36249999999999993,
            0.36329284326181366,
            0.36529962383658066,
            0.3625,
            0.3609127059602931,
            0.3575,
            0.3533058271200939,
            0.35250000000000004,
            0.3516932684079119,
            0.35241466511290526,
            0.35250000000000004,
            0.35501820176240273,
            0.3575,
            0.36209947185375435,
            0.36249999999999993
        ],
        "f_mu_Earth": [
            0.29209947185375434,
            0.2925,
            0.2975,
            0.30030925704228056,
            0.3025,
            0.30593434932028823,
            0.3075,
            0.30828692151006765,
            0.3075,
            0.3025,
            0.30241466511290527,
            0.2975,
            0.29501820176240273,
            0.2924999999999999,
            0.29209947185375434
        ]
    },
    "0.95": {
        "f_e_Earth": [
            0.3625,
            0.3674215361830369,
            0.366297796154564,
            0.36250000000000004,
            0.3616384162458432,
            0.3575,
            0.3552622391789886,
            0.35250000000000004,
            0.3497346604438753,
            0.35018600290683943,
            0.35250000000000004,
            0.3538762681888662,
            0.3575,
            0.36001374091322524,
            0.3625
        ],
        "f_mu_Earth": [
            0.2900137409132252,
            0.2925,
            0.2975,
            0.3013108639642766,
            0.3025,
            0.30666466205596005,
            0.3075,
            0.3101974339429586,
            0.3075,
            0.3025,
            0.3001860029068394,
            0.2975,
            0.2938762681888662,
            0.2925,
            0.2900137409132252
        ]
    },
    "0.997": {
        "f_e_Earth": [
            0.3625,
            0.3675,
            0.37224216850496633,
            0.3675,
            0.3674397456790819,
            0.3625,
            0.3624686581796167,
            0.357518886502242,
            0.3575,
            0.35250000000000004,
            0.34750000000000003,
            0.34725902563480066,
            0.34750000000000003,
            0.34763632315648363,
            0.35250000000000004,
            0.35256984997045115,
            0.3575,
            0.3576275803146007,
            0.3625
        ],
        "f_mu_Earth": [
            0.2876275803146007,
            0.28775164138756754,
            0.2925,
            0.2972453829176887,
            0.2975,
            0.3024567428147721,
            0.3025,
            0.3075,
            0.307518886502242,
            0.31238313747832935,
            0.30779798434483086,
            0.30749999999999994,
            0.30725902563480056,
            0.3025,
            0.2976363231564836,
            0.2975,
            0.29256984997045105,
            0.2925,
            0.2876275803146007
        ]
    }
}