{
    "0.68": {
        "f_e_Earth": [
            0.19250000000000003,
            0.19266146075935395,
            0.19323444392721723,
            0.1925,
            0.19157033926538036,
            0.18970597371352402,
            0.18781385729717376,
            0.1875,
            0.18496633520443045,
            0.18254958635640384,
            0.1825,
            0.17939368413702814,
            0.1775,
            0.17605541738543729,
            0.17340421762576017,
            0.17250000000000001,
            0.16930035531708792,
            0.1675,
            0.1651906291054019,
            0.1625,
            0.1611072264418857,
            0.1575,
            0.15507753540199642,
            0.15605834040801414,
            0.1575,
            0.15768898163772402,
            0.15999171713849503,
            0.16213385433210994,
            0.1625,
            0.16491850697648133,
            0.16722257508618626,
            0.1675,
            0.17016637564813525,
            0.17250000000000001,
            0.1728928396918327,
            0.1763881750643807,
            0.1775,
            0.18025403968669992,
            0.1825,
            0.184522627151826,
            0.1875,
            0.1920577134665393,
            0.19250000000000003
        ],
        "f_mu_Earth": [
            0.5172952346677987,
            0.5175000000000001,
            0.5225,
            0.5250676474261815,
            0.5275000000000001,
            0.5325,
            0.5375000000000001,
            0.5379736825019091,
            0.5425,
            0.5475,
            0.5475641432090211,
            0.5525,
            0.5555673510413252,
            0.5575000000000001,
            0.5625,
            0.5636654419383882,
            0.5675000000000001,
            0.5702003679265564,
            0.5725,
            0.576641952004376,
            0.5775,
            0.5824109343385141,
            0.5775,
            0.5725,
            0.5679149344030809,
            0.5675000000000001,
            0.5625,
            0.5575000000000001,
            0.5567943113954347,
            0.5525,
            0.5475000000000001,
            0.5470492327908498,
            0.5425,
            0.5380404608442211,
            0.5375000000000001,
            0.5325,
            0.5309755144664388,
            0.5275000000000001,
            0.5244331774936427,
            0.5225,
            0.5194313485474197,
            0.5175000000000001,
            0.5172952346677987
        ]
    },
    "0.90": {
        "f_e_Earth": [
            0.1925,
            0.1927632833864947,
            0.19651567037570888,
            0.19585789321864783,
            0.19468391779821015,
            0.1925,
            0.19189726368115634,
            0.19025994526017334,
            0.1875,
            0.1870328157681267,
            0.18510150247738807,
            0.1825,
            0.18147116936891658,
            0.17901798336961464,
            0.1775,
            0.17564345295810818,
            0.17250000000000001,
            0.17170861794822273,
            0.16885978708812538,
            0.1675,
            0.16499380782611972,
            0.1625,
            0.16074677940329282,
            0.1575,
            0.15654332313754674,
            0.15250762236818657,
            0.1525,
            0.1475,
            0.1461107877431276,
            0.14690157749928756,
            0.1475,
            0.1489272265127724,
            0.15039830712823823,
            0.15249905978959352,
            0.15250000000000002,
            0.15454911776017477,
            0.1565922462366394,
            0.1575,
            0.15927742509418066,
            0.16156994331463978,
            0.1625,
            0.1644093818184441,
            0.16747575152190777,
            0.1675,
            0.16990599159054381,
            0.17250000000000001,
            0.17359175314046332,
            0.17705447097017013,
            0.1775,
            0.18058533227926551,
            0.1825,
            0.18532684411385172,
            0.1875,
            0.1923769638974359,
            0.1925
        ],
        "f_mu_Earth": [
            0.5124046819427385,
            0.5125,
            0.5175000000000001,
            0.5225,
            0.5275000000000001,
            0.5311381249372797,
            0.5325,
            0.5375000000000001,
            0.5416653891362196,
            0.5425,
            0.5475000000000001,
            0.5508652143306696,
            0.5525,
            0.5575000000000001,
            0.5591962174606465,
            0.5625,
            0.566551582057638,
            0.5675000000000001,
            0.5725,
            0.573996675543683,
            0.5775000000000001,
            0.5805610609740107,
            0.5825,
            0.5867084129371567,
            0.5874999999999999,
            0.5925,
            0.592508252525014,
            0.5962206009971569,
            0.5925,
            0.5874999999999999,
            0.5861766304666294,
            0.5825,
            0.5774999999999999,
            0.5725,
            0.5724986348850992,
            0.5675000000000001,
            0.5625,
            0.5612261096883173,
            0.5575000000000001,
            0.5525,
            0.5512761651721446,
            0.5475000000000001,
            0.5425,
            0.5424715287831373,
            0.5375000000000001,
            0.5340192890616423,
            0.5325,
            0.5275000000000001,
            0.5270096158730055,
            0.5225,
            0.520402910279961,
            0.5175000000000001,
            0.5153473179916486,
            0.5125,
            0.5124046819427385
        ]
    },
    "0.95": {
        "f_e_Earth": [
            0.1925,
            0.19733956851784287,
            0.1975,
            0.19801292449204458,
            0.1975,
            0.19672263103093668,
            0.1956635887043553,
            0.1928875419963292,
            0.1925,
            0.19106622147092364,
            0.18818762775217227,
            0.1875,
            0.18594266162264494,
            0.1825,
            0.18215594724526196,
            0.18019342885814446,
            0.1775,
            0.1763815466841122,
            0.17250774545436842,
            0.1725,
            0.17009328478047658,
            0.1675,
            0.1659650535038617,
            0.1625,
            0.16182475891879466,
            0.15840205022490594,
            0.1575,
            0.15423836559883236,
            0.1525,
            0.14900770773329639,
            0.1475,
            0.14432014469882817,
            0.1444146277323184,
            0.14532580739460835,
            0.1475,
            0.14757450312950338,
            0.14919676237823679,
            0.15080267823228344,
            0.1525,
            0.15353943905359263,
            0.15518575964331405,
            0.1575,
            0.15833589274658272,
            0.16017628549698057,
            0.1625,
            0.16348210085294604,
            0.16579343323139403,
            0.1675,
            0.1689500444977449,
            0.17250000000000001,
            0.17267000032266586,
            0.17548517454644294,
            0.1775,
            0.17940357639184368,
            0.1825,
            0.1840664115437075,
            0.1875,
            0.19023840022169636,
            0.1925
        ],