{
    "0.68": {
        "f_e_Earth": [
            0.4575,
            0.4625,
            0.4653162671144562,
            0.4641230903337724,
            0.4625,
            0.46214763402707076,
            0.4595025062992945,
            0.4575,
            0.45613224548928066,
            0.4528174928801298,
            0.4525,
            0.4484087667331753,
            0.4475,
            0.44255313263544444,
            0.4425,
            0.4375,
            0.43721276026842054,
            0.4375,
            0.4383055264006046,
            0.43994652849625626,
            0.4425,
            0.4426756357094422,
            0.4453759018804512,
            0.4475,
            0.44947475530647685,
            0.4525,
            0.45324703085577867,
            0.4570681896996426,
            0.4575
        ],
        "f_mu_Earth": [
            0.15700779639421716,
            0.15280901219718762,
            0.1575,
            0.16249999999999998,
            0.16669330991349554,
            0.1675,
            0.1725,
            0.17558512752913993,
            0.1775,
            0.1825,
            0.18285218585868548,
            0.1875,
            0.18839355724810125,
            0.1925,
            0.19254505743471095,
            0.1929471926450464,
            0.1925,
            0.19103099844683766,
            0.1875,
            0.1825,
            0.17772085378557032,
            0.1775,
            0.17250000000000001,
            0.16970726251613183,
            0.1675,
            0.16312435476618264,
            0.16250000000000003,
            0.1575,
            0.15700779639421716
        ]
    },
    "0.90": {
        "f_e_Earth": [
            0.4675,
            0.4701934791778552,
            0.4704614167647281,
            0.4695419248690351,
            0.4675,
            0.4673640780460497,
            0.4653187704430254,
            0.4625,
            0.46216154252631897,
            0.45943448881135085,
            0.4575,
            0.45566926359172616,
            0.4525,
            0.4511933359430572,
            0.4475,
            0.4458514502302214,
            0.4425,
            0.4375,
            0.434681887899385,
            0.4352822283529038,
            0.4375,
            0.43830711419660706,
            0.4399777242920906,
            0.4425,
            0.44367922317055053,
            0.4474428996764916,
            0.4475,
            0.450181042643906,
            0.4525,
            0.4544844297719752,
            0.4575,
            0.4592785725442635,
            0.4625,
            0.4650799643701651,
            0.4675
        ],
        "f_mu_Earth": [
            0.14559074882918951,
            0.1475,
            0.1525,
            0.15750000000000003,
            0.1621405089398857,
            0.1625,
            0.1675,
            0.17188267363596388,
            0.17250000000000001,
            0.1775,
            0.1797671534516727,
            0.1825,
            0.18601557433034865,
            0.1875,
            0.1911315227891985,
            0.1925,
            0.19534209033999578,
            0.19688741185762074,
            0.1925,
            0.1875,
            0.18451850110287532,
            0.1825,
            0.1775,
            0.17464109973611852,
            0.17250000000000001,
            0.1675,
            0.16744251349940587,
            0.1625,
            0.1599747527132645,
            0.1575,
            0.15406266990737283,
            0.1525,
            0.14901007809321212,
            0.14750000000000002,
            0.14559074882918951
        ]
    },
    "0.95": {
        "f_e_Earth": [
            0.4625,
            0.4675,
            0.47250000000000003,
            0.4736997900048966,
            0.47250000000000003,
            0.47238114263813,
            0.47132490028598484,
            0.4699835771140604,
            0.4675,
            0.4667932911930234,
            0.4647026030758651,
            0.4625,
            0.46115154567759015,
            0.4575,
            0.4570173258339539,
            0.452539036163238,
            0.4525,
            0.4475,
            0.4474105999172259,
            0.4425,
            0.44007487903806,
            0.4375,
            0.43510868112809603,
            0.4334855177049929,
            0.43384057701990586,
            0.4375,
            0.4375321456804713,
            0.4386929424294009,
            0.4425,
            0.4428771851607245,
            0.4448816656569864,
            0.4475,
            0.44878231736800356,
            0.4525,
            0.45326305906804515,
            0.4575,
            0.4576940310124554,
            0.46192719380582836,
            0.4625
        ],
        "f_mu_Earth": [
            0.14692652765528996,
            0.14327694472801777,
            0.14348668491478495,
            0.1475,
            0.15162871942457526,
            0.1525,
            0.1575,
            0.16250000000000003,
            0.16577666589091572,
            0.1675,
            0.1725,
            0.17490996944872866,
            0.1775,
            0.18177948424323434,
            0.1825,
            0.1875,
            0.18753904887032233,
            0.1924257881210729,
            0.1925,
            0.19666427744099602,
            0.1975,
            0.19959590592049342,
            0.1975,
            0.1925,
            0.1875,
            0.18258039270249082,
            0.1825,
            0.1775,
            0.17318485005066353,
            0.17250000000000001,
            0.1675,
            0.16486395751342714,
            0.1625,
            0.15845159956058624,
            0.1575,
            0.1526704774006768,
            0.1525,
            0.1475,
            0.14692652765528996
        ]
    },
    "0.997": {
        "f_e_Earth": [
            0.4675,
            0.47250000000000003,
            0.4763626603217544,
            0.4766848460010822,
            0.4763482247429157,
            0.4738086121828133,
            0.47250000000000003,
            0.47197295280830165,
            0.4702814197078431,
            0.4675,
            0.46690284015781175,
            0.4625,
            0.46240490653732075,
            0.46075175872978036,
            0.4575,
            0.4564333054403964,
            0.4525,
            0.45135561105536304,
            0.4475,
            0.4441431619235414,
            0.4425,
            0.4375,
            0.43250770536441246,
            0.4326122306258738,
            0.43278824765930896,
            0.43362528403077993,
            0.4375,
            0.43775511950014984,
            0.43967515088365083,
            0.4425,
            0.4430121000440028,
            0.4475,
            0.44776132176279,
            0.45077631422454956,
            0.4525,
            0.4537381312112037,
            0.4575,
            0.4584519246062616,
            0.4625,
            0.46417590143089604,
            0.4675
        ],