{
    "0.68": {
        "f_e_Earth": [
            0.1825,
            0.1875,
            0.1925,
            0.1975,
            0.2025,
            0.20750000000000002,
            0.2125,
            0.2175,
            0.2184702392887764,
            0.2225,
            0.22293125316882728,
            0.22249999999999998,
            0.2175,
            0.2125,
            0.20750000000000002,
            0.2025,
            0.1975,
            0.1925,
            0.1875,
            0.1825,
            0.1775,
            0.17250000000000001,
            0.17228910178835047,
            0.17250000000000004,
            0.1775,
            0.18121007912423842,
            0.1825
        ],
        "f_mu_Earth": [
            0.5471620076507534,
            0.5467438169200199,
            0.5466543380675112,
            0.5466928764217658,
            0.546537645279535,
            0.5467179282276712,
            0.5466766949530875,
            0.5471800609618415,
            0.5475000000000001,
            0.5516004908152072,
            0.5525,
            0.5528550350044098,
            0.5552205319753554,
            0.5566513720379693,
            0.5571354632201011,
            0.5574787074376462,
            0.5573385846792366,
            0.5574066901920954,
            0.5573751032521304,
            0.557182640525849,
            0.5561527017327235,
            0.5529019125585323,
            0.5525,
            0.5522638290552868,
            0.5491795002527644,
            0.5475000000000001,
            0.5471620076507534
        ]
    },
    "0.90": {
        "f_e_Earth": [
            0.1775,
            0.1825,
            0.1875,
            0.1925,
            0.1975,
            0.2025,
            0.20750000000000002,
            0.21249999999999997,
            0.2175,
            0.222470652406881,
            0.2225,
            0.22488284110521367,
            0.22250000000000003,
            0.2175,
            0.2150251324010778,
            0.21250000000000002,
            0.2075,
            0.2025,
            0.1975,
            0.1925,
            0.1875,
            0.1825,
            0.1775,
            0.17476078982300353,
            0.17250000000000001,
            0.1705393539836128,
            0.1725,
            0.17673558380644,
            0.1775
        ],
        "f_mu_Earth": [
            0.5470638216271941,
            0.5458513178947066,
            0.5455075315321157,
            0.5454317072706167,
            0.5454535151582425,
            0.5453415192543,
            0.5454775890185963,
            0.545460789413692,
            0.5458609138812713,
            0.5475000000000001,
            0.547529862700209,
            0.5525,
            0.55446170617041,
            0.5567445399202497,
            0.5575000000000001,
            0.5582880887271671,
            0.5586759077386108,
            0.5588825165634392,
            0.5588156622355368,
            0.5588532077514013,
            0.558837143233601,
            0.5587378876523031,
            0.5582420050232698,
            0.5575000000000001,
            0.5562364387808642,
            0.5525,
            0.5503044023307904,
            0.5475000000000001,
            0.5470638216271941
        ]
    },
    "0.95": {
        "f_e_Earth": [
            0.1775,
            0.1825,
            0.1875,
            0.1925,
            0.1975,
            0.2025,
            0.20750000000000002,
            0.21250000000000002,
            0.2175,
            0.2225,
            0.22616299585955396,
            0.2275,
            0.227781749019007,
            0.2275,
            0.2225,
            0.22080675279476725,
            0.2175,
            0.21250000000000002,
            0.20750000000000002,
            0.2025,
            0.1975,
            0.1925,
            0.1875,
            0.1825,
            0.1775,
            0.17250000000000001,
            0.16958920950921488,
            0.16805730717437528,
            0.17250000000000001,
            0.1725376411945149,
            0.1775
        ],
        "f_mu_Earth": [
            0.5446684618833416,
            0.5439920823419674,
            0.5437538398320627,
            0.5436973848384978,
            0.543695460276681,
            0.5436447942883693,
            0.5437181469047554,
            0.5437360068729058,
            0.5439896814708757,
            0.5448797007437012,
            0.5475000000000001,
            0.5518462602685549,
            0.5525,
            0.552789075860782,
            0.5567407963514448,
            0.5575000000000001,
            0.5595723633300116,
            0.5604983985410324,
            0.5607330510941592,
            0.5608649175179039,
            0.5608445617261897,
            0.5608626446943707,
            0.560855431965578,
            0.5607971842004866,
            0.560534529797311,
            0.5597349117153059,
            0.5575000000000001,
            0.5525,
            0.547524922433,
            0.5475000000000001,
            0.5446684618833416
        ]
    },
    "0.997": {
        "f_e_Earth": [
            0.1825,
            0.1875,
            0.1925,
            0.1975,
            0.2025,
            0.20750000000000002,
            0.2125,
            0.2175,
            0.21897340320111716,
            0.2225,
            0.2275,
            0.23168643892765872,
            0.23205170345475337,
            0.2275,
            0.22694038506740696,
            0.22250000000000003,
            0.2175,
            0.2125,
            0.20750000000000002,
            0.2029309253991351,
            0.2025,
            0.1975,
            0.1925,
            0.1875,
            0.1825,
            0.1823605828176636,
            0.1775,
            0.17250000000000001,
            0.16749999999999998,
            0.16366138152676463,
            0.16315723011419908,
            0.1675,
            0.16780649086503616,
            0.17250000000000001,
            0.1775,
            0.18127294670300312,
            0.1825
        ],
        "f_mu_Earth": [
            0.5414177998723664,
            0.5397368293288383,
            0.5394964725591963,
            0.5394094884514473,
            0.5393682064249627,
            0.5395135889429749,
            0.5397550015021153,
            0.5412129372118332,
            0.5425,
            0.5426994964195194,
            0.5433210663411252,
            0.5475000000000001,
            0.5525,
            0.5571700698332318,
            0.5575000000000001,
            0.5617209715851682,
            0.5622091937233604,
            0.5623279624614153,
            0.5624358328665411,
            0.5625,
            0.5626560993645731,
            0.5630728293370747,
            0.5631194088466799,
            0.5631194088466799,
            0.5625460702533303,
            0.5625,
            0.5624321464060137,
            0.5622591460930131,
            0.5613386184732354,
            0.5575000000000001,
            0.5525,
            0.5479071039688568,
            0.5475000000000001,
            0.5430015504627713,
            0.542685724560185,
            0.5425,
            0.5414177998723664
        ]
    }
}