{
    "0.68": {
        "f_e_Earth": [
            0.4425,
            0.4475,
            0.4524449359329036,
            0.4496412650785427,
            0.4475,
            0.44699162139636556,
            0.44327567464207085,
            0.4425,
            0.439206673332487,
            0.4375,
            0.43482026288672526,
            0.4325,
            0.4304966776612489,
            0.4275,
            0.42636505733068986,
            0.42273281907788973,
            0.4225,
            0.4181966591389423,
            0.4174999999999999,
            0.41250000000000003,
            0.41241545505820576,
            0.40750000000000003,
            0.4025,
            0.3991293885020971,
            0.4009058338006716,
            0.4025,
            0.4037277755200782,
            0.4070516154854758,
            0.4075,
            0.41078071036811104,
            0.4125,
            0.4152894639244842,
            0.4175,
            0.41991138057873384,
            0.4225,
            0.42488970384281766,
            0.4275,
            0.43033395512784534,
            0.4325,
            0.43639524358989235,
            0.4375,
            0.4424277688134893,
            0.4425
        ],
        "f_mu_Earth": [
            0.1724429304431053,
            0.17017464284156053,
            0.17250000000000001,
            0.1775,
            0.18150285895131502,
            0.1825,
            0.1875,
            0.18828274927300614,
            0.1925,
            0.19417215391067827,
            0.1975,
            0.20019761060491373,
            0.2025,
            0.20641604927281,
            0.20750000000000002,
            0.2125,
            0.21280726776953068,
            0.2175,
            0.21816227696143803,
            0.22244478329500286,
            0.2225,
            0.225222013650832,
            0.22644896300661782,
            0.2225,
            0.21749999999999997,
            0.2146491207877807,
            0.2125,
            0.20750000000000002,
            0.20689601781259237,
            0.2025,
            0.2004152914745912,
            0.1975,
            0.19503740841330508,
            0.1925,
            0.18975113270979838,
            0.1875,
            0.1848791385580183,
            0.1825,
            0.18056205351972301,
            0.1775,
            0.17649463313693362,
            0.1725,
            0.1724429304431053
        ]
    },
    "0.90": {
        "f_e_Earth": [
            0.4575000000000001,
            0.4584260443800586,
            0.462059188603206,
            0.46030720798081476,
            0.458136880028999,
            0.4575,
            0.45480818247873067,
            0.4525,
            0.45101201351775344,
            0.4475,
            0.4465873248890112,
            0.4425,
            0.4418163874291999,
            0.4375,
            0.4368792220672409,
            0.43271480479015284,
            0.43249999999999994,
            0.4297208204219348,
            0.4275,
            0.4262359656400451,
            0.4225,
            0.42243637472641804,
            0.4175,
            0.4171420716750252,
            0.4125,
            0.41003916524516004,
            0.4075,
            0.40249999999999997,
            0.39749999999999996,
            0.3938064008710005,
            0.3948800411147471,
            0.3975,
            0.39770016131965746,
            0.40020117260875687,
            0.4025,
            0.4039017950648811,
            0.40750000000000003,
            0.40761429585684916,
            0.41133549273028935,
            0.4125000000000001,
            0.41577182052610895,
            0.4175,
            0.42047204137963423,
            0.4225,
            0.4253850918891965,
            0.4275,
            0.4306944801249133,
            0.43250000000000005,
            0.4360120492689349,
            0.4375,
            0.44205876755945905,
            0.4425,
            0.4475,
            0.4488695060132373,
            0.4525,
            0.4573743163141108,
            0.4575000000000001
        ],
        "f_mu_Earth": [
            0.15742366018392007,
            0.1575,
            0.1625,
            0.1675,
            0.17250000000000001,
            0.1732913951450624,
            0.1775,
            0.18036404269397077,
            0.1825,
            0.1863375963037022,
            0.1875,
            0.19162460381181495,
            0.1925,
            0.19672908355239926,
            0.1975,
            0.2025,
            0.2027413309926812,
            0.20750000000000002,
            0.21062574876458512,
            0.21250000000000002,
            0.2174306175407316,
            0.2175,
            0.22219275011492018,
            0.2225,
            0.22597251137757035,
            0.2275,
            0.22931686178299604,
            0.23081358802254592,
            0.23166740230283486,
            0.22749999999999998,
            0.2225,
            0.21789253583322854,
            0.2175,
            0.21250000000000002,
            0.20957932138059038,
            0.20750000000000002,
            0.2026531517769743,
            0.2025,
            0.1975,
            0.19624654161635313,
            0.1925,
            0.19068483324361107,
            0.1875,
            0.1853973523134137,
            0.1825,
            0.18036066368027975,
            0.1775,
            0.1757126519488026,
            0.17250000000000001,
            0.17110591184293852,
            0.16750000000000004,
            0.16709366305833928,
            0.16334180531709663,
            0.1625,
            0.16005314455434022,
            0.1575,
            0.15742366018392007
        ]
    },
    "0.95": {
        "f_e_Earth": [
            0.4575,
            0.4625,
            0.4646806620633106,
            0.464248605783477,
            0.4625,
            0.4619569423903657,
            0.4598175934610827,
            0.4575,
            0.4561439684735339,
            0.4525,
            0.45216666961060803,
            0.44770696077212,
            0.4475,
            0.44281922478801095,
            0.4425,
            0.4375,
            0.4374951334893294,
            0.43439731179263696,
            0.4325,
            0.4308247900602124,
            0.4275,
            0.4272838873284883,
            0.4242600625854718,
            0.4225,
            0.4190322082923258,
            0.4175,
            0.41250000000000003,
            0.41173181536525755,
            0.40750000000000003,
            0.4025,
            0.4002128499277525,
            0.3975,
            0.39361612880385854,
            0.3925,
            0.39206209387351804,
            0.39250000000000007,
            0.3938106875224134,
            0.3959912036228576,
            0.39749999999999996,
            0.39910111355421296,
            0.4025,
            0.40295956639277786,
            0.40586377192393075,
            0.40750000000000003,
            0.4098882183125333,
            0.41250000000000003,
            0.41441138641590974,
            0.4175,
            0.419138601765799,
            0.4225,
            0.4240083925135745,
            0.4275,
            0.42913937388028045,
            0.4325,
            0.43432912782183236,
            0.4375,
            0.4400653518519837,
            0.4425,
            0.44617095228208115,
            0.4475,
            0.4525,
            0.45351073472989567,
            0.4575
        ],