{
    "0.68": {
        "f_e_Earth": [
            0.4575,
            0.46249999999999997,
            0.46271434235927855,
            0.46249999999999997,
            0.4575,
            0.45657978140230204,
            0.4525,
            0.45016884646027866,
            0.4475,
            0.4425,
            0.44110375048964323,
            0.4425,
            0.4475,
            0.44782896172902664,
            0.4525,
            0.45518753269761103,
            0.4575
        ],
        "f_mu_Earth": [
            0.16556602891727568,
            0.16702970979617718,
            0.1675,
            0.16770467015715404,
            0.17087633778356914,
            0.17250000000000001,
            0.17560077589937984,
            0.1775,
            0.17991641661309019,
            0.1823837394658543,
            0.1775,
            0.17611343578485883,
            0.172956331114671,
            0.17250000000000001,
            0.169263980034083,
            0.16750000000000004,
            0.16556602891727568
        ]
    },
    "0.90": {
        "f_e_Earth": [
            0.4575,
            0.4625,
            0.4645762963286907,
            0.4625,
            0.4580178290992848,
            0.4575,
            0.4525,
            0.45123667581736693,
            0.4475,
            0.4443419322878255,
            0.4425,
            0.4375,
            0.43515837465872953,
            0.4375,
            0.4397571123935169,
            0.4425,
            0.445972097476136,
            0.44749999999999995,
            0.4525,
            0.45380425907851474,
            0.4575
        ],
        "f_mu_Earth": [
            0.16440916448245155,
            0.16294438240344444,
            0.1675,
            0.16948260342622848,
            0.17250000000000001,
            0.1730164516190401,
            0.17647075173570947,
            0.1775,
            0.1808832465288674,
            0.1825,
            0.18432131814594904,
            0.1850720855187154,
            0.1825,
            0.180202774484764,
            0.1775,
            0.1747761388468942,
            0.1725,
            0.1709721861401443,
            0.16835605915634688,
            0.1675,
            0.16440916448245155
        ]
    },
    "0.95": {
        "f_e_Earth": [
            0.4625,
            0.4675,
            0.4712614402834079,
            0.4675,
            0.46670081207400926,
            0.4625,
            0.46103126868680105,
            0.4575,
            0.4525,
            0.4524550841774639,
            0.4475,
            0.4464967906486438,
            0.4425,
            0.4375,
            0.4332828951941391,
            0.4375,
            0.4382205793290773,
            0.4425,
            0.4436444777871994,
            0.4475,
            0.45119528907992,
            0.4525,
            0.4575,
            0.4591518733689216,
            0.4625
        ],
        "f_mu_Earth": [
            0.15926091550653532,
            0.15880093784956936,
            0.1625,
            0.16629916146312634,
            0.1675,
            0.1715112503671981,
            0.17250000000000001,
            0.17602187513811623,
            0.1774634064375399,
            0.1775,
            0.1819864131016491,
            0.1825,
            0.18645206022612706,
            0.18713214759888752,
            0.1825,
            0.17836285620090184,
            0.1775,
            0.17325026417569103,
            0.17250000000000001,
            0.16864470152271155,
            0.1675,
            0.16619528907992,
            0.16308916584265765,
            0.1625,
            0.15926091550653532
        ]
    },
    "0.997": {
        "f_e_Earth": [
            0.4675,
            0.47250000000000003,
            0.47534183804696745,
            0.4754351639692608,
            0.47250000000000003,
            0.47071561959973846,
            0.4675,
            0.4625,
            0.4623889685407048,
            0.4575,
            0.4570464282181187,
            0.4525,
            0.4475,
            0.4474676582558082,
            0.4425,
            0.4418412574578593,
            0.4375,
            0.4325,
            0.42761829690802666,
            0.4302742629351553,
            0.4325,
            0.4375,
            0.437528297085972,
            0.4425,
            0.4425957728704974,
            0.4475,
            0.44781008964712776,
            0.4525,
            0.45703716825393154,
            0.4575,
            0.4625,
            0.465316750229114,
            0.4675
        ],
        "f_mu_Earth": [
            0.155316750229114,
            0.1546581619530326,
            0.1575,
            0.1625,
            0.1654351639692607,
            0.1675,
            0.1707156195997384,
            0.1724252536433172,
            0.17250000000000001,
            0.1773759633666218,
            0.1775,
            0.18204642821811864,
            0.18248344284165186,
            0.1825,
            0.1874120622858825,
            0.1875,
            0.19184125745785924,
            0.19206141816259362,
            0.1875,
            0.1825,
            0.1802742629351553,
            0.17753388428603648,
            0.1775,
            0.1725627840527278,
            0.17250000000000001,
            0.16759605746223566,
            0.1675,
            0.1628100896471278,
            0.1625,
            0.16203716825393152,
            0.15764776696930438,
            0.15749999999999997,
            0.155316750229114
        ]
    }
}