{
    "0.68": {
        "f_e_Earth": [
            0.18750000000000003,
            0.1925,
            0.1975,
            0.2025,
            0.20750000000000002,
            0.21250000000000002,
            0.2175,
            0.22167906322057496,
            0.2225,
            0.2242699316637235,
            0.2225,
            0.21749999999999997,
            0.2125159217826827,
            0.2125,
            0.20750000000000002,
            0.2025,
            0.1975,
            0.1925,
            0.18835992387314254,
            0.1875,
            0.1825,
            0.1775,
            0.1749675159932016,
            0.1775,
            0.1825,
            0.1843723058562146,
            0.18750000000000003
        ],
        "f_mu_Earth": [
            0.5469595741742848,
            0.5465783376946185,
            0.5465115896815335,
            0.5464321211029649,
            0.5465747578534093,
            0.5464567408385388,
            0.5466654453121778,
            0.5475000000000001,
            0.548503352434194,
            0.5525,
            0.5536760827038167,
            0.5561487019076693,
            0.5575000000000001,
            0.5575028925859755,
            0.557524234075765,
            0.557711877038133,
            0.5576214523050574,
            0.5576233623697987,
            0.5575000000000001,
            0.5574600252042771,
            0.5566399507840739,
            0.5545518186673999,
            0.5525,
            0.5508395580414616,
            0.5481268712834318,
            0.5475000000000001,
            0.5469595741742848
        ]
    },
    "0.90": {
        "f_e_Earth": [
            0.1825,
            0.1875,
            0.1925,
            0.1975,
            0.2025,
            0.20750000000000002,
            0.2125,
            0.2175,
            0.2225,
            0.2270462893424241,
            0.2275,
            0.22856641494764138,
            0.2275,
            0.2225,
            0.2205582188520946,
            0.2175,
            0.21249999999999997,
            0.20750000000000002,
            0.2025,
            0.1975,
            0.1925,
            0.1875,
            0.1825,
            0.1775,
            0.1760954612374591,
            0.17250000000000001,
            0.1711778010261526,
            0.17250000000000001,
            0.1775,
            0.17803789608417336,
            0.1825
        ],
        "f_mu_Earth": [
            0.5458935003001217,
            0.5452488494302707,
            0.5449757926228423,
            0.5449160161228386,
            0.5448602744639363,
            0.5449599934020246,
            0.544900343853967,
            0.5450578013102909,
            0.5457624352885034,
            0.5475000000000001,
            0.5487864673401714,
            0.5525,
            0.5534394297424425,
            0.5565714244371527,
            0.5575000000000001,
            0.5586116173131397,
            0.5593325529661072,
            0.5593714638585153,
            0.5595051085715829,
            0.5594569042333528,
            0.5594614463463551,
            0.559359820906636,
            0.5590029651883589,
            0.558052011799074,
            0.5575000000000001,
            0.5547939644128809,
            0.5525,
            0.5510606327462616,
            0.5477973768318054,
            0.5475000000000001,
            0.5458935003001217
        ]
    },
    "0.95": {
        "f_e_Earth": [
            0.1775,
            0.1825,
            0.1875,
            0.1925,
            0.1975,
            0.2025,
            0.20750000000000002,
            0.2125,
            0.2175,
            0.2225,
            0.2275,
            0.23185917789986835,
            0.2325,
            0.23251349364429713,
            0.23250000000000004,
            0.2275,
            0.22648539879062982,
            0.22250000000000003,
            0.2175,
            0.2125,
            0.20750000000000002,
            0.2025,
            0.1975,
            0.1925,
            0.1875,
            0.1825,
            0.1775,
            0.17250000000000001,
            0.17052590109080795,
            0.16847696107721394,
            0.17250000000000001,
            0.17345158308249004,
            0.1775
        ],
        "f_mu_Earth": [
            0.5449324832937574,
            0.5439987730165363,
            0.5436127505575779,
            0.5434431543684726,
            0.5433900452676126,
            0.5433569955038582,
            0.5434156688063704,
            0.5434118405977707,
            0.543520286553237,
            0.5439119646723296,
            0.5449108425249826,
            0.5475000000000001,
            0.5524177764463987,
            0.5525,
            0.5525151855828375,
            0.5569123524680647,
            0.5575000000000001,
            0.5596916420893486,
            0.5607163600027402,
            0.5610823992203449,
            0.5611381130963534,
            0.5612201150918432,
            0.5612122893946854,
            0.5612193487397599,
            0.5611636578632861,
            0.5609830300996619,
            0.5604989581516528,
            0.559158557161547,
            0.5575000000000001,
            0.5525,
            0.548120454560539,
            0.5475000000000001,
            0.5449324832937574
        ]
    },
    "0.997": {
        "f_e_Earth": [
            0.1875,
            0.1925,
            0.1975,
            0.2025,
            0.20750000000000002,
            0.2125,
            0.2175,
            0.2225,
            0.22275368375847848,
            0.2275,
            0.2325,
            0.23724957772098146,
            0.23716047784224786,
            0.23399062242238597,
            0.2325,
            0.2275,
            0.2225,
            0.21750000000000003,
            0.2125,
            0.20750000000000002,
            0.20673680020456378,
            0.20249999999999999,
            0.1975,
            0.1925,
            0.1875,
            0.18250000000000002,
            0.182402172471143,
            0.1775,
            0.17250000000000001,
            0.1675,
            0.16457181011630234,
            0.1633628911218704,
            0.1675,
            0.16804742615900894,
            0.17250000000000001,
            0.1775,
            0.1825,
            0.1835771635628281,
            0.1875
        ],
        "f_mu_Earth": [
            0.5399642926633597,
            0.5392891194554479,
            0.5390750661360821,
            0.5390013437235532,
            0.5391338665144824,
            0.5392682372926532,
            0.5397477319065933,
            0.5422686748100655,
            0.5425,
            0.5427192452527423,
            0.5430884614248108,
            0.5475000000000001,
            0.5525,
            0.5575000000000001,
            0.558990622422386,
            0.5618805162630357,
            0.5622211814518719,
            0.5623309751589021,
            0.5624247620169972,
            0.5624933659969238,
            0.5625,
            0.5634888743450978,
            0.5639204603843021,
            0.5640676843908035,
            0.5636861682870701,
            0.5625590499333744,
            0.5625,
            0.5623760886373462,
            0.5621699257261339,
            0.5604281898836977,
            0.5575000000000001,
            0.5525,
            0.548221550836682,
            0.5475000000000001,
            0.5431599191450733,
            0.542738625644192,
            0.5425452673676101,
            0.5425,
            0.5399642926633597
        ]
    }
}