{
    "0.68": {
        "f_e_Earth": [
            0.17250000000000001,
            0.1775,
            0.1825,
            0.18329847585423165,
            0.183672109583556,
            0.1825,
            0.1775,
            0.17250000000000001,
            0.1675,
            0.16401585328248985,
            0.1675,
            0.1677974902421667,
            0.17250000000000001
        ],
        "f_mu_Earth": [
            0.5455764098836107,
            0.5454505417576071,
            0.5468238396429339,
            0.5475000000000001,
            0.5525,
            0.553554717126655,
            0.5555389046184642,
            0.5569931406049367,
            0.5567267826139268,
            0.5525,
            0.5477972741998703,
            0.5475000000000001,
            0.5455764098836107
        ]
    },
    "0.90": {
        "f_e_Earth": [
            0.1675,
            0.17250000000000001,
            0.1775,
            0.1825,
            0.1860923665080828,
            0.18616026654318354,
            0.1825,
            0.17754137323285515,
            0.1775,
            0.17250000000000001,
            0.1675,
            0.16249999999999998,
            0.1619169852394204,
            0.1604068087552431,
            0.1625,
            0.16408697546455825,
            0.1675
        ],
        "f_mu_Earth": [
            0.5447835764200412,
            0.5435290226124174,
            0.5435128153743141,
            0.5444579345349708,
            0.5475000000000001,
            0.5525,
            0.5557936731047843,
            0.5575,
            0.5575351554924296,
            0.5598662705837971,
            0.5599132633450841,
            0.558043768682744,
            0.5575000000000001,
            0.5525,
            0.5496266019667949,
            0.5475000000000001,
            0.5447835764200412
        ]
    },
    "0.95": {
        "f_e_Earth": [
            0.1625,
            0.1675,
            0.17250000000000001,
            0.1775,
            0.1825,
            0.18748474021329678,
            0.1874002736709697,
            0.1825,
            0.18078395657360058,
            0.1775,
            0.17250000000000004,
            0.1675,
            0.1625,
            0.15925255693938967,
            0.15864147444221954,
            0.16183767738315696,
            0.1625
        ],
        "f_mu_Earth": [
            0.546837677383157,
            0.5433442611732905,
            0.5425086791008094,
            0.5425471228693919,
            0.5432788532932556,
            0.5475000000000001,
            0.5525,
            0.5569094875074639,
            0.5575000000000001,
            0.5602904300073925,
            0.5613278767889274,
            0.5613657867011899,
            0.5605288389844512,
            0.5575000000000001,
            0.5525,
            0.5475000000000001,
            0.546837677383157
        ]
    },
    "0.997": {
        "f_e_Earth": [
            0.1675,
            0.17250000000000001,
            0.1775,
            0.18250000000000002,
            0.18257529349265866,
            0.1875,
            0.19165072427369134,
            0.19157855437169308,
            0.1875,
            0.18495109580412913,
            0.1825,
            0.1775,
            0.17250000000000001,
            0.1675,
            0.1625,
            0.1575,
            0.1573291192765421,
            0.15698230937785662,
            0.15750000000000003,
            0.15825321683735225,
            0.1625,
            0.16573287960111693,
            0.1675
        ],
        "f_mu_Earth": [
            0.5407328796011169,
            0.5383775338261138,
            0.5384244791611054,
            0.5424247065073413,
            0.5425,
            0.5433802557843782,
            0.5475000000000001,
            0.5525,
            0.5565375715030532,
            0.5575000000000001,
            0.5599469612596184,
            0.5621163187865925,
            0.5622964664358259,
            0.5623283572483482,
            0.5621756665345805,
            0.5576708807234579,
            0.5575000000000001,
            0.5525,
            0.5519823093778566,
            0.5475000000000001,
            0.5432532168373523,
            0.5425,
            0.5407328796011169
        ]
    }
}