{
    "0.68": {
        "f_e_Earth": [
            0.2175,
            0.22249999999999998,
            0.22750000000000004,
            0.2295077306582827,
            0.2322137033869676,
            0.2275,
            0.22268732294371368,
            0.22250000000000003,
            0.21749999999999997,
            0.21249999999999997,
            0.21220194282279944,
            0.2088380924417762,
            0.2125,
            0.21491485545398797,
            0.2175
        ],
        "f_mu_Earth": [
            0.5462531695327638,
            0.546014646230309,
            0.5468385324637683,
            0.5475000000000001,
            0.5525,
            0.5553954496396506,
            0.5575000000000001,
            0.5575626256947779,
            0.5583293577795536,
            0.5577126798357499,
            0.5575000000000001,
            0.5525,
            0.5489408947154055,
            0.5475000000000001,
            0.5462531695327638
        ]
    },
    "0.90": {
        "f_e_Earth": [
            0.2125,
            0.2175,
            0.22249999999999998,
            0.22750000000000004,
            0.2325,
            0.2338185461406773,
            0.23450385868186985,
            0.23250000000000004,
            0.22787269628105566,
            0.2275,
            0.2225,
            0.2175,
            0.21249999999999997,
            0.2098552601158765,
            0.20750000000000002,
            0.2067927224049655,
            0.20750000000000002,
            0.2121117580216282,
            0.2125
        ],
        "f_mu_Earth": [
            0.5472051826065404,
            0.544930879361937,
            0.5446720879179683,
            0.545188536671172,
            0.5465875873487158,
            0.5475000000000001,
            0.5525,
            0.5549004990066657,
            0.5575000000000001,
            0.5577037236445117,
            0.5593124936338553,
            0.5598437478709898,
            0.5593871642328473,
            0.5575000000000001,
            0.5533480050930739,
            0.5525,
            0.5518675896860662,
            0.5475000000000001,
            0.5472051826065404
        ]
    },
    "0.95": {
        "f_e_Earth": [
            0.2125,
            0.2175,
            0.2225,
            0.2275,
            0.23249999999999998,
            0.2375,
            0.23815052771799944,
            0.2375,
            0.23716305970702317,
            0.23379048544530848,
            0.23250000000000004,
            0.22750000000000004,
            0.2225,
            0.21749999999999997,
            0.21250000000000002,
            0.20750000000000002,
            0.2059500898764437,
            0.2025657675662809,
            0.20750000000000002,
            0.2081209454534545,
            0.2125
        ],
        "f_mu_Earth": [
            0.5441746989785995,
            0.5433109703185777,
            0.5430273488135111,
            0.5431671625697063,
            0.5438106628666314,
            0.5468488993273589,
            0.5475000000000001,
            0.5494734033153845,
            0.5525,
            0.5575000000000001,
            0.558748815691987,
            0.5608033547142997,
            0.5614562189384333,
            0.5616989943656056,
            0.5614385387931877,
            0.5587322879137797,
            0.5575000000000001,
            0.5525,
            0.5480880696570373,
            0.5475000000000001,
            0.5441746989785995
        ]
    },
    "0.997": {
        "f_e_Earth": [
            0.2225,
            0.22750000000000004,
            0.2325,
            0.23349970646006413,
            0.2375,
            0.2419926745773337,
            0.24174077550783019,
            0.2375,
            0.23721319139153957,
            0.2325,
            0.2275,
            0.22258639430605495,
            0.22250000000000003,
            0.21749999999999997,
            0.21422099931166128,
            0.2125,
            0.20750000000000002,
            0.2025,
            0.1993501903060832,
            0.19750000000000004,
            0.1963646819315416,
            0.19749999999999998,
            0.2006786982439111,
            0.20250000000000004,
            0.20750000000000002,
            0.2125,
            0.2175,
            0.2178522694793129,
            0.2225
        ],
        "f_mu_Earth": [
            0.5388938595216494,
            0.5389528942879849,
            0.5415102333751821,
            0.5425,
            0.5430033684832745,
            0.5475000000000001,
            0.5525,
            0.5569916043636886,
            0.5575000000000001,
            0.562061002520788,
            0.5623158054645205,
            0.5625,
            0.5625794955370687,
            0.5648246302367379,
            0.5625,
            0.5624394975921273,
            0.5620590682908557,
            0.5603483730080457,
            0.5575000000000001,
            0.553870980164015,
            0.5525,
            0.5513115393836563,
            0.5475000000000001,
            0.5457471248041545,
            0.5433144636257636,
            0.5426959884051747,
            0.5425205431378081,
            0.5425,
            0.5388938595216494
        ]
    }
}