{
    "0.68": {
        "f_e_Earth": [
            0.2025,
            0.20750000000000002,
            0.2125,
            0.2175,
            0.22249999999999998,
            0.2275,
            0.22863464261359462,
            0.2306867891268084,
            0.23055473195874399,
            0.22950606685483543,
            0.22777203547344355,
            0.2275,
            0.22591533955236465,
            0.22392512196965283,
            0.22250000000000003,
            0.22178359014558652,
            0.21956053137163356,
            0.2175,
            0.2164652174662887,
            0.21307655277953083,
            0.2125,
            0.20750000000000002,
            0.2047093492076314,
            0.2025,
            0.1992907127788971,
            0.1975,
            0.1925,
            0.1875,
            0.1825,
            0.1775,
            0.1725,
            0.17163323984192794,
            0.1708696640164739,
            0.1711440164896319,
            0.17250000000000001,
            0.172765202212914,
            0.1749179342707605,
            0.17718718680725135,
            0.1775,
            0.1799803624395636,
            0.1825,
            0.18273110488324548,
            0.18653984446831512,
            0.1875,
            0.1913230807209762,
            0.1925,
            0.1975,
            0.19770599685106402,
            0.2025
        ],
        "f_mu_Earth": [
            0.5200040443245006,
            0.5189486338297873,
            0.5179875081416632,
            0.5182334551557571,
            0.5192947425543805,
            0.5214820242680451,
            0.5225,
            0.5275000000000001,
            0.5325,
            0.5375000000000001,
            0.5425,
            0.5432863980495691,
            0.5475000000000001,
            0.5525,
            0.5559518407075205,
            0.5575000000000001,
            0.5625,
            0.566151817024243,
            0.5675000000000001,
            0.5724999999999999,
            0.5732904488180012,
            0.5764695277656192,
            0.5775,
            0.5784437093932648,
            0.5775,
            0.5769398385879106,
            0.5765948657234398,
            0.5771967482424857,
            0.5766266883735959,
            0.5762576802631685,
            0.5740770695366242,
            0.5725,
            0.5675000000000001,
            0.5625,
            0.5580827025721407,
            0.5575000000000001,
            0.5525,
            0.5475000000000002,
            0.5469053469601701,
            0.5425,
            0.5378428010665706,
            0.5375000000000001,
            0.5325,
            0.5313568915329482,
            0.5275000000000001,
            0.5264259648644953,
            0.5226351704708394,
            0.5225,
            0.5200040443245006
        ]
    },
    "0.90": {
        "f_e_Earth": [
            0.2025,
            0.20750000000000002,
            0.2125,
            0.2175,
            0.2225,
            0.2275,
            0.22877886044708606,
            0.23250000000000004,
            0.23396714157369622,
            0.2358561945313431,
            0.23551405409689968,
            0.2346636225856668,
            0.23324236065332227,
            0.23249999999999998,
            0.23158077666333987,
            0.22964150076532353,
            0.2276543723076957,
            0.2275,
            0.22570675643981286,
            0.22299284157493457,
            0.22249999999999998,
            0.2206489014798576,
            0.2175,
            0.2174594871961556,
            0.21418533031379733,
            0.21250000000000002,
            0.20887767448081107,
            0.20750000000000002,
            0.2025,
            0.1975,
            0.1925,
            0.1875,
            0.1825,
            0.1775,
            0.17250000000000001,
            0.1675,
            0.1647928179654674,
            0.16250200425047703,
            0.1625,
            0.16230437969292752,
            0.1625,
            0.16291035168771098,
            0.16444877950130868,
            0.1659141825339086,
            0.16750000000000004,
            0.16803923170795043,
            0.17022576470834033,
            0.17250000000000001,
            0.17276777356978368,
            0.17566420441775626,
            0.1775,
            0.17898470094139385,
            0.1825,
            0.1825060256327118,
            0.18665499551438397,
            0.1875,
            0.19203630281964168,
            0.1925,
            0.1975,
            0.1997860728248385,
            0.2025
        ],
        "f_mu_Earth": [
            0.5160562715736436,
            0.5153094543163304,
            0.5149373512696908,
            0.5150451448520923,
            0.5154498554035924,
            0.5166645818136313,
            0.5175000000000001,
            0.5208019719831766,
            0.5225,
            0.5275000000000001,
            0.5325,
            0.5375000000000001,
            0.5425,
            0.5448333617951571,
            0.5475000000000001,
            0.5525,
            0.5575000000000001,
            0.5578963822544645,
            0.5625,
            0.5675000000000001,
            0.5686204522032945,
            0.5725,
            0.5774440696132347,
            0.5775,
            0.5825,
            0.584434347324003,
            0.5874999999999999,
            0.588676222080315,
            0.5911075265530954,
            0.5920458149230183,
            0.5921143793441159,
            0.5921323300978395,
            0.5922052616908607,
            0.5918970254741035,
            0.5922241064920982,
            0.5902721060877869,
            0.5874999999999999,
            0.5825,
            0.5824762176051642,
            0.5774999999999999,
            0.5756541372554448,
            0.5725,
            0.5675000000000001,
            0.5625,
            0.5586899400831684,
            0.5575000000000001,
            0.5525,
            0.5479475918339348,
            0.5475000000000001,
            0.5425,
            0.5398019209467423,
            0.5375000000000001,
            0.532507761618754,
            0.5325,
            0.5275000000000001,
            0.5266354915884444,
            0.5225,
            0.5220738274469539,
            0.518805788551345,
            0.5175000000000001,
            0.5160562715736436
        ]
    },