{
    "0.68": {
        "f_e_Earth": [
            0.41250000000000003,
            0.4175,
            0.4225,
            0.4227612779830389,
            0.4226719042017024,
            0.4225,
            0.419715927540419,
            0.4175,
            0.41471665022025783,
            0.41250000000000003,
            0.40750000000000003,
            0.40640065952858856,
            0.4025,
            0.39950832768623634,
            0.4000973556610309,
            0.40237348721572536,
            0.4025,
            0.40611629747359895,
            0.4075000000000001,
            0.4111481894231054,
            0.41250000000000003
        ],
        "f_mu_Earth": [
            0.21137120255880676,
            0.20947988727259884,
            0.21192354270378533,
            0.21250000000000002,
            0.21749999999999997,
            0.21780502323698586,
            0.2225,
            0.22471592754041897,
            0.22749999999999998,
            0.2291195179216931,
            0.2320768365901405,
            0.23249999999999998,
            0.23361360679971765,
            0.2325,
            0.2275,
            0.22250000000000003,
            0.22233528694544547,
            0.2175,
            0.2159132718665962,
            0.2125,
            0.21137120255880676
        ]
    },
    "0.90": {
        "f_e_Earth": [
            0.4175,
            0.4225,
            0.42500515504694025,
            0.426598653251456,
            0.4259603293224396,
            0.4234816937023079,
            0.4225,
            0.41851436946953385,
            0.4175,
            0.41250000000000003,
            0.4111319632429578,
            0.40750000000000003,
            0.4025,
            0.39759221538696565,
            0.39749999999999996,
            0.39744350176687665,
            0.39440224684003156,
            0.3960398207153173,
            0.3975,
            0.3991502829242375,
            0.4025,
            0.4029777887797038,
            0.407197241564075,
            0.40750000000000003,
            0.4125,
            0.41377478109293075,
            0.4175
        ],
        "f_mu_Earth": [
            0.20519134217064366,
            0.20526463281529359,
            0.20750000000000002,
            0.2125,
            0.21750000000000003,
            0.2225,
            0.2235143694695338,
            0.2275,
            0.22846792871731705,
            0.231646820966937,
            0.2325,
            0.2352018764143633,
            0.23663853563427087,
            0.2375,
            0.23753254837569407,
            0.23749999999999996,
            0.23249999999999998,
            0.22749999999999998,
            0.22557796855773382,
            0.2225,
            0.21813884286789129,
            0.2175,
            0.2125,
            0.2121954989317113,
            0.20815909707346014,
            0.20750000000000002,
            0.20519134217064366
        ]
    },
    "0.95": {
        "f_e_Earth": [
            0.4125,
            0.4175,
            0.4225,
            0.4268422061314736,
            0.4275,
            0.4284854088906563,
            0.4275,
            0.427111829492852,
            0.42524126089332753,
            0.4225,
            0.420332504020023,
            0.4175,
            0.4126321066093115,
            0.4125,
            0.40750000000000003,
            0.40318456249003626,
            0.4025,
            0.3975000000000001,
            0.3937463194992946,
            0.3929614367595725,
            0.39444057443213065,
            0.3975,
            0.39802162097979576,
            0.40101218636392166,
            0.4025,
            0.4051429930681258,
            0.4075000000000001,
            0.4112726865211242,
            0.4125
        ],
        "f_mu_Earth": [
            0.20632043024651264,
            0.2038431250114028,
            0.20362541941969528,
            0.20750000000000002,
            0.21010495162054957,
            0.2125,
            0.2149704266537405,
            0.2175,
            0.2225,
            0.22533250402002294,
            0.22749999999999998,
            0.23020282383809929,
            0.2325,
            0.23263046206777063,
            0.23625751437235343,
            0.2375,
            0.23811097648003732,
            0.2396624783009737,
            0.2375,
            0.23250000000000004,
            0.2275,
            0.22347288346821342,
            0.2225,
            0.21750000000000003,
            0.21597381656275977,
            0.2125,
            0.2101294264880625,
            0.20750000000000002,
            0.20632043024651264
        ]
    },
    "0.997": {
        "f_e_Earth": [
            0.4175,
            0.4225,
            0.4267247326766832,
            0.4275,
            0.43176012339220016,
            0.43206453519179894,
            0.43177557508355213,
            0.4275,
            0.4273452797106282,
            0.4226209163738212,
            0.4225,
            0.4175,
            0.41702816798515496,
            0.41250000000000003,
            0.4080710834558266,
            0.4075000000000001,
            0.4025,
            0.3975,
            0.3925,
            0.38822442491644793,
            0.3882124778788453,
            0.3925,
            0.3925282608299583,
            0.39332748170849696,
            0.3975,
            0.3978648047906445,
            0.4025,
            0.4026866063424878,
            0.40750000000000003,
            0.40772799051201547,
            0.41250000000000003,
            0.4146057848365444,
            0.4175
        ],
        "f_mu_Earth": [
            0.19960835290678708,
            0.19861111233385506,
            0.2025,
            0.20300176351338128,
            0.20750000000000002,
            0.2125,
            0.21749999999999997,
            0.22203553889846409,
            0.2225,
            0.2275,
            0.22762091637382123,
            0.23227734079817836,
            0.2325,
            0.23697179866045368,
            0.2375,
            0.23807108345582653,
            0.24202392031137065,
            0.24220936179891117,
            0.2418337102206585,
            0.2375,
            0.2325,
            0.22759892501317877,
            0.2275,
            0.2225,
            0.21829452921233736,
            0.2175,
            0.21274526594907406,
            0.2125,
            0.207658901167103,
            0.20750000000000002,
            0.20291362646767538,
            0.2025,
            0.19960835290678708
        ]
    }
}