{
    "0.68": {
        "f_e_Earth": [
            0.3575,
            0.3593312132438392,
            0.3575,
            0.3556506531809951,
            0.35256476418529636,
            0.35250000000000004,
            0.3510152584973245,
            0.3496694912217202,
            0.34788725954895094,
            0.34750000000000003,
            0.3425,
            0.34228438270841416,
            0.3419877349777382,
            0.3425,
            0.34399202952996794,
            0.344927472877462,
            0.34750000000000003,
            0.34903828636938455,
            0.35250000000000004,
            0.3541483064815227,
            0.3575
        ],
        "f_mu_Earth": [
            0.29975097042294985,
            0.3025,
            0.30445889097253115,
            0.3075,
            0.3125,
            0.3127137876471057,
            0.3175,
            0.3225,
            0.3275,
            0.3279748348559464,
            0.3281041102314816,
            0.3275,
            0.3225,
            0.3211102044513827,
            0.3175,
            0.3125,
            0.3094581602525376,
            0.3075,
            0.3032839303573413,
            0.3025,
            0.29975097042294985
        ]
    },
    "0.90": {
        "f_e_Earth": [
            0.35250000000000004,
            0.3575,
            0.3607660052464189,
            0.3575,
            0.3565840077669773,
            0.3548066028644956,
            0.3536364520605425,
            0.3528285609912266,
            0.35250000000000004,
            0.3506771676279689,
            0.34750000000000003,
            0.34506255569192745,
            0.3425,
            0.34125662469564816,
            0.3399093146607973,
            0.3399445496021504,
            0.3413803369805175,
            0.3425,
            0.3438234657547924,
            0.34750000000000003,
            0.3480127827335093,
            0.3513223573653624,
            0.35250000000000004
        ],
        "f_mu_Earth": [
            0.30132235736536234,
            0.2975970510663284,
            0.3025,
            0.3059937210152742,
            0.3075,
            0.3125,
            0.3175,
            0.3225,
            0.3230746700524454,
            0.3275,
            0.3313956558644742,
            0.3325,
            0.3337002887449025,
            0.3325,
            0.3275,
            0.3225,
            0.3175,
            0.31637328245065843,
            0.3125,
            0.3081527463201453,
            0.3075,
            0.3025,
            0.30132235736536234
        ]
    },
    "0.95": {
        "f_e_Earth": [
            0.35750000000000004,
            0.3609590006106227,
            0.361524977816703,
            0.3575,
            0.3570777312668545,
            0.3559924849027665,
            0.3553382673886258,
            0.3548770016450099,
            0.35250000000000004,
            0.3521529660027726,
            0.34867869544024654,
            0.34750000000000003,
            0.3425,
            0.3393187455872263,
            0.3386529572950898,
            0.33886375067569385,
            0.33968190662160813,
            0.3425,
            0.34323947091651763,
            0.3472957154587158,
            0.3475000000000001,
            0.34964930478654577,
            0.35250000000000004,
            0.355420371672605,
            0.35750000000000004
        ],
        "f_mu_Earth": [
            0.29542037167260493,
            0.2975,
            0.3025,
            0.30680561144984275,
            0.3075,
            0.3125,
            0.3175,
            0.3225,
            0.3266574979881234,
            0.3275,
            0.3325,
            0.33366772564562686,
            0.33557101472335754,
            0.3325,
            0.3275,
            0.3225,
            0.3175,
            0.3146641509901926,
            0.3125,
            0.30750000000000005,
            0.30729571545871576,
            0.3025,
            0.2996493047865457,
            0.2975,
            0.29542037167260493
        ]
    },
    "0.997": {
        "f_e_Earth": [
            0.3575,
            0.3625,
            0.3660988105233193,
            0.3625,
            0.36231344620293776,
            0.35963780506044085,
            0.3575,
            0.3572244536636801,
            0.3571062200629908,
            0.3570050504834306,
            0.35632898845695216,
            0.35250000000000004,
            0.35182079065126737,
            0.34750000000000003,
            0.3426557653738849,
            0.3425,
            0.3423388028758882,
            0.3375,
            0.3360505869263463,
            0.3358490897634664,
            0.3375,
            0.33774094885287104,
            0.33791747046587167,
            0.3425,
            0.34263278039075645,
            0.3434175780241514,
            0.34750000000000003,
            0.3479112326630542,
            0.35250000000000004,
            0.35305876310682,
            0.3575
        ],
        "f_mu_Earth": [
            0.29305876310681994,
            0.2939011894766807,
            0.2975,
            0.30109881052331927,
            0.3025,
            0.3075,
            0.3097068931417184,
            0.3125,
            0.3175,
            0.3225,
            0.3275,
            0.3314080519967665,
            0.3325,
            0.3367805782397992,
            0.3375,
            0.33765226151329547,
            0.3375,
            0.33401074978146245,
            0.3325,
            0.3275,
            0.32573940365867154,
            0.3225,
            0.3175,
            0.3128885978578941,
            0.3125,
            0.3075,
            0.30341757802415137,
            0.3025,
            0.2979112326630542,
            0.2975,
            0.29305876310681994
        ]
    }
}