{
    "0.68": {
        "f_e_Earth": [
            0.3575,
            0.35967746040955295,
            0.3575,
            0.3557632120107034,
            0.35250000000000004,
            0.35237674172206873,
            0.35063790712777254,
            0.34934010614868327,
            0.3480306558229126,
            0.34750000000000003,
            0.3425,
            0.34072223572364396,
            0.34086594626476224,
            0.3425,
            0.34302848864387026,
            0.3447407929724527,
            0.34750000000000003,
            0.3488719598545377,
            0.35250000000000004,
            0.35339745407573037,
            0.3575
        ],
        "f_mu_Earth": [
            0.29907080417152754,
            0.3025,
            0.30482579419507017,
            0.3075,
            0.31240902063816905,
            0.3125,
            0.3175,
            0.3225,
            0.3275,
            0.32812498231669723,
            0.331866951079929,
            0.3275,
            0.3225,
            0.31834683141447595,
            0.3175,
            0.3125,
            0.30920122130425876,
            0.3075,
            0.3029597449855093,
            0.3025,
            0.29907080417152754
        ]
    },
    "0.90": {
        "f_e_Earth": [
            0.35750000000000004,
            0.3613462612826526,
            0.3614295467843094,
            0.3575,
            0.35697863796764584,
            0.35554477094722803,
            0.353853910894111,
            0.35250000000000004,
            0.35237952940142603,
            0.3511520053421102,
            0.34750000000000003,
            0.346635265271443,
            0.3425,
            0.3376580475101725,
            0.3378880652663142,
            0.3387021790987671,
            0.3395966685644363,
            0.3425,
            0.3433392519437358,
            0.34750000000000003,
            0.3475206488912414,
            0.3497812407259733,
            0.35250000000000004,
            0.355432563580401,
            0.35750000000000004
        ],
        "f_mu_Earth": [
            0.295432563580401,
            0.2975,
            0.3025,
            0.306697236863691,
            0.3075,
            0.3125,
            0.3175,
            0.3217563738269921,
            0.3225,
            0.3275,
            0.33180116595494047,
            0.3325,
            0.33568523982245757,
            0.3325,
            0.3275,
            0.3225,
            0.3175,
            0.3145722482394024,
            0.3125,
            0.3075256044909571,
            0.3075,
            0.3025,
            0.29978124072597323,
            0.2975,
            0.295432563580401
        ]
    },
    "0.95": {
        "f_e_Earth": [
            0.3575,
            0.3625,
            0.36262708215255285,
            0.3625,
            0.36167737149941176,
            0.3575,
            0.35715055448720046,
            0.3559979915119076,
            0.3546980309179102,
            0.3533909973560939,
            0.35250000000000004,
            0.35159350615307194,
            0.34750000000000003,
            0.34727868614761737,
            0.3425,
            0.3375000000000001,
            0.33653857745336824,
            0.33745230595822784,
            0.3375,
            0.3383961239925883,
            0.3391112608118796,
            0.3425,
            0.3431410102867318,
            0.34644099880351975,
            0.34750000000000003,
            0.3492531019668875,
            0.35250000000000004,
            0.35475363457801246,
            0.3575
        ],
        "f_mu_Earth": [
            0.29475363457801246,
            0.2973729178474471,
            0.2975,
            0.2976270821525529,
            0.3025,
            0.3069619439882161,
            0.3075,
            0.3125,
            0.3175,
            0.32250000000000006,
            0.32379783956855507,
            0.3275,
            0.3323211455495185,
            0.3325,
            0.3361808428038537,
            0.3337101389089143,
            0.3325,
            0.3275,
            0.32744599905627353,
            0.3225,
            0.3175,
            0.31408275765463917,
            0.3125,
            0.3075,
            0.3064409988035197,
            0.3025,
            0.2992531019668875,
            0.2975,
            0.29475363457801246
        ]
    },
    "0.997": {
        "f_e_Earth": [
            0.3575,
            0.3625,
            0.3665150815464606,
            0.3625,
            0.3623337296018521,
            0.3598929693395477,
            0.3575,
            0.3571983358346973,
            0.35693366353761885,
            0.3566694847612205,
            0.3548506300325738,
            0.35250000000000004,
            0.35137256822373586,
            0.34750000000000003,
            0.3425,
            0.3421457965670009,
            0.3375,
            0.3364716454219959,
            0.3333162808371486,
            0.3335009644485156,
            0.3375,
            0.3375855440282342,
            0.3378256694565283,
            0.3425,
            0.3426159717821496,
            0.3432965581543709,
            0.34750000000000003,
            0.3478543385158911,
            0.35250000000000004,
            0.35295550660875225,
            0.3575
        ],
        "f_mu_Earth": [
            0.29295550660875225,
            0.29348491845353936,
            0.2975,
            0.3015150815464606,
            0.3025,
            0.3075,
            0.30990290050438024,
            0.3125,
            0.3175,
            0.3225,
            0.3275,
            0.3298506300325738,
            0.3325,
            0.3363725682237358,
            0.337493435990125,
            0.3375,
            0.3385283545780041,
            0.3375,
            0.3325,
            0.3275,
            0.32297214524598755,
            0.3225,
            0.3175,
            0.3127863530113615,
            0.3125,
            0.3075,
            0.30329655815437084,
            0.3025,
            0.29785433851589105,
            0.2975,
            0.29295550660875225
        ]
    }
}