{
    "0.68": {
        "f_e_Earth": [
            0.2275,
            0.2325,
            0.23282350997073564,
            0.23380892243829862,
            0.23395153323547357,
            0.23345217419611375,
            0.23255213269744915,
            0.2325,
            0.23106405479281986,
            0.22936450418845267,
            0.2275,
            0.22742653965814247,
            0.22540164210748223,
            0.2230395063204197,
            0.2225,
            0.22002084466585425,
            0.2175,
            0.21706712255666177,
            0.21344297587144465,
            0.2125,
            0.20919217888027258,
            0.20864770473109157,
            0.20893719636632727,
            0.20960511439617685,
            0.21015007140655328,
            0.2108480450572444,
            0.21198615346735,
            0.21249999999999997,
            0.21395724441681382,
            0.21523457743853064,
            0.216686982364194,
            0.2175,
            0.21952743180142434,
            0.22141846874912896,
            0.2225,
            0.22580171669278035,
            0.2275
        ],
        "f_mu_Earth": [
            0.5203336485120041,
            0.5218746108765889,
            0.5225,
            0.5275000000000001,
            0.5325,
            0.5375000000000001,
            0.5425,
            0.5427125458739129,
            0.5475000000000001,
            0.5525,
            0.5573382431249115,
            0.5575000000000001,
            0.5625,
            0.5675000000000001,
            0.568561860354215,
            0.5725,
            0.5770795128083922,
            0.5775,
            0.5825,
            0.5839012616221079,
            0.5825,
            0.5775,
            0.5725,
            0.5675000000000001,
            0.5625,
            0.5575000000000001,
            0.5525,
            0.5512116764945196,
            0.5475000000000001,
            0.5425,
            0.5375000000000001,
            0.5359676717741964,
            0.5325,
            0.5275000000000001,
            0.5257259480094377,
            0.5225,
            0.5203336485120041
        ]
    },
    "0.90": {
        "f_e_Earth": [
            0.22750000000000004,
            0.2325,
            0.2345812104961857,
            0.2367310196056982,
            0.23747854895350248,
            0.2374823090176697,
            0.23702686509997903,
            0.23612398033950976,
            0.2349814770791098,
            0.23346249616929843,
            0.2325,
            0.23155980877680968,
            0.22962055540733695,
            0.2275,
            0.22715517175561795,
            0.2247227566832979,
            0.2225,
            0.22198241984770486,
            0.21933797722032264,
            0.21749999999999997,
            0.21615075485358617,
            0.21275462118955382,
            0.2125,
            0.20753204986557922,
            0.20750000000000002,
            0.20746936987398934,
            0.2055014314370831,
            0.20487180172028738,
            0.20485962665282417,
            0.20515333377106362,
            0.20556054605332758,
            0.20662954634079927,
            0.20750000000000002,
            0.20809670814730288,
            0.20894217537109872,
            0.20973883433912244,
            0.2112649849647639,
            0.2125,
            0.2134550230703988,
            0.21460058689501194,
            0.2169900907802055,
            0.21750000000000003,
            0.21928878450087208,
            0.2221573642842276,
            0.2225,
            0.22602552354451186,
            0.22750000000000004
        ],
        "f_mu_Earth": [
            0.5160648740237564,
            0.5158016967028205,
            0.5175000000000001,
            0.5225,
            0.5275000000000001,
            0.5325,
            0.5375000000000001,
            0.5425,
            0.5475000000000001,
            0.5525,
            0.5549269538972006,
            0.5575000000000001,
            0.5625,
            0.5668038839627173,
            0.5675000000000001,
            0.5725,
            0.5766168586652073,
            0.5775,
            0.5825,
            0.5856288601621334,
            0.5874999999999999,
            0.5924999999999999,
            0.5928614167253198,
            0.5974999999999999,
            0.5975302593702954,
            0.5974999999999999,
            0.5925,
            0.5874999999999999,
            0.5825,
            0.5775,
            0.5725,
            0.5675000000000001,
            0.565350124418567,
            0.5625,
            0.5575000000000001,
            0.5525,
            0.5475000000000001,
            0.5455564371821832,
            0.5425,
            0.5375000000000001,
            0.5325,
            0.531883353536492,
            0.5275000000000001,
            0.5225,
            0.5221102615852056,
            0.5175000000000001,
            0.5160648740237564
        ]
    },
    "0.95": {
        "f_e_Earth": [
            0.2275,
            0.2325,
            0.23610500590340783,
            0.2375,
            0.2381694056037915,
            0.23902212584278315,
            0.23903083608212788,
            0.23848924935593013,
            0.2375,
            0.23722463391213539,
            0.23612063880307244,
            0.23484181010319682,
            0.2330021561869348,
            0.2325,
            0.2308819926946511,
            0.2287440759203979,
            0.22749999999999998,
            0.22605573364097026,
            0.22364241129310064,
            0.22249999999999998,
            0.2207728927917379,
            0.2179686752104682,
            0.2175,
            0.2145500110100969,
            0.2125,
            0.21026143192511287,
            0.20750000000000002,
            0.20486089352303066,
            0.203917686997388,
            0.2037863645564999,
            0.2039829042616411,
            0.20430987673232315,
            0.2046398562967184,
            0.2054058950051666,
            0.20738300521747255,
            0.20750000000000002,
            0.20835488764518528,
            0.20904633004577394,
            0.2101498068008202,
            0.21250000000000002,
            0.21290665901088476,
            0.2139576707190744,
            0.21566031616957862,
            0.21750000000000003,
            0.21863252902434893,
            0.2207780503503292,
            0.2225,
            0.22482574315722792,
            0.2275
        ],
        "f_mu_Earth": [
            0.514897113091956,
            0.5145582536349256,
            0.5175000000000001,
            0.5210849423812316,
            0.5225,
            0.5275000000000001,
            0.5325,
            0.5375000000000001,
            0.5409757115510501,
            0.5425,
            0.5475000000000001,
            0.5525,
            0.5575000000000001,
            0.5583431990305205,
            0.5625,
            0.5675000000000001,
            0.5695095656664817,
            0.5725,
            0.5775,
            0.5792397523582722,
            0.5825,
            0.5874999999999999,
            0.5881232838999657,
            0.5925,
            0.595409845278144,
            0.5974999999999999,
            0.6001071619851625,
            0.5974999999999999,
            0.5925,
            0.5874999999999999,
            0.5825,
            0.5775,
            0.5725,
            0.5675000000000001,
            0.5625,
            0.5623117742943392,
            0.5575000000000001,
            0.5525,
            0.5475000000000001,
            0.5438014635560784,
            0.5425,
            0.5375000000000001,
            0.5325,
            0.5302752225612641,
            0.5275000000000001,
            0.5225,
            0.5205413310815962,
            0.5175000000000001,
            0.514897113091956
        ]
    },