{
    "0.68": {
        "f_e_Earth": [
            0.1975,
            0.2025,
            0.20750000000000002,
            0.2125,
            0.2175,
            0.2225,
            0.2275,
            0.2325,
            0.23749999999999996,
            0.24249999999999997,
            0.2475,
            0.2501249599798342,
            0.2525,
            0.25749999999999995,
            0.2625,
            0.26311961882305823,
            0.2670516106984047,
            0.26704650878504627,
            0.26529885180638824,
            0.262965546786948,
            0.2625,
            0.2598004194732365,
            0.2575,
            0.25482237979009725,
            0.2525,
            0.2498302781069789,
            0.24749999999999997,
            0.24371599839187044,
            0.2425,
            0.2375,
            0.2356913695261249,
            0.2325,
            0.2275,
            0.22615233776189558,
            0.22250000000000003,
            0.2175,
            0.2147826615487326,
            0.21249999999999997,
            0.20750000000000002,
            0.2025,
            0.1975,
            0.1948611925427671,
            0.1925,
            0.18750000000000003,
            0.1855829174657137,
            0.1825,
            0.17794615415641996,
            0.1775,
            0.17250000000000001,
            0.16750000000000004,
            0.16675681995162928,
            0.16686591890576372,
            0.16638930112908618,
            0.16732441812597185,
            0.16750000000000004,
            0.16865518792110454,
            0.17144046072478336,
            0.17250000000000001,
            0.17516043963061884,
            0.1775,
            0.17862895933794098,
            0.1825,
            0.18502727895343601,
            0.1875,
            0.1925,
            0.1928447516793228,
            0.1975
        ],
        "f_mu_Earth": [
            0.5157627644750826,
            0.5148715544371767,
            0.514230647676354,
            0.513377031996825,
            0.5126296617481488,
            0.5131120899859031,
            0.5136684463124267,
            0.5145381571194898,
            0.5155877886395345,
            0.5159941320642516,
            0.5170026608843239,
            0.5175000000000001,
            0.5183050416945991,
            0.520016125032398,
            0.5221096043253564,
            0.5225,
            0.5275000000000001,
            0.5325,
            0.5375000000000001,
            0.5425,
            0.5435086847050541,
            0.5475000000000001,
            0.5496664909422605,
            0.5525,
            0.5551677150748701,
            0.5575000000000001,
            0.5588259451698306,
            0.5625,
            0.5634971684154193,
            0.565972804016339,
            0.5675000000000001,
            0.5696647341087134,
            0.571694561240508,
            0.5725,
            0.5744071934388056,
            0.5768539912361137,
            0.5775,
            0.5781847984646197,
            0.5796491897218893,
            0.5806588756829618,
            0.5791295199896158,
            0.5775,
            0.5754258825384201,
            0.5728591614480294,
            0.5725,
            0.5707284727995525,
            0.5675000000000001,
            0.5672962276689429,
            0.5666759409756741,
            0.5633278126517439,
            0.5625,
            0.5575000000000001,
            0.5525,
            0.5475,
            0.5465967489160821,
            0.5425,
            0.5375000000000001,
            0.5358255495382738,
            0.5325,
            0.5292677126475654,
            0.5275000000000001,
            0.5244187034194983,
            0.5225,
            0.5206382829931342,
            0.5176975890221791,
            0.5175000000000001,
            0.5157627644750826
        ]
    },
    "0.90": {
        "f_e_Earth": [
            0.1925,
            0.1975,
            0.2025,
            0.20750000000000002,
            0.2125,
            0.2175,
            0.2225,
            0.2275,
            0.2325,
            0.2375,
            0.2425,
            0.24472631186649016,
            0.2475,
            0.2525,
            0.2575,
            0.2625,
            0.2675,
            0.2725,
            0.2734783851342588,
            0.2775,
            0.2795043636534733,
            0.281862560172781,
            0.2816271952697864,
            0.2798068953177767,
            0.2782155705198853,
            0.2775,
            0.2747724288304286,
            0.2725,
            0.2718932942554565,
            0.26788570307563253,
            0.2675,
            0.2626486865795434,
            0.2625,
            0.25766284570282494,
            0.2575,
            0.2525,
            0.24858010613559336,
            0.2475,
            0.2425,
            0.2375,
            0.23651387865013077,
            0.2325,
            0.22751432581266015,
            0.2275,
            0.2225,
            0.2175,
            0.21329287195636318,
            0.2125,
            0.20750000000000002,
            0.2025,
            0.19749999999999998,
            0.1925,
            0.18943409841901593,
            0.1875,
            0.1825,
            0.1775,
            0.17250000000000001,
            0.1705372543974566,
            0.1675,
            0.1625,
            0.15749999999999997,
            0.15639459837508857,
            0.15311832724856433,
            0.15272552105961595,
            0.1525,
            0.15219209761056757,
            0.1525,
            0.15404223375432247,
            0.15603778861228404,
            0.15664173508589319,
            0.15749999999999997,
            0.15987458494552437,
            0.16231961975022569,
            0.1625,
            0.16543767293678419,
            0.1675,
            0.16882244336251634,
            0.17250000000000001,
            0.1738764627982179,
            0.1775,
            0.1812133398439671,
            0.1825,
            0.1875,
            0.19130697556636178,
            0.1925
        ],