{
    "0.68": {
        "f_e_Earth": [
            0.3725,
            0.3750530526785931,
            0.3725,
            0.37093852321153314,
            0.3675,
            0.3663257909250218,
            0.3625,
            0.36164984153502927,
            0.3575,
            0.35699644198698066,
            0.3530196199688069,
            0.35250000000000004,
            0.3514947004367128,
            0.35126566371180035,
            0.3508103384736285,
            0.348642719738107,
            0.34750000000000003,
            0.34555393204025475,
            0.3425,
            0.34073271491567475,
            0.3375,
            0.3357677764571007,
            0.3325,
            0.3319514741749259,
            0.33132622422346125,
            0.33025991734857896,
            0.3283771854068457,
            0.3275,
            0.3225,
            0.32211694280616754,
            0.3225,
            0.32302903328462823,
            0.3240168396668672,
            0.3242261075221471,
            0.3250531665325212,
            0.3275,
            0.32807629704585906,
            0.32971810140206936,
            0.33192352671127534,
            0.3325,
            0.3347064204158473,
            0.3375,
            0.3382549207003066,
            0.34007875658642006,
            0.3425,
            0.34400939365195077,
            0.34750000000000003,
            0.3485733339838964,
            0.35250000000000004,
            0.35278598061277644,
            0.35746639549423154,
            0.3575,
            0.3625,
            0.3635457426137966,
            0.3675,
            0.3703339997091372,
            0.3725
        ],
        "f_mu_Earth": [
            0.2857337483321501,
            0.2875,
            0.29017622813993593,
            0.2925,
            0.2960666752078718,
            0.2975,
            0.3014770049642226,
            0.3025,
            0.3068599994372757,
            0.3075,
            0.3125,
            0.31310934873696455,
            0.3175,
            0.3225,
            0.3275,
            0.3325,
            0.3343144505115079,
            0.3375,
            0.3409489841565483,
            0.3425,
            0.34508373723808394,
            0.34750000000000003,
            0.35153773081795836,
            0.35250000000000004,
            0.35750000000000004,
            0.3625,
            0.3675,
            0.37018574185073205,
            0.3685481356107313,
            0.3675,
            0.3652685452103688,
            0.36249999999999993,
            0.3575,
            0.35250000000000004,
            0.34750000000000003,
            0.3433250014086814,
            0.3425,
            0.3375,
            0.3325,
            0.33192352671127534,
            0.3275,
            0.323463735280947,
            0.3225,
            0.3175,
            0.31503752884438097,
            0.3125,
            0.3085484924212458,
            0.3075,
            0.3027211832325876,
            0.3025,
            0.29750000000000004,
            0.2974663954942316,
            0.2933401884027335,
            0.2925,
            0.28953137429170683,
            0.2875,
            0.2857337483321501
        ]
    },
    "0.90": {
        "f_e_Earth": [
            0.3775,
            0.3825,
            0.38253362610491504,
            0.3825,
            0.37790099452875925,
            0.3775,
            0.3735628706387444,
            0.37250000000000005,
            0.3695514757043934,
            0.3675,
            0.3661820003171471,
            0.36445249938721513,
            0.36750000000000005,
            0.3691370246397314,
            0.3675,
            0.3661941676699402,
            0.3625,
            0.3612689681980878,
            0.3575,
            0.3556674708672616,
            0.35250000000000004,
            0.3511626000298122,
            0.3485297856206634,
            0.34750000000000003,
            0.34717197789433785,
            0.3425,
            0.3387428955239269,
            0.3375,
            0.3360530994914473,
            0.3325,
            0.33240581891574444,
            0.331975869176258,
            0.33110042299677345,
            0.3299629268914821,
            0.32813603034204397,
            0.3275,
            0.3266113638435855,
            0.3225,
            0.32084061391026314,
            0.31961973545041367,
            0.3200590240077826,
            0.3225,
            0.32303404274007863,
            0.32329249223122997,
            0.3236722124005013,
            0.32533189670553303,
            0.3275,
            0.32851837695894737,
            0.3295309340573195,
            0.3325,
            0.3335130139727397,
            0.3357902884594377,
            0.3375,
            0.33868396133192735,
            0.3425,
            0.3431656030336738,
            0.34750000000000003,
            0.34759549753405516,
            0.35005217128692917,
            0.35250000000000004,
            0.3547801765219691,
            0.3575,
            0.36062992434807684,
            0.3625,
            0.3675,
            0.36811157615797074,
            0.3725,
            0.3752427609297518,
            0.3775
        ],
        "f_mu_Earth": [
            0.28034014401730667,
            0.28244969061488656,
            0.28250000000000003,
            0.2825372555608756,
            0.28750000000000003,
            0.2880185208003293,
            0.2925,
            0.29399366245515574,
            0.2975,
            0.3007662647668423,
            0.3025,
            0.3075,
            0.31043444202398207,
            0.3125,
            0.3146014731062201,
            0.3175,
            0.32097881856503546,
            0.3225,
            0.32560374983027185,
            0.3275,
            0.3300520748375005,
            0.3325,
            0.3375,
            0.3418443803211679,
            0.3425,
            0.34644267278405594,
            0.34750000000000003,
            0.3482194730552518,
            0.35250000000000004,
            0.35683419953413675,
            0.3575,
            0.3625,
            0.36749999999999994,
            0.37250000000000005,
            0.3775,
            0.37819090298024893,
            0.37749999999999995,
            0.3746292316860336,
            0.3725,
            0.3675,
            0.3625,
            0.3595079831263021,
            0.3575,
            0.35250000000000004,
            0.34750000000000003,
            0.3425,
            0.34033189670553304,
            0.3375,
            0.3325,
            0.3295309340573195,
            0.3275,
            0.3225,
            0.3207902884594377,
            0.3175,
            0.313618983702278,
            0.3125,
            0.30759328731057317,
            0.3075,
            0.3025,
            0.30005217128692907,
            0.2975,
            0.29478017652196903,
            0.2925,
            0.2906299243480768,
            0.2879383698702287,
            0.2875,
            0.2839214866623453,
            0.28250000000000003,
            0.28034014401730667
        ]
    },