{
    "0.68": {
        "f_e_Earth": [
            0.36249999999999993,
            0.363909508462903,
            0.3625,
            0.36028506743220223,
            0.3575,
            0.35603526003346486,
            0.35250000000000004,
            0.3518099062993279,
            0.3501682570721121,
            0.34750000000000003,
            0.34747742126265585,
            0.3468125409670583,
            0.3453784588830737,
            0.3425,
            0.34242339155216023,
            0.3381034104045388,
            0.3375,
            0.3343255881940381,
            0.3325,
            0.3308723550038317,
            0.3299040659306643,
            0.3275,
            0.3250488159551421,
            0.3248387910125123,
            0.3255631840778386,
            0.3275,
            0.3286102202953927,
            0.3300072618710125,
            0.3323451941263397,
            0.3325,
            0.3350553543130457,
            0.3375,
            0.3388734131614486,
            0.34075844548712936,
            0.3425,
            0.3446717996334545,
            0.34750000000000003,
            0.3493739934612902,
            0.35250000000000004,
            0.3542518645458389,
            0.3575,
            0.36020800226514305,
            0.36249999999999993
        ],
        "f_mu_Earth": [
            0.29576082950185684,
            0.2975,
            0.2991695719071059,
            0.3025,
            0.30558905929577523,
            0.3075,
            0.31178069612666204,
            0.3125,
            0.3175,
            0.3224593762280389,
            0.3225,
            0.3275,
            0.3325,
            0.337402958160556,
            0.3375,
            0.3425,
            0.3431224654699453,
            0.34750000000000003,
            0.34980924280427317,
            0.35250000000000004,
            0.3575,
            0.3619165071741576,
            0.3575,
            0.35250000000000004,
            0.34750000000000003,
            0.34403684487922054,
            0.3425,
            0.3375,
            0.3325,
            0.3323451941263397,
            0.3275,
            0.3239653785291948,
            0.3225,
            0.3175,
            0.3157321703860856,
            0.3125,
            0.309317804786911,
            0.3075,
            0.30382685320622527,
            0.3025,
            0.2991010614819398,
            0.2975,
            0.29576082950185684
        ]
    },
    "0.90": {
        "f_e_Earth": [
            0.3675,
            0.3701558398439828,
            0.3675,
            0.36647840375606394,
            0.3625,
            0.3623087588570018,
            0.35929861510432937,
            0.35749999999999993,
            0.3571949952286521,
            0.3571726084065658,
            0.3575,
            0.3586003034400273,
            0.35749999999999993,
            0.35450974892679654,
            0.35250000000000004,
            0.3502350887085207,
            0.34750000000000003,
            0.3457334886001699,
            0.3425,
            0.3411590174005143,
            0.3375,
            0.3366113641037168,
            0.33297209237004616,
            0.3325,
            0.33152271179880266,
            0.3301840558535629,
            0.3275,
            0.3225,
            0.32218041725226665,
            0.3225,
            0.3233984456904799,
            0.3234586250767848,
            0.3237555397451565,
            0.3253487304143913,
            0.3275,
            0.32852767801430754,
            0.32948595110317724,
            0.3325,
            0.3335473901735771,
            0.3358965229784797,
            0.3375,
            0.338835573609864,
            0.3425,
            0.34336026673717257,
            0.34750000000000003,
            0.3478526871725727,
            0.35114677900565694,
            0.35250000000000004,
            0.35581917701859683,
            0.3575,
            0.3625,
            0.3626943550000544,
            0.3675
        ],
        "f_mu_Earth": [
            0.2895999847252108,
            0.2925,
            0.29570606800394134,
            0.2975,
            0.30221244502680655,
            0.3025,
            0.3075,
            0.3113875856401231,
            0.3125,
            0.3175,
            0.3178554284999522,
            0.3225,
            0.32363009016153743,
            0.3275,
            0.3293474419688348,
            0.3325,
            0.3351565747364862,
            0.3375,
            0.3409638757246238,
            0.3425,
            0.34627456531842526,
            0.34750000000000003,
            0.35250000000000004,
            0.3530153148738255,
            0.3575,
            0.3625,
            0.365914865258614,
            0.36440640990540796,
            0.36250000000000004,
            0.36209931850775545,
            0.3575,
            0.35250000000000004,
            0.34750000000000003,
            0.3425,
            0.3403487304143913,
            0.3375,
            0.3325,
            0.32948595110317724,
            0.3275,
            0.3225,
            0.3208965229784797,
            0.3175,
            0.3137802878447865,
            0.3125,
            0.30784211241598636,
            0.3075,
            0.3025,
            0.3011467790056569,
            0.2975,
            0.29581917701859684,
            0.2925911096851468,
            0.2925,
            0.2895999847252108
        ]
    },
    "0.95": {
        "f_e_Earth": [
            0.3625,
            0.3675,
            0.37108694907999656,
            0.3675,
            0.3671184992856076,
            0.3642403930076148,
            0.3625,
            0.36231367574961887,
            0.36173461809960444,
            0.3625,
            0.36315530375376426,
            0.3625,
            0.3607219235905864,
            0.3575,
            0.35619348905642384,
            0.35250000000000004,
            0.3513470564029698,
            0.34750000000000003,
            0.34654764553896106,
            0.3425,
            0.34192038762193716,
            0.3375,
            0.33718091434783104,
            0.3346676550079244,
            0.3325,
            0.3319260322404212,
            0.33101611588003205,
            0.3275,
            0.32540758367978184,
            0.3225,
            0.3211058259907243,
            0.3205013600913943,
            0.3225,
            0.3229872204329482,
            0.32311472704098726,
            0.323305126269981,
            0.3243267742630755,
            0.3275,
            0.3281590078646198,
            0.32877350919015824,
            0.3325,
            0.333171648465865,
            0.33467805122228705,
            0.3375,
            0.3383564487129484,
            0.3425,
            0.3430334700997252,
            0.34731264105471904,
            0.34750000000000003,
            0.34983853017365335,
            0.35250000000000004,
            0.3546284524227119,
            0.3575,
            0.36084471094997583,
            0.3625
        ],