{
    "0.68": {
        "f_e_Earth": [
            0.36750000000000005,
            0.37018180212076046,
            0.3675,
            0.36585452052350886,
            0.3625,
            0.3614197070006222,
            0.3575,
            0.3568164756119923,
            0.35256638898873044,
            0.35250000000000004,
            0.3513038237999659,
            0.35093825556543135,
            0.3505652632319118,
            0.3481088240268937,
            0.34750000000000003,
            0.34429673272448585,
            0.3425,
            0.3397434987537412,
            0.3375,
            0.3354928750921726,
            0.3325,
            0.3317186225730354,
            0.3308691410394171,
            0.3291848646957764,
            0.3275,
            0.3247521591627986,
            0.32436228327773087,
            0.3244110709340161,
            0.32520984406894077,
            0.3275,
            0.32814901776026073,
            0.32975724945546203,
            0.33194456125884175,
            0.3325,
            0.3347879356769182,
            0.3375,
            0.33843260626784866,
            0.3402373476891455,
            0.3425,
            0.34411867424530856,
            0.34750000000000003,
            0.34867983107888784,
            0.35250000000000004,
            0.3530177547728357,
            0.3575,
            0.3577852460776315,
            0.3625,
            0.36411405733504165,
            0.36750000000000005
        ],
        "f_mu_Earth": [
            0.29006848318933853,
            0.2925,
            0.29537144692080647,
            0.2975,
            0.30110186844099607,
            0.3025,
            0.30661467701570333,
            0.3075,
            0.3125,
            0.31257808226306966,
            0.3175,
            0.3225,
            0.3275,
            0.3325,
            0.3332215286247314,
            0.3375,
            0.33943694270643665,
            0.3425,
            0.34471644973491145,
            0.34750000000000003,
            0.3512539879089145,
            0.35250000000000004,
            0.3575,
            0.3625,
            0.3655369288767621,
            0.3625,
            0.3575,
            0.35250000000000004,
            0.34750000000000003,
            0.34346253801827675,
            0.3425,
            0.3375,
            0.3325,
            0.33194456125884175,
            0.3275,
            0.32359492834367604,
            0.3225,
            0.3175,
            0.31519986266030076,
            0.3125,
            0.3086653664772745,
            0.3075,
            0.30289176185441147,
            0.3025,
            0.29770593598621176,
            0.2975,
            0.293698992379808,
            0.2925,
            0.29006848318933853
        ]
    },
    "0.90": {
        "f_e_Earth": [
            0.3775,
            0.38060849049590423,
            0.3775,
            0.37727355858139866,
            0.37269705583827106,
            0.3725,
            0.3693365457596064,
            0.3675,
            0.3663951998388125,
            0.3652490015729164,
            0.3675,
            0.37097379268754654,
            0.36778524630870896,
            0.36750000000000005,
            0.3625,
            0.36245264640020747,
            0.3575,
            0.3566645285329704,
            0.35250000000000004,
            0.35139213873952463,
            0.34750000000000003,
            0.34720999000867575,
            0.3427773477878928,
            0.3425,
            0.3375476138834732,
            0.3375,
            0.3356921282745645,
            0.3325,
            0.332271697950212,
            0.3316091075323374,
            0.3299725912665071,
            0.3275,
            0.3225,
            0.3202821257791717,
            0.32050466600370997,
            0.3225,
            0.32305606717652047,
            0.3232514855246331,
            0.3235655850369417,
            0.324962224103963,
            0.3275,
            0.3283876124172434,
            0.3292477234308334,
            0.3325,
            0.333399679081447,
            0.3354449201047225,
            0.3375,
            0.33857640021501334,
            0.3425,
            0.34310637333480687,
            0.34750000000000003,
            0.3475175697431445,
            0.349867549853205,
            0.35250000000000004,
            0.35459844628397175,
            0.3575,
            0.3604290127126251,
            0.36250000000000004,
            0.3675,
            0.3681593287652415,
            0.37250000000000005,
            0.37578077168444723,
            0.3775
        ],
        "f_mu_Earth": [
            0.28086562297682566,
            0.28250000000000003,
            0.28667006183511856,
            0.2875,
            0.2925,
            0.29280390126275907,
            0.2975,
            0.30062458588316976,
            0.3025,
            0.3075,
            0.30920762395184176,
            0.3125,
            0.3175,
            0.3177458965986642,
            0.3224361666488369,
            0.3225,
            0.32658914180524773,
            0.3275,
            0.3308061536756812,
            0.3325,
            0.3371126456709038,
            0.3375,
            0.3425,
            0.34285567677991924,
            0.34750000000000003,
            0.34755343705034536,
            0.35250000000000004,
            0.3562841313296601,
            0.3575,
            0.3625,
            0.3675,
            0.3719070325596929,
            0.37160740108574547,
            0.3675,
            0.36249999999999993,
            0.3599864003507668,
            0.3575,
            0.35250000000000004,
            0.34750000000000003,
            0.3425,
            0.33996222410396304,
            0.3375,
            0.3325,
            0.3292477234308334,
            0.3275,
            0.3225,
            0.3204449201047224,
            0.3175,
            0.3135113985130683,
            0.3125,
            0.30751735433999094,
            0.3075,
            0.3025,
            0.29986754985320496,
            0.2975,
            0.2945984462839717,
            0.2925,
            0.2904290127126251,
            0.28792907488929026,
            0.2875,
            0.2840631815311345,
            0.2825000000000001,
            0.28086562297682566
        ]
    },