{
    "0.68": {
        "f_e_Earth": [
            0.3725,
            0.3752223403891389,
            0.3725,
            0.3709610987796885,
            0.36750000000000005,
            0.36628290743038805,
            0.36249999999999993,
            0.36162972325542264,
            0.3575,
            0.3570154485781443,
            0.3538200773619081,
            0.35250000000000004,
            0.35160512289670787,
            0.35137040924680524,
            0.3507634084097021,
            0.3488699689707062,
            0.34750000000000003,
            0.34591357124418587,
            0.3425,
            0.34172772180539707,
            0.3375,
            0.3363537027332866,
            0.3325,
            0.3324218860661023,
            0.33157891831239894,
            0.33067916921446044,
            0.329245266401935,
            0.32805304444785865,
            0.3275,
            0.3254439534431253,
            0.3225,
            0.3215415230317597,
            0.32228445719118565,
            0.3225,
            0.32377070139844577,
            0.3240020819356632,
            0.32471934645957684,
            0.3275,
            0.3276782841652973,
            0.3294243675909414,
            0.33131741529423475,
            0.33249999999999996,
            0.33441328699215667,
            0.3375,
            0.337976717844576,
            0.33983479717949067,
            0.3425,
            0.34392491167948225,
            0.34750000000000003,
            0.3484732214742766,
            0.35250000000000004,
            0.3527697129980228,
            0.3575,
            0.3575590628292449,
            0.36249999999999993,
            0.363701386108725,
            0.3675,
            0.3703803710150363,
            0.3725
        ],
        "f_mu_Earth": [
            0.2857601618742647,
            0.2875,
            0.29022248508672516,
            0.2925,
            0.29605940293339417,
            0.2975,
            0.30138959299350765,
            0.3025,
            0.30685221503701193,
            0.3075,
            0.3125,
            0.3140261158250637,
            0.3175,
            0.3225,
            0.3275,
            0.3325,
            0.3347573232771276,
            0.3375,
            0.3417466328241472,
            0.3425,
            0.34581015237008195,
            0.34750000000000003,
            0.35236016754930916,
            0.35250000000000004,
            0.35750000000000004,
            0.3625,
            0.3675,
            0.3725,
            0.3751671236725577,
            0.3725,
            0.3705332094459387,
            0.3675,
            0.3625,
            0.36223319662418924,
            0.3575,
            0.35250000000000004,
            0.34750000000000003,
            0.3427554385951358,
            0.3425,
            0.3375,
            0.33249999999999996,
            0.33131741529423475,
            0.3275,
            0.32308754261196676,
            0.3225,
            0.3175,
            0.31479507382281907,
            0.3125,
            0.3084259181213669,
            0.3075,
            0.30269742711682973,
            0.3025,
            0.29754373387187205,
            0.2975,
            0.29350452065052907,
            0.2925,
            0.28959682679856463,
            0.2875,
            0.2857601618742647
        ]
    },
    "0.90": {
        "f_e_Earth": [
            0.3775,
            0.38249999999999995,
            0.38401798720023794,
            0.38250000000000006,
            0.37891611433665073,
            0.3775,
            0.3743166717146328,
            0.3725,
            0.3702790915394402,
            0.3675,
            0.36694370773103,
            0.3653357947922554,
            0.3675,
            0.3698429252975214,
            0.36749999999999994,
            0.36619334567486345,
            0.36250000000000004,
            0.36120169264104185,
            0.3575,
            0.35564539275013285,
            0.35250000000000004,
            0.3514869613169749,
            0.3493622113070012,
            0.3486100878497681,
            0.3476237096359494,
            0.34750000000000003,
            0.3425,
            0.3375,
            0.3371826462145443,
            0.33334438487319235,
            0.3325,
            0.332221071258834,
            0.3316248546099665,
            0.33095285258028256,
            0.33021510044404445,
            0.3275,
            0.3239997515155583,
            0.3225,
            0.32008133363469216,
            0.3192656468579319,
            0.3195902174106499,
            0.3225,
            0.322875371704402,
            0.3231562244552904,
            0.32346958054481456,
            0.3248423881105255,
            0.3275,
            0.3283407111783728,
            0.32916773943058597,
            0.3325,
            0.3333358703240032,
            0.3352820160822084,
            0.3375,
            0.3385200182632836,
            0.3425,
            0.34309645620813617,
            0.347378969275251,
            0.34750000000000003,
            0.34991085472491645,
            0.35250000000000004,
            0.3547166071029109,
            0.3575,
            0.36064642581828554,
            0.3625,
            0.3675,
            0.3680574045003472,
            0.3725,
            0.3749063703195368,
            0.3775
        ],
        "f_mu_Earth": [
            0.2800174680473375,
            0.28038507032312376,
            0.28250000000000003,
            0.28419813540122896,
            0.2875,
            0.2893162363579198,
            0.2925,
            0.29496252460595174,
            0.2975,
            0.30182038341717765,
            0.3025,
            0.3075,
            0.30941220224635435,
            0.3125,
            0.31499923058563695,
            0.3175,
            0.32097842978098134,
            0.3225,
            0.3255860398182515,
            0.3275,
            0.3302364916926156,
            0.3325,
            0.3375,
            0.3425,
            0.34750000000000003,
            0.3477122825853621,
            0.35010030420486404,
            0.3516771574650718,
            0.35250000000000004,
            0.3575,
            0.3587362195141251,
            0.3625,
            0.3675,
            0.3725,
            0.3775,
            0.38168040045129686,
            0.3775,
            0.37585321885521483,
            0.37250000000000005,
            0.3675,
            0.3625,
            0.35889821053653104,
            0.3575,
            0.35250000000000004,
            0.34750000000000003,
            0.3425,
            0.3398423881105256,
            0.3375,
            0.3325,
            0.32916773943058597,
            0.3275,
            0.3225,
            0.3202820160822084,
            0.3175,
            0.313460698862577,
            0.3125,
            0.3075,
            0.307378969275251,
            0.3025,
            0.2999108547249164,
            0.2975,
            0.2947166071029109,
            0.2925,
            0.29064642581828554,
            0.28790577435610454,
            0.2875,
            0.28385341982849494,
            0.28250000000000003,
            0.2800174680473375
        ]
    },