{
    "0.68": {
        "f_e_Earth": [
            0.36749999999999994,
            0.3695366813839333,
            0.3675,
            0.36525513793966424,
            0.3625,
            0.3608962021001953,
            0.3575,
            0.35636830347648174,
            0.35250000000000004,
            0.35209718394103695,
            0.3505893808847379,
            0.34920544695694367,
            0.34829714047519045,
            0.34750000000000003,
            0.34663555131635054,
            0.3432395927096914,
            0.3425000000000001,
            0.33775036206028997,
            0.3375,
            0.33406635711197996,
            0.3325,
            0.33059861917627253,
            0.32990305819896615,
            0.3276067768591583,
            0.3275,
            0.3273104799167997,
            0.3251653299301409,
            0.32519835340890835,
            0.32656515361167904,
            0.3275,
            0.3297300216621545,
            0.33089394175629,
            0.3325,
            0.3343797336598616,
            0.33561432544978603,
            0.3375,
            0.33919817782722217,
            0.3409624699106628,
            0.3425,
            0.34446042101053187,
            0.34750000000000003,
            0.34904570213851976,
            0.35250000000000004,
            0.35352615467285203,
            0.35750000000000004,
            0.3585056425883011,
            0.3625,
            0.3647616520693463,
            0.36749999999999994
        ],
        "f_mu_Earth": [
            0.2904557427836189,
            0.2925,
            0.2946946227683971,
            0.2975,
            0.3004706704643687,
            0.3025,
            0.30611270811765157,
            0.3075,
            0.3121074375511417,
            0.3125,
            0.3175,
            0.3225,
            0.3275,
            0.3297869086831673,
            0.3325,
            0.3375,
            0.33824983146718673,
            0.3425,
            0.34272958393546316,
            0.34750000000000003,
            0.3494655307666076,
            0.35250000000000004,
            0.35750000000000004,
            0.3625,
            0.36266555433584746,
            0.3625,
            0.3575,
            0.35250000000000004,
            0.34750000000000003,
            0.3458738528020418,
            0.3425,
            0.3375,
            0.33422235134330947,
            0.3325,
            0.3275,
            0.32475498748322673,
            0.3225,
            0.3175,
            0.3159381515043583,
            0.3125,
            0.3090757742800716,
            0.3075,
            0.3033219572349899,
            0.3025,
            0.29824120957332906,
            0.2975,
            0.29422441284945444,
            0.2925,
            0.2904557427836189
        ]
    },
    "0.90": {
        "f_e_Earth": [
            0.3775,
            0.3785793579723323,
            0.3775,
            0.37634599667944224,
            0.3725,
            0.3719884191716364,
            0.3675,
            0.36736915846519813,
            0.36383044258677505,
            0.3625,
            0.3611099548544291,
            0.3597328661848368,
            0.36249999999999993,
            0.3635858463176673,
            0.36249999999999993,
            0.3601361555531127,
            0.3575,
            0.3550647474351595,
            0.35250000000000004,
            0.3508985620072563,
            0.34750000000000003,
            0.3471310069957038,
            0.3425,
            0.3421592885996189,
            0.3375,
            0.3369764356376245,
            0.3339029353876102,
            0.3325,
            0.33178224712668514,
            0.33074938519828634,
            0.3275656169770167,
            0.32749999999999996,
            0.3225,
            0.32119931994858153,
            0.3215514558290504,
            0.3225,
            0.3233396204458496,
            0.32349873831991016,
            0.32400463044421884,
            0.32603934285439806,
            0.3275,
            0.32875619560297753,
            0.3299631439607855,
            0.3325,
            0.3336527015538825,
            0.3361821138092858,
            0.3375,
            0.33878155984679337,
            0.3425,
            0.3431972057178991,
            0.34750000000000003,
            0.3476497898644488,
            0.35016909800740537,
            0.35250000000000004,
            0.3548327616284385,
            0.3575,
            0.36075905657146745,
            0.36250000000000004,
            0.3675,
            0.36827820115911863,
            0.3725,
            0.3765921552525514,
            0.3775
        ],
        "f_mu_Earth": [
            0.2816432101812546,
            0.28250000000000003,
            0.283853578503487,
            0.2875,
            0.2916972484011005,
            0.2925,
            0.29733648890095893,
            0.2975,
            0.3025,
            0.3050395202140567,
            0.3075,
            0.3125,
            0.31514239089501705,
            0.3175,
            0.3187409318287008,
            0.3225,
            0.32483736219376613,
            0.3275,
            0.32964269092196696,
            0.3325,
            0.33699387726589797,
            0.3375,
            0.3421951176297958,
            0.3425,
            0.34677260349239897,
            0.34750000000000003,
            0.3525,
            0.3540338645689156,
            0.3575,
            0.3625,
            0.3675,
            0.3675841209073363,
            0.36951673089253,
            0.3675,
            0.3625,
            0.36134865549975204,
            0.3575,
            0.35250000000000004,
            0.34750000000000003,
            0.3425,
            0.3410393428543981,
            0.3375,
            0.3325,
            0.3299631439607855,
            0.3275,
            0.3225,
            0.3211821138092858,
            0.3175,
            0.31372274698902125,
            0.3125,
            0.30765270407534,
            0.3075,
            0.3025,
            0.3001690980074053,
            0.2975,
            0.2948327616284385,
            0.2925,
            0.2907590565714674,
            0.2879948852804651,
            0.2875,
            0.28417123721617477,
            0.28250000000000003,
            0.2816432101812546
        ]
    },