{
    "0.68": {
        "f_e_Earth": [
            0.3625,
            0.36438044812981063,
            0.36249999999999993,
            0.3602533001602025,
            0.3575,
            0.3557719428381766,
            0.35250000000000004,
            0.3512890283261513,
            0.3495259416002786,
            0.34750000000000003,
            0.3474472299227388,
            0.34750000000000003,
            0.3479063244764345,
            0.34757129050179086,
            0.34750000000000003,
            0.34320642497130305,
            0.3425,
            0.3382863731825693,
            0.3375,
            0.33413915298908603,
            0.3325,
            0.33073761137210833,
            0.33001781549580894,
            0.327616173087371,
            0.3275,
            0.3272776257640881,
            0.3250498337643774,
            0.32513106579284057,
            0.3261789747617083,
            0.3275,
            0.3294899558115155,
            0.3306730231883739,
            0.3325,
            0.3343400426794731,
            0.33576794586705005,
            0.3375,
            0.33981652448606225,
            0.3416578144043089,
            0.34249999999999997,
            0.3450225359202803,
            0.34750000000000003,
            0.34958539471953703,
            0.35250000000000004,
            0.3541452232621481,
            0.3575,
            0.35923106565657265,
            0.3625
        ],
        "f_mu_Earth": [
            0.2949387798223956,
            0.2975,
            0.29956850305327143,
            0.3025,
            0.3054438731236637,
            0.3075,
            0.3113746804774303,
            0.3125,
            0.3175,
            0.3224193773231013,
            0.3225,
            0.32344304941859514,
            0.3275,
            0.3325000000000001,
            0.3325787654235395,
            0.3375,
            0.338233383079488,
            0.3425,
            0.3432778232341003,
            0.34750000000000003,
            0.3495796497887912,
            0.35250000000000004,
            0.3575,
            0.36249999999999993,
            0.36267843338494005,
            0.36249999999999993,
            0.3575,
            0.35250000000000004,
            0.34750000000000003,
            0.34514484041379834,
            0.3425,
            0.3375,
            0.33379897021092253,
            0.3325,
            0.3275,
            0.32500143350325517,
            0.3225,
            0.3175,
            0.3166423677211432,
            0.3125,
            0.30970258192977296,
            0.3075,
            0.30385259273970955,
            0.3025,
            0.2986683055231221,
            0.2975,
            0.2949387798223956
        ]
    },
    "0.90": {
        "f_e_Earth": [
            0.3725,
            0.37465183849636274,
            0.3725,
            0.37131405501346904,
            0.3675,
            0.36704676935592445,
            0.3625079287689446,
            0.3625,
            0.3599975773931745,
            0.3575,
            0.35742370108281213,
            0.3575,
            0.3620017188186296,
            0.36110851341766004,
            0.3575,
            0.3565101112752025,
            0.35250000000000004,
            0.35151107570799217,
            0.34750000000000003,
            0.347004132153499,
            0.3425,
            0.34218003956123194,
            0.3375,
            0.3372048080393874,
            0.33448631510344284,
            0.3325,
            0.3319438214261505,
            0.3309218491245218,
            0.3279325179869111,
            0.3275,
            0.3225,
            0.32072418286079346,
            0.32092350704897843,
            0.3225,
            0.32317557621532866,
            0.323413596302095,
            0.3237774662446463,
            0.3254093288296712,
            0.3275,
            0.32860178250169503,
            0.3296758882533849,
            0.3325,
            0.33363474291205775,
            0.3361988713508147,
            0.3375,
            0.338943735795171,
            0.3425,
            0.3433394571518047,
            0.34750000000000003,
            0.34778606543349083,
            0.3503560674947973,
            0.35250000000000004,
            0.3547958814579588,
            0.3575,
            0.3605912587351807,
            0.3625,
            0.3675,
            0.36932982570040473,
            0.3725
        ],
        "f_mu_Earth": [
            0.28542077368858554,
            0.2875,
            0.2900176918725944,
            0.2925,
            0.2968594469641378,
            0.2975,
            0.3025,
            0.30251725820369646,
            0.3075,
            0.31223130507374486,
            0.3125,
            0.31333360474327954,
            0.3175,
            0.3225,
            0.32611359787698446,
            0.3275,
            0.3308540514788868,
            0.3325,
            0.3369316433332955,
            0.3375,
            0.3421760157742743,
            0.3425,
            0.3471291552000042,
            0.34750000000000003,
            0.35250000000000004,
            0.3548159574463894,
            0.3575,
            0.3625,
            0.3675,
            0.36803827473606165,
            0.37004496086828964,
            0.3675,
            0.3625,
            0.3604769334969177,
            0.3575,
            0.35250000000000004,
            0.34750000000000003,
            0.3425,
            0.34040932882967123,
            0.3375,
            0.3325,
            0.3296758882533849,
            0.3275,
            0.3225,
            0.3211988713508147,
            0.3175,
            0.3138785096897776,
            0.3125,
            0.30780214066844835,
            0.3075,
            0.3025,
            0.3003560674947973,
            0.2975,
            0.29479588145795876,
            0.2925,
            0.29059125873518066,
            0.2882700010555091,
            0.2875,
            0.28542077368858554
        ]
    },
    "0.95": {
        "f_e_Earth": [
            0.3725,
            0.3756526066415432,
            0.3725,
            0.3718734714630505,
            0.3675,
            0.36749919149653615,
            0.3651908576311981,
            0.363149980300303,
            0.3628629486250844,
            0.36552297276095075,
            0.36308031803721297,
            0.3625,
            0.3580766882950166,
            0.3575,
            0.35250000000000004,
            0.35217957957732443,
            0.34798720228993685,
            0.34750000000000003,
            0.3436830133401818,
            0.3425,
            0.33871685678651475,
            0.3375,
            0.3358389535039652,
            0.3325,
            0.33227062665775636,
            0.3314827571705026,
            0.329389713291504,
            0.3275,
            0.3225,
            0.3196957267969296,
            0.3198314701713505,
            0.3225,
            0.322857551663713,
            0.3231221755926065,
            0.3233699775994878,
            0.32448130551156673,
            0.3275,
            0.3282503337955108,
            0.3289818192240827,
            0.3325,
            0.3332727804306416,
            0.3350189982373954,
            0.3375,
            0.3384832101682853,
            0.3425,
            0.3430538718698086,
            0.3473566087914393,
            0.3475,
            0.3494450335799574,
            0.35250000000000004,
            0.35406353676496294,
            0.3575,
            0.3596052030651291,
            0.3625,
            0.3675,
            0.36785545415297327,
            0.3725
        ],