{
    "0.68": {
        "f_e_Earth": [
            0.3725,
            0.3760111981920896,
            0.3725,
            0.3713027658001089,
            0.3675,
            0.3664506410298121,
            0.3625,
            0.36176476859000495,
            0.3575,
            0.3570680987075429,
            0.3541988090845412,
            0.35250000000000004,
            0.35168387882298213,
            0.3515371779448375,
            0.35123892733388945,
            0.34936299004232163,
            0.34750000000000003,
            0.34634357217904754,
            0.3425,
            0.34193752778229153,
            0.3375,
            0.3365530772134966,
            0.3327804142350932,
            0.3325,
            0.3316834088893196,
            0.3308551519764298,
            0.32953788607489076,
            0.3286846023083638,
            0.3280560308761332,
            0.3275,
            0.3268087546947937,
            0.3231971490635913,
            0.3225,
            0.3211046776488392,
            0.32175177886729955,
            0.3225,
            0.32366764276249715,
            0.3239476921529695,
            0.32462098801001643,
            0.3275,
            0.32755885564635423,
            0.3293671244249104,
            0.3311686270566454,
            0.3325,
            0.3343659564103134,
            0.3375,
            0.3378956561459682,
            0.339722614594731,
            0.3425,
            0.3438567632426389,
            0.34750000000000003,
            0.348381414188018,
            0.35250000000000004,
            0.3525348621313326,
            0.3571926455261657,
            0.35750000000000004,
            0.3625,
            0.3634294104933902,
            0.3675,
            0.36997556635043954,
            0.3725
        ],
        "f_mu_Earth": [
            0.28543278069669215,
            0.2875,
            0.2908590089342826,
            0.2925,
            0.29625641599252445,
            0.2975,
            0.3015674994433818,
            0.3025,
            0.3069241278768579,
            0.3075,
            0.3125,
            0.31441881398036325,
            0.3175,
            0.3225,
            0.3275,
            0.3325,
            0.3355721013718606,
            0.3375,
            0.34196700038806827,
            0.3425,
            0.34608628962795807,
            0.34750000000000003,
            0.35250000000000004,
            0.3528230012098346,
            0.3575,
            0.3625,
            0.3675,
            0.3725,
            0.3775,
            0.37864498656023055,
            0.3775,
            0.3725,
            0.37202733691102047,
            0.3675,
            0.36249999999999993,
            0.3615627094073292,
            0.3575,
            0.35250000000000004,
            0.34750000000000003,
            0.342582729742266,
            0.3425,
            0.3375,
            0.3325,
            0.3311686270566454,
            0.3275,
            0.32299013700747026,
            0.3225,
            0.3175,
            0.314671651050998,
            0.3125,
            0.3083271289129702,
            0.3075,
            0.30252537078926767,
            0.3025,
            0.2975,
            0.2971926455261657,
            0.29327414138856556,
            0.2925,
            0.2894362144340988,
            0.2875,
            0.28543278069669215
        ]
    },
    "0.90": {
        "f_e_Earth": [
            0.3875,
            0.38946932483812785,
            0.3875,
            0.38562399529471214,
            0.3825,
            0.3804786944361924,
            0.3775,
            0.3759611805423503,
            0.3725,
            0.37182013245833956,
            0.36899702660143513,
            0.3698454245835783,
            0.37250000000000005,
            0.3726796088336708,
            0.3725,
            0.3680607006918338,
            0.3675,
            0.3625,
            0.3623883728610019,
            0.3575,
            0.35672364262243433,
            0.35250000000000004,
            0.3519503217506913,
            0.3501722051171588,
            0.3496919772220467,
            0.3490619920580605,
            0.34750000000000003,
            0.3425,
            0.33855693136032783,
            0.3375000000000001,
            0.3350521096379434,
            0.3325,
            0.3324467175616837,
            0.331933857382654,
            0.3314370908173787,
            0.3309749869157282,
            0.3292600124112681,
            0.3275,
            0.32584169684867953,
            0.3231799730118318,
            0.3225,
            0.31969071810486516,
            0.3190155401808697,
            0.3192876055340594,
            0.3225,
            0.32278046678567107,
            0.3231086634759315,
            0.3233917420267407,
            0.32465131547117576,
            0.3275,
            0.3282850083597756,
            0.3290424268837915,
            0.3325,
            0.33328451728311737,
            0.3350716060224327,
            0.3375,
            0.3384344696122792,
            0.3425,
            0.343037212942565,
            0.34679615443984313,
            0.34750000000000003,
            0.34962808431732445,
            0.35250000000000004,
            0.35447296222916713,
            0.3575,
            0.36026156784458885,
            0.3625,
            0.3675,
            0.3678046219544489,
            0.37249999999999994,
            0.37444250069278384,
            0.3775,
            0.38249999999999995,
            0.3846617041497479,
            0.3875
        ],
        "f_mu_Earth": [
            0.275955870297377,
            0.2775,
            0.27960551945778644,
            0.28250000000000003,
            0.2859155614630221,
            0.2875,
            0.2911263503800616,
            0.2925,
            0.29686031574606114,
            0.2975,
            0.3025,
            0.3075,
            0.3110430903285298,
            0.3125,
            0.31265739827700706,
            0.31750000000000006,
            0.31794979387409583,
            0.3223602682359716,
            0.3225,
            0.32662650516063263,
            0.3275,
            0.33120817994894397,
            0.3325,
            0.3375,
            0.3425,
            0.34750000000000003,
            0.35016833960357463,
            0.3514303218694095,
            0.35250000000000004,
            0.3530842224812106,
            0.3575,
            0.36162028755457926,
            0.3625,
            0.3675,
            0.3725,
            0.3775,
            0.38250000000000006,
            0.38432957563095693,
            0.3825,
            0.37749999999999995,
            0.3766617114398519,
            0.3725,
            0.36750000000000005,
            0.3625,
            0.3584758592997678,
            0.3575,
            0.35250000000000004,
            0.34750000000000003,
            0.3425,
            0.3396513154711758,
            0.3375,
            0.3325,
            0.3290424268837915,
            0.3275,
            0.3225,
            0.3200716060224326,
            0.3175,
            0.3133598692938216,
            0.3125,
            0.3075,
            0.3067961544398431,
            0.3025,
            0.2996280843173244,
            0.2975,
            0.294472962229167,
            0.2925,
            0.2902615678445888,
            0.2877382539353237,
            0.2875,
            0.2836550282243381,
            0.28250000000000003,
            0.27957494889541284,
            0.27874821352598517,
            0.2775,
            0.275955870297377
        ]
    },