{
    "0.68": {
        "f_e_Earth": [
            0.36750000000000005,
            0.36958529366826975,
            0.3675,
            0.3655790047177966,
            0.3625,
            0.36122609930383226,
            0.3575,
            0.3565613164093849,
            0.35250000000000004,
            0.352221461422881,
            0.3506359141086765,
            0.34895378015173817,
            0.34913837967955474,
            0.34750000000000003,
            0.347115976683936,
            0.34338275729305223,
            0.3425,
            0.3385815677398753,
            0.3375,
            0.3345813010213593,
            0.3325,
            0.33117885892638743,
            0.330371640890782,
            0.3282988712098251,
            0.3275,
            0.32617039739152476,
            0.324746006153362,
            0.3247109279245808,
            0.3255079825454338,
            0.3275,
            0.32851481899064205,
            0.3299887163679136,
            0.3323678376045615,
            0.3325,
            0.33497131439406297,
            0.3375,
            0.33873814787404316,
            0.3406060161046485,
            0.3425,
            0.34450623897569865,
            0.34750000000000003,
            0.34911414488208115,
            0.35250000000000004,
            0.35359913572143686,
            0.35750000000000004,
            0.3584147469171463,
            0.3625,
            0.36478890709790446,
            0.36750000000000005
        ],
        "f_mu_Earth": [
            0.2905142956768406,
            0.2925,
            0.29486000007900254,
            0.2975,
            0.30088622473054705,
            0.3025,
            0.30643588870200134,
            0.3075,
            0.3122274383567996,
            0.3125,
            0.3175,
            0.3225,
            0.3275,
            0.33122558496126003,
            0.3325,
            0.3375,
            0.33848188979225774,
            0.3425,
            0.34359851375146766,
            0.34750000000000003,
            0.3501236167284223,
            0.35250000000000004,
            0.3575,
            0.3625,
            0.36371077151906006,
            0.36250000000000004,
            0.3575,
            0.35250000000000004,
            0.34750000000000003,
            0.34391272568078735,
            0.3425,
            0.3375,
            0.3325,
            0.3323678376045615,
            0.3275,
            0.3238389848672351,
            0.3225,
            0.3175,
            0.31557706792523726,
            0.3125,
            0.30913933930700055,
            0.3075,
            0.30347059771654156,
            0.3025,
            0.2981920074952989,
            0.2975,
            0.2941006683339842,
            0.2925,
            0.2905142956768406
        ]
    },
    "0.90": {
        "f_e_Earth": [
            0.3725,
            0.37552137393944135,
            0.3725,
            0.371887530086231,
            0.3675,
            0.3674749120095299,
            0.36477696887571454,
            0.3625,
            0.3621888026685461,
            0.3619896352583677,
            0.3625,
            0.36442751918364424,
            0.36249999999999993,
            0.36097227056026,
            0.3575,
            0.3557799558944189,
            0.35250000000000004,
            0.3507662082434321,
            0.34750000000000003,
            0.3462234604094104,
            0.3425,
            0.34166289465574984,
            0.3375,
            0.3369225563353166,
            0.3337450586611266,
            0.3325,
            0.33183328554917585,
            0.3307335813424969,
            0.3275,
            0.3263082169908956,
            0.3225,
            0.32200258398760506,
            0.3219594803375297,
            0.32249999999999995,
            0.32334424299832787,
            0.3234670046849502,
            0.32381561648000556,
            0.3254584434439671,
            0.3275,
            0.328588502415899,
            0.3296290706570999,
            0.3325,
            0.3335808912269254,
            0.3359947063066813,
            0.3375,
            0.3388584939116889,
            0.3425,
            0.34334944520410887,
            0.34750000000000003,
            0.3478355377010209,
            0.35091102147329356,
            0.35250000000000004,
            0.3552493845118124,
            0.35749999999999993,
            0.3613383011924178,
            0.3625,
            0.3675,
            0.3690281969677485,
            0.3725
        ],
        "f_mu_Earth": [
            0.28483672586964,
            0.2875,
            0.2913100884598442,
            0.2925,
            0.29746552188676745,
            0.2975,
            0.3025,
            0.30698867755973824,
            0.3075,
            0.3125,
            0.3129434640537082,
            0.3175,
            0.31982324224221537,
            0.3225,
            0.3255862971374672,
            0.3275,
            0.33019187600157196,
            0.3325,
            0.33587013062251725,
            0.3375,
            0.34164160018461565,
            0.3425,
            0.34672811892094685,
            0.34750000000000003,
            0.35250000000000004,
            0.3539963133536976,
            0.3575,
            0.3625,
            0.3674008252468083,
            0.3675,
            0.3681554590345776,
            0.36750000000000005,
            0.3625,
            0.36182358475135246,
            0.3575,
            0.35250000000000004,
            0.34750000000000003,
            0.3425,
            0.34045844344396714,
            0.3375,
            0.3325,
            0.3296290706570999,
            0.3275,
            0.3225,
            0.3209947063066813,
            0.3175,
            0.31380283611447624,
            0.3125,
            0.3078407749504833,
            0.3075,
            0.3025,
            0.3009110214732935,
            0.2975,
            0.2952493845118124,
            0.2925,
            0.29133830119241777,
            0.2883220093443963,
            0.2875,
            0.28483672586964
        ]
    },
    "0.95": {
        "f_e_Earth": [
            0.3725,
            0.3765369513289667,
            0.37270509697236603,
            0.37250000000000005,
            0.369977995808214,
            0.3677380038601214,
            0.3675,
            0.3668277024399783,
            0.3675,
            0.3684827794428569,
            0.36750000000000005,
            0.3673982137376561,
            0.3632136418425166,
            0.36249999999999993,
            0.3575,
            0.3574125582505776,
            0.35250000000000004,
            0.3517726885069158,
            0.34750000000000003,
            0.3470368331527702,
            0.34266176344319116,
            0.3425,
            0.33800055902012005,
            0.3375,
            0.3355750887164518,
            0.3325,
            0.3322517952902216,
            0.33143070694090715,
            0.3292285104439216,
            0.3275,
            0.3225,
            0.3203441790080013,
            0.32031695142112004,
            0.3225,
            0.32294287900629887,
            0.32311083467474355,
            0.32333104474792984,
            0.32436878085180726,
            0.3275,
            0.32818758200401843,
            0.3288448850895719,
            0.3325,
            0.3331827741905574,
            0.33470752579939766,
            0.3375,
            0.3383581294378427,
            0.3425,
            0.343018222797205,
            0.3472679077042387,
            0.34750000000000003,
            0.3496546640100196,
            0.35250000000000004,
            0.3542367231205342,
            0.3575,
            0.35992456680606366,
            0.3625,
            0.3675,
            0.367861216404895,
            0.3725
        ],