{
    "0.68": {
        "f_e_Earth": [
            0.3625,
            0.36464231114539264,
            0.36250000000000004,
            0.36049912419314734,
            0.3575,
            0.3562120653761092,
            0.35250000000000004,
            0.35199534192974324,
            0.3506950376808716,
            0.3492204291491308,
            0.34831517898437225,
            0.34750000000000003,
            0.3466835602463951,
            0.34343895617766024,
            0.3425,
            0.3386245213123332,
            0.3375,
            0.3347458673918624,
            0.3325,
            0.3311168721710373,
            0.33031433661127185,
            0.32789860198389376,
            0.3275,
            0.3267197966469472,
            0.3248037168354174,
            0.3247935150503617,
            0.3258438321939685,
            0.3275,
            0.3289650542923498,
            0.33029479795370104,
            0.3325,
            0.33292671251407513,
            0.3351248460550774,
            0.3375,
            0.33873532881047835,
            0.3405851381249082,
            0.3425,
            0.3443085395030331,
            0.34750000000000003,
            0.34898909943783557,
            0.35250000000000004,
            0.3535935452012078,
            0.3575,
            0.3589713424188471,
            0.3625
        ],
        "f_mu_Earth": [
            0.2947973128183802,
            0.2975,
            0.29980624745135653,
            0.3025,
            0.3057187159266316,
            0.3075,
            0.31194501314474105,
            0.3125,
            0.3175,
            0.3225,
            0.3275,
            0.3297373221815466,
            0.3325,
            0.3375,
            0.3384709050885033,
            0.3425,
            0.34356816018780056,
            0.34750000000000003,
            0.35028805108437466,
            0.35250000000000004,
            0.3575,
            0.36250000000000004,
            0.36316204551155307,
            0.3625,
            0.3575,
            0.35250000000000004,
            0.34750000000000003,
            0.344663442448702,
            0.3425,
            0.3375,
            0.3328540083118362,
            0.3325,
            0.3275,
            0.3240624192352197,
            0.3225,
            0.3175,
            0.3155519423918952,
            0.3125,
            0.30888036696609206,
            0.3075,
            0.3032464974075842,
            0.3025,
            0.2984617663366688,
            0.2975,
            0.2947973128183802
        ]
    },
    "0.90": {
        "f_e_Earth": [
            0.3725,
            0.37600053783577075,
            0.3725,
            0.3717260459421211,
            0.3675,
            0.36717617831110966,
            0.3627024702607661,
            0.3625,
            0.36023715479320845,
            0.35762255739632426,
            0.3625,
            0.363126543509232,
            0.36250000000000004,
            0.3598696163198616,
            0.3575,
            0.35493903193059007,
            0.35250000000000004,
            0.3509998039047799,
            0.34750000000000003,
            0.34733788047382275,
            0.34251041187222925,
            0.3425,
            0.3375,
            0.3373260582899409,
            0.33504374551037347,
            0.3325,
            0.3320874970859137,
            0.3311708248779442,
            0.328907339231429,
            0.3275,
            0.3225,
            0.3203976679606234,
            0.32054257220818666,
            0.3225,
            0.3231049354186063,
            0.32329476869747914,
            0.3236587336900057,
            0.32528451656455803,
            0.3275,
            0.3284684775903389,
            0.3293434767002083,
            0.3325,
            0.3334095843866157,
            0.3354430448600625,
            0.3375,
            0.3385690887808606,
            0.3425,
            0.3430931452780774,
            0.34750000000000003,
            0.34750206378765813,
            0.34987599980611217,
            0.35250000000000004,
            0.3547512734147569,
            0.3575,
            0.3607668161734686,
            0.36250000000000004,
            0.3675,
            0.3686192120478835,
            0.3725
        ],
        "f_mu_Earth": [
            0.2844788423891647,
            0.2875,
            0.29126904129642683,
            0.2925,
            0.2970700139852583,
            0.2975,
            0.3025,
            0.3028849521682625,
            0.3075,
            0.3125,
            0.3165189519273278,
            0.31749999999999995,
            0.3181433430670639,
            0.3225,
            0.32458709009378356,
            0.3275,
            0.3296063337922077,
            0.3325,
            0.33725900068691833,
            0.3375,
            0.3425,
            0.34251096010900295,
            0.34725167828208714,
            0.34750000000000003,
            0.35250000000000004,
            0.35535417367849886,
            0.3575,
            0.3625,
            0.3675,
            0.3696719745547398,
            0.3711688987623323,
            0.36749999999999994,
            0.36250000000000004,
            0.3600535673155915,
            0.35749999999999993,
            0.35250000000000004,
            0.34750000000000003,
            0.3425,
            0.34028451656455805,
            0.3375,
            0.3325,
            0.3293434767002083,
            0.3275,
            0.3225,
            0.3204430448600625,
            0.3175,
            0.31350094314538385,
            0.3125,
            0.3075019130920581,
            0.3075,
            0.3025,
            0.2998759998061121,
            0.2975,
            0.2947512734147568,
            0.2925,
            0.29076681617346867,
            0.2881960329246722,
            0.2875,
            0.2844788423891647
        ]
    },
    "0.95": {
        "f_e_Earth": [
            0.3775,
            0.3805004948222449,
            0.3775,
            0.3770020355785781,
            0.3725,
            0.3724040273630781,
            0.36890447953251165,
            0.3675,
            0.36624064697379954,
            0.3645925651278595,
            0.36750000000000005,
            0.36789199883868506,
            0.36749999999999994,
            0.3674478530933423,
            0.36257143572458755,
            0.36249999999999993,
            0.3575,
            0.3570135288071072,
            0.35250000000000004,
            0.3519286036609114,
            0.34930933178333934,
            0.34750000000000003,
            0.3461777790815386,
            0.3425,
            0.34101297344506143,
            0.3375,
            0.33683508425652886,
            0.3325,
            0.33247387910627585,
            0.33188386135205916,
            0.33042675037498515,
            0.3275,
            0.32567827851823394,
            0.3225,
            0.32149770224870333,
            0.3192069610574707,
            0.3192923213924069,
            0.3225,
            0.32273476102922183,
            0.3229681831164678,
            0.3231825879678752,
            0.32414030572314434,
            0.3275,
            0.32807051171984036,
            0.3285859570455868,
            0.3325,
            0.3330358188541735,
            0.3342336917254782,
            0.3375,
            0.3381297798577016,
            0.3425,
            0.3428283037801471,
            0.3454531336943296,
            0.34750000000000003,
            0.348899656274185,
            0.35250000000000004,
            0.3538261823303876,
            0.3575,
            0.3594244192453392,
            0.3625,
            0.3675,
            0.36750892541288627,
            0.3725,
            0.37513460521068553,
            0.3775
        ],