{
    "0.68": {
        "f_e_Earth": [
            0.3675,
            0.3703083950626499,
            0.3675,
            0.365786255258381,
            0.3625,
            0.36120911333989303,
            0.3575,
            0.35668699356558664,
            0.35250000000000004,
            0.352332878576891,
            0.35119289676785154,
            0.35053290123611236,
            0.35002115776111775,
            0.34826708963303843,
            0.34750000000000003,
            0.34548986721223185,
            0.3425,
            0.3410629088609192,
            0.3375,
            0.3360156172902286,
            0.3325,
            0.332136312352252,
            0.33146123600016647,
            0.33050276056471106,
            0.3290901297937273,
            0.3278053413304236,
            0.3275,
            0.32616901082919303,
            0.3225,
            0.3215734893238155,
            0.32239744552506994,
            0.3225,
            0.3238479740251998,
            0.32411404518844705,
            0.32493143991987694,
            0.3275,
            0.3279654407251192,
            0.3296935712790242,
            0.3319084553482313,
            0.3325,
            0.3347628569306627,
            0.3375,
            0.33834719344499153,
            0.3402509656667292,
            0.3425,
            0.34413115731855837,
            0.34750000000000003,
            0.34876503562276323,
            0.35250000000000004,
            0.35313850832098814,
            0.3575,
            0.3580629098368451,
            0.3625,
            0.3642338298891097,
            0.3675
        ],
        "f_mu_Earth": [
            0.2900545394872376,
            0.2925,
            0.2953953070418941,
            0.2975,
            0.3009159879958256,
            0.3025,
            0.306426116823707,
            0.3075,
            0.3123189925943544,
            0.3125,
            0.3175,
            0.3225,
            0.3275,
            0.3325,
            0.3338215471946566,
            0.3375,
            0.34122575698230595,
            0.3425,
            0.3452295092871248,
            0.34750000000000003,
            0.3518272404599712,
            0.35250000000000004,
            0.3575,
            0.3625,
            0.36749999999999994,
            0.3725,
            0.37363140891131547,
            0.37250000000000005,
            0.37040672304077527,
            0.3675,
            0.3625,
            0.36237205391733457,
            0.35749999999999993,
            0.35250000000000004,
            0.34750000000000003,
            0.34314159388489207,
            0.3425,
            0.3375,
            0.3325,
            0.3319084553482313,
            0.3275,
            0.3235706542771208,
            0.3225,
            0.3175,
            0.3152116553642919,
            0.3125,
            0.30868849830119416,
            0.3075,
            0.3029707159748396,
            0.3025,
            0.2979346964737377,
            0.2975,
            0.2938789601349244,
            0.2925,
            0.2900545394872376
        ]
    },
    "0.90": {
        "f_e_Earth": [
            0.37750000000000006,
            0.3821786106827529,
            0.3775,
            0.37748359232788037,
            0.3729578192909952,
            0.3725,
            0.36875980072965375,
            0.3675,
            0.36517036667374814,
            0.3625,
            0.36239469738228375,
            0.36250000000000004,
            0.36749802803052345,
            0.3652218901834761,
            0.3625,
            0.3605393093350203,
            0.3575,
            0.3551466927648051,
            0.35250000000000004,
            0.351179051554654,
            0.3490274877766525,
            0.34828626202312973,
            0.34750000000000003,
            0.3463569077933491,
            0.3425,
            0.3375,
            0.3369980933969408,
            0.332884787570479,
            0.3325,
            0.33215540545059863,
            0.33156632041662554,
            0.33079076925880896,
            0.3299095079750065,
            0.3275,
            0.3241458161731953,
            0.3225,
            0.3200055553077309,
            0.31920691583991134,
            0.31955217853228957,
            0.3225,
            0.3228658533770944,
            0.3231763339926745,
            0.3235188472297611,
            0.32498096758590134,
            0.3275,
            0.3284191730392543,
            0.3293472767853948,
            0.3325,
            0.33344820583322,
            0.3356251637664982,
            0.3375,
            0.33865273822964,
            0.3425,
            0.3431529626641135,
            0.34750000000000003,
            0.3475870367847953,
            0.3500912022675574,
            0.35250000000000004,
            0.35489312325672384,
            0.3575,
            0.3608455794656231,
            0.3625,
            0.3675,
            0.36824129382890225,
            0.3725,
            0.37540391992850825,
            0.37750000000000006
        ],
        "f_mu_Earth": [
            0.280492016436119,
            0.28250000000000003,
            0.2874485730838072,
            0.2875,
            0.2925,
            0.29316555685087736,
            0.2975,
            0.2994321149112863,
            0.3025,
            0.30731618068926597,
            0.3075,
            0.3082488839796246,
            0.3125,
            0.3175,
            0.32004800903744274,
            0.3225,
            0.3250307881548944,
            0.3275,
            0.32972410107300076,
            0.3325,
            0.3375,
            0.3425,
            0.345895596997164,
            0.34750000000000003,
            0.34952366752950415,
            0.35121310150634966,
            0.35250000000000004,
            0.3575,
            0.35803313481023746,
            0.3625,
            0.3675,
            0.3725,
            0.3775,
            0.38071482039114046,
            0.37749999999999995,
            0.3759617351178789,
            0.37250000000000005,
            0.3675,
            0.3625,
            0.3588223232389649,
            0.3575,
            0.35250000000000004,
            0.34750000000000003,
            0.3425,
            0.33998096758590135,
            0.3375,
            0.3325,
            0.3293472767853948,
            0.3275,
            0.3225,
            0.32062516376649813,
            0.3175,
            0.31358549291394566,
            0.3125,
            0.30758177087586247,
            0.3075,
            0.3025,
            0.30009120226755737,
            0.2975,
            0.2948931232567239,
            0.2925,
            0.29084557946562306,
            0.28803666296145786,
            0.2875,
            0.28402513593551754,
            0.2825,
            0.280492016436119
        ]
    },