{
    "0.68": {
        "f_e_Earth": [
            0.2125,
            0.2175,
            0.2225,
            0.22750000000000004,
            0.2325,
            0.2375,
            0.2425,
            0.24320843136919248,
            0.2475,
            0.2525,
            0.2575,
            0.2608713484527161,
            0.2625,
            0.26515376084612563,
            0.26692530851343005,
            0.26641297741630804,
            0.26578538362974347,
            0.2639560615923573,
            0.2625,
            0.2594361699326266,
            0.2575,
            0.25596999167377826,
            0.25249999999999995,
            0.2501472041710494,
            0.2475,
            0.2425,
            0.24200490949877687,
            0.2375,
            0.2350097158973406,
            0.2325,
            0.22750000000000004,
            0.2263408225512083,
            0.22250000000000003,
            0.2181665556048476,
            0.2175,
            0.21250000000000002,
            0.20750000000000002,
            0.2025,
            0.1975,
            0.19352514531683407,
            0.1925,
            0.18794462669973588,
            0.1875,
            0.1825,
            0.18134472901774717,
            0.1775,
            0.17250000000000001,
            0.16789759358746478,
            0.1675,
            0.16473582328518416,
            0.16411530060720225,
            0.16504944799166865,
            0.16749999999999998,
            0.16803137503847465,
            0.16969990488845527,
            0.1725,
            0.17285744706063605,
            0.1775,
            0.1783986390222328,
            0.1823454305583348,
            0.1825,
            0.1875,
            0.1925,
            0.1935314352073647,
            0.1975,
            0.2025,
            0.20750000000000002,
            0.21184220819454977,
            0.2125
        ],
        "f_mu_Earth": [
            0.5173764619126441,
            0.5164192092124142,
            0.5164683957711305,
            0.5164449972041133,
            0.5161174438166474,
            0.517167266406522,
            0.5174215436957826,
            0.5175000000000001,
            0.518418164445577,
            0.519333060680787,
            0.5210183645533688,
            0.5225,
            0.5247089756618334,
            0.5275000000000001,
            0.5325,
            0.5375000000000001,
            0.5425,
            0.5475000000000001,
            0.5496631203079877,
            0.5525,
            0.5553660410186907,
            0.5575000000000001,
            0.5598807062616213,
            0.5625,
            0.564652809065818,
            0.5672861735376777,
            0.5675000000000001,
            0.5696066123555433,
            0.5725,
            0.5740039670405215,
            0.5768992220104111,
            0.5775,
            0.5797742954173001,
            0.5825,
            0.5828532882708923,
            0.584545883726264,
            0.5858005439151621,
            0.5862362118792162,
            0.5850459195818758,
            0.5825,
            0.5811630836847477,
            0.5775,
            0.5772109926451717,
            0.5734654377222583,
            0.5725,
            0.5697625529393642,
            0.5696905684367355,
            0.5675000000000001,
            0.5672188445345786,
            0.5625,
            0.5575000000000001,
            0.5525,
            0.5485017309337752,
            0.5475000000000001,
            0.5425,
            0.5378677438895434,
            0.5375000000000001,
            0.5334977991902033,
            0.5325,
            0.5275000000000001,
            0.5273779995944025,
            0.5252209582758329,
            0.522994345522809,
            0.5225,
            0.5207751009234624,
            0.5196149096725824,
            0.5189104791924473,
            0.5175000000000001,
            0.5173764619126441
        ]
    },
    "0.90": {
        "f_e_Earth": [
            0.2175,
            0.2225,
            0.22550553358187347,
            0.2275,
            0.2325,
            0.2375,
            0.2425,
            0.2475,
            0.2525,
            0.2575,
            0.2625,
            0.2675,
            0.2724969147531197,
            0.2725,
            0.2775,
            0.2799073480334835,
            0.2825,
            0.2826729731910073,
            0.28250000000000003,
            0.2818692512686302,
            0.2810388467560301,
            0.2795835442130786,
            0.27764378141752566,
            0.2775,
            0.27528033317519934,
            0.2725,
            0.2721532391607232,
            0.2679337630654846,
            0.2675,
            0.2636649508473215,
            0.2625,
            0.2575,
            0.2569587962395825,
            0.2525,
            0.2501734313880911,
            0.2475,
            0.24309692865585006,
            0.24249999999999997,
            0.2375,
            0.2325,
            0.2318551094147595,
            0.2275,
            0.2225,
            0.21771983416556812,
            0.2175,
            0.21249999999999997,
            0.20750000000000002,
            0.2025,
            0.1975,
            0.1925,
            0.1875,
            0.1851303476948281,
            0.1825,
            0.1775,
            0.17250000000000004,
            0.16931136810309316,
            0.1675,
            0.1625,
            0.15749999999999997,
            0.1525,
            0.15218015073827756,
            0.15138253014504519,
            0.15056970036529144,
            0.1516825591710348,
            0.15182897086935562,
            0.1525,
            0.1535855365532326,
            0.1556671288465246,
            0.1575,
            0.15803917369052725,
            0.16094041519035926,
            0.1625,
            0.1638847415117169,
            0.16726087140461932,
            0.16750000000000004,
            0.1722211895485658,
            0.17250000000000001,
            0.1775,
            0.17853300253232474,
            0.1825,
            0.1875,
            0.18750364620085855,
            0.1925,
            0.1975,
            0.2025,
            0.20750000000000002,
            0.2125,
            0.2154860997265804,
            0.2175
        ],