{
    "0.68": {
        "f_e_Earth": [
            0.3483333333333334,
            0.3490923457482197,
            0.35023312671846835,
            0.34902373909465056,
            0.3483333333333334,
            0.34500000000000003,
            0.34491280899192145,
            0.34500000000000003,
            0.34639237522433214,
            0.34783066904787296,
            0.3483333333333334
        ],
        "f_mu_Earth": [
            0.31116335070328194,
            0.31166666666666665,
            0.31500000000000006,
            0.3183333333333334,
            0.31903903110995674,
            0.31854227155990766,
            0.31833333333333336,
            0.31824175065251137,
            0.31500000000000006,
            0.31166666666666665,
            0.31116335070328194
        ]
    },
    "0.90": {
        "f_e_Earth": [
            0.3483333333333334,
            0.3514708367054393,
            0.3510308481366652,
            0.3504944478075761,
            0.3483333333333334,
            0.34590387562605013,
            0.345,
            0.3441279064260751,
            0.3431062892558856,
            0.34500000000000003,
            0.34557736877811107,
            0.34625548735909367,
            0.3483333333333334
        ],
        "f_mu_Earth": [
            0.30958612687392684,
            0.31166666666666665,
            0.31500000000000006,
            0.31833333333333336,
            0.32054231501476094,
            0.32166666666666666,
            0.3225486817647122,
            0.32166666666666666,
            0.31833333333333336,
            0.31634423938351747,
            0.31500000000000006,
            0.31166666666666665,
            0.30958612687392684
        ]
    },
    "0.95": {
        "f_e_Earth": [
            0.3483333333333334,
            0.3516362857645187,
            0.35108633805040546,
            0.35059675106502375,
            0.3483333333333334,
            0.34612982491839517,
            0.34500000000000003,
            0.3439099019570886,
            0.34298062681027985,
            0.34500000000000003,
            0.34552067650889656,
            0.3461459169075027,
            0.3483333333333334
        ],
        "f_mu_Earth": [
            0.309476414369983,
            0.31166666666666665,
            0.31500000000000006,
            0.31833333333333336,
            0.3206468842193754,
            0.32166666666666666,
            0.3227691663994311,
            0.32166666666666666,
            0.31833333333333336,
            0.3162122475198971,
            0.31500000000000006,
            0.31166666666666665,
            0.309476414369983
        ]
    },
    "0.997": {
        "f_e_Earth": [
            0.3516666666666667,
            0.35286887758525187,
            0.35489589599399757,
            0.3548946514134615,
            0.3516666666666667,
            0.35164864781707206,
            0.3516334461497177,
            0.3501336022222672,
            0.3483333333333334,
            0.3451535985386966,
            0.3450000000000001,
            0.34474303710738907,
            0.34170074296178227,
            0.34170722024493383,
            0.3425162792420891,
            0.34500000000000003,
            0.3450355793539779,
            0.3483333333333334,
            0.3484251566586422,
            0.3510382968126425,
            0.3516666666666667
        ],
        "f_mu_Earth": [
            0.30437163014597585,
            0.30500000000000005,
            0.30833333333333335,
            0.31166666666666665,
            0.31489465233275643,
            0.31500000000000006,
            0.31833333333333336,
            0.32166666666666666,
            0.32346699615368435,
            0.325,
            0.3251536141719952,
            0.325,
            0.32166666666666666,
            0.31833333333333336,
            0.31500000000000006,
            0.31251626128761995,
            0.31166666666666665,
            0.3083646373219624,
            0.30833333333333335,
            0.30500000000000005,
            0.30437163014597585
        ]
    }
}