{
    "0.68": {
        "f_e_Earth": [
            0.42833333333333334,
            0.43021272553597445,
            0.42833333333333334,
            0.42736525294972155,
            0.4252214073258883,
            0.42500000000000004,
            0.4230362910836012,
            0.4216666666666667,
            0.42029711630965805,
            0.41833333333333333,
            0.4165839895608848,
            0.41500000000000004,
            0.41414137595133005,
            0.41500000000000004,
            0.4157476992982675,
            0.4172470032788703,
            0.41833333333333333,
            0.4200350603264637,
            0.4216666666666667,
            0.4231829242961213,
            0.42500000000000004,
            0.42660123912918524,
            0.42833333333333334
        ],
        "f_mu_Earth": [
            0.18997809281049421,
            0.19166666666666668,
            0.19395754113383265,
            0.195,
            0.19833333333333336,
            0.19857061327669057,
            0.20166666666666666,
            0.20328373534451047,
            0.20500000000000002,
            0.20749725338346675,
            0.20833333333333337,
            0.2093858268704602,
            0.20833333333333337,
            0.20662733347415366,
            0.20500000000000002,
            0.20166666666666666,
            0.2005249721876137,
            0.19833333333333336,
            0.19663498199032414,
            0.195,
            0.19317999556207865,
            0.19166666666666668,
            0.18997809281049421
        ]
    },
    "0.90": {
        "f_e_Earth": [
            0.43500000000000005,
            0.4371630766785442,
            0.43500000000000005,
            0.43466519567991063,
            0.43198659239752285,
            0.4316666666666667,
            0.43007273201512447,
            0.42833333333333334,
            0.4274672690494576,
            0.42500000000000004,
            0.4245628751587863,
            0.42202311480712923,
            0.4216666666666667,
            0.4202973994184144,
            0.41833333333333333,
            0.41576449965742,
            0.41500000000000004,
            0.4125110040912595,
            0.4120669943269991,
            0.4129802335562229,
            0.41500000000000004,
            0.41557040994393285,
            0.41833333333333333,
            0.4186669008026084,
            0.4216666666666667,
            0.421862209879099,
            0.42500000000000004,
            0.4252015512107544,
            0.42833333333333334,
            0.4288861810738285,
            0.4316666666666667,
            0.4332002260873038,
            0.43500000000000005
        ],
        "f_mu_Earth": [
            0.18331310576914972,
            0.185,
            0.1875922449712492,
            0.18833333333333335,
            0.19166666666666668,
            0.1919876019200446,
            0.195,
            0.19677052996658562,
            0.19833333333333336,
            0.20097748007939778,
            0.20166666666666666,
            0.20500000000000002,
            0.20537365852316483,
            0.20833333333333337,
            0.21036888125384864,
            0.21166666666666667,
            0.2123947768334874,
            0.21166666666666667,
            0.20833333333333337,
            0.20500000000000002,
            0.20286624338166306,
            0.20166666666666666,
            0.1987629318700777,
            0.19833333333333336,
            0.19521085442503067,
            0.195,
            0.19185715243832974,
            0.19166666666666668,
            0.18861357324787315,
            0.18833333333333335,
            0.18583231594133062,
            0.185,
            0.18331310576914972
        ]
    },
    "0.95": {
        "f_e_Earth": [
            0.43833333333333335,
            0.4389769482916814,
            0.43833333333333335,
            0.43814308216014,
            0.43578426125114444,
            0.43500000000000005,
            0.433357529228638,
            0.4316666666666667,
            0.43080041772860345,
            0.42833333333333334,
            0.42787775073440787,
            0.42500000000000004,
            0.42484189269438266,
            0.423386586637343,
            0.4216666666666667,
            0.4209586543642736,
            0.41833333333333333,
            0.41712102298152703,
            0.41500000000000004,
            0.41166666666666674,
            0.4102509935848545,
            0.41166666666666674,
            0.4116878544826137,
            0.4123702252948226,
            0.41500000000000004,
            0.4152639748460463,
            0.41833333333333333,
            0.418416838912894,
            0.42121102500865437,
            0.4216666666666667,
            0.42449908375868917,
            0.42500000000000004,
            0.42833333333333334,
            0.4283941799618481,
            0.4316666666666667,
            0.4323848188862689,
            0.43500000000000005,
            0.43789968082297215,
            0.43833333333333335
        ],
        "f_mu_Earth": [
            0.18124704970986752,
            0.1816666666666667,
            0.18323559013598684,
            0.185,
            0.18833333333333335,
            0.1891182214810177,
            0.19166666666666668,
            0.19336286472895217,
            0.195,
            0.19751123960116118,
            0.19833333333333336,
            0.2014173890596604,
            0.20166666666666666,
            0.20500000000000002,
            0.20680296285280303,
            0.20833333333333337,
            0.21105420245571577,
            0.21166666666666667,
            0.21368673087718854,
            0.21355447345555384,
            0.21166666666666667,
            0.20854875925605154,
            0.20833333333333337,
            0.20500000000000002,
            0.20222180789803904,
            0.20166666666666666,
            0.19844087941649075,
            0.19833333333333336,
            0.195,
            0.19454437945113418,
            0.19166666666666668,
            0.19116577079017788,
            0.1883641766428488,
            0.18833333333333335,
            0.1853897661431525,
            0.185,
            0.18254883993913845,
            0.1816666666666667,
            0.18124704970986752
        ]
    },
    "0.997": {
        "f_e_Earth": [
            0.44166666666666665,
            0.44500000000000006,
            0.4451670686307156,
            0.44500000000000006,
            0.44409887829483596,
            0.44166666666666665,
            0.4412375398812596,
            0.43833333333333335,
            0.43805843681779927,
            0.43500000000000005,
            0.4348244050676808,
            0.4316666666666667,
            0.43157902733868353,
            0.42833333333333334,
            0.42831695818172205,
            0.4276539652213745,
            0.42500000000000004,
            0.4248454750701012,
            0.4216666666666667,
            0.42166618434050107,
            0.42026232065147784,
            0.41833333333333333,
            0.4159874412489722,
            0.41500000000000004,
            0.41166666666666674,
            0.4083333333333333,
            0.40756717197072245,
            0.4083333333333333,
            0.40837821312735517,
            0.408698182520391,
            0.41166666666666674,
            0.4117175282777494,
            0.41294459626275876,
            0.41500000000000004,
            0.41549916569035716,
            0.41833333333333333,
            0.4186441310388656,
            0.4216666666666667,
            0.42197271018818466,
            0.42500000000000004,
            0.4254017233511331,
            0.42833333333333334,
            0.42968869381358216,
            0.43166666666666675,
            0.43500000000000005,
            0.43521175886711716,
            0.43833333333333335,
            0.4401454674163392,
            0.44166666666666665
        ],