{
    "0.68": {
        "f_e_Earth": [
            0.1975,
            0.2025,
            0.20750000000000002,
            0.2125,
            0.2175,
            0.22250000000000003,
            0.2275,
            0.23249999999999998,
            0.2375,
            0.2425,
            0.2475,
            0.2525,
            0.25315163159982224,
            0.2575,
            0.26222520923833464,
            0.2625,
            0.26585175385225845,
            0.26573464683785236,
            0.26526914927437195,
            0.2625,
            0.26140478514138493,
            0.25953743217658554,
            0.2575,
            0.25462546011712706,
            0.2525,
            0.2481969624069808,
            0.2475,
            0.2425,
            0.24249346325499557,
            0.2375,
            0.23344348275976845,
            0.23249999999999998,
            0.2275,
            0.2225,
            0.22190819593149635,
            0.2175,
            0.21449753556736567,
            0.2125,
            0.20750000000000002,
            0.20331863626981797,
            0.2025,
            0.1994502916427205,
            0.1975,
            0.1925,
            0.1875,
            0.1825,
            0.18194543990313877,
            0.1775,
            0.17250000000000001,
            0.17170997089242707,
            0.1675,
            0.16728343433986248,
            0.1655018941916827,
            0.16530381083314294,
            0.16664984582438505,
            0.1675,
            0.16810263940627793,
            0.16841896226062875,
            0.17164632256891393,
            0.17250000000000004,
            0.17417773439652234,
            0.1775,
            0.17812121634574526,
            0.1825,
            0.18323138279129633,
            0.1875,
            0.1925,
            0.19445158010696562,
            0.1975
        ],
        "f_mu_Earth": [
            0.5216763174746014,
            0.5206565235352213,
            0.5208691797193004,
            0.5201532865678915,
            0.5196585817502334,
            0.5194459305809476,
            0.5193303694913592,
            0.5193420101122337,
            0.5197938197677431,
            0.5201915561967349,
            0.5209623402279524,
            0.5223025519197939,
            0.5225,
            0.5252537205658172,
            0.5275000000000001,
            0.5278102476341384,
            0.5325,
            0.5375000000000001,
            0.5425,
            0.5452327130997092,
            0.5475000000000001,
            0.5525,
            0.5540032273985783,
            0.5575000000000001,
            0.5595785749674845,
            0.5625,
            0.5631919662606943,
            0.5674957611064055,
            0.5675000000000001,
            0.5697168289786754,
            0.5725,
            0.5731951181167476,
            0.5760077742471803,
            0.5771649933264662,
            0.5775,
            0.580882311123743,
            0.5825,
            0.5835657242831476,
            0.5853873529959253,
            0.5874999999999999,
            0.5879582630547445,
            0.5874999999999999,
            0.5871816765364753,
            0.5855990709106937,
            0.5836732077087962,
            0.5827480690222588,
            0.5825,
            0.5791659200726468,
            0.578671148677055,
            0.5775,
            0.5727048594082382,
            0.5724999999999999,
            0.5675000000000001,
            0.5625,
            0.5575000000000001,
            0.5551069734316023,
            0.5525,
            0.5475000000000001,
            0.5425,
            0.5402623303700319,
            0.5375000000000001,
            0.5335758746857472,
            0.5325,
            0.5281212163457455,
            0.5275000000000001,
            0.5252196597542979,
            0.5232741599659009,
            0.5225,
            0.5216763174746014
        ]
    },
    "0.90": {
        "f_e_Earth": [
            0.1925,
            0.1975,
            0.2025,
            0.20750000000000002,
            0.21249999999999997,
            0.2175,
            0.2225,
            0.2275,
            0.23250000000000004,
            0.23749999999999996,
            0.2425,
            0.2475,
            0.2525,
            0.25749999999999995,
            0.25802204610176593,
            0.2625,
            0.2675,
            0.2725,
            0.27724421023644635,
            0.2775,
            0.28226659551031835,
            0.2822539877993581,
            0.2812041362726646,
            0.28043406232789003,
            0.27827711881394507,
            0.2775,
            0.27559856189952003,
            0.27250410240271006,
            0.2725,
            0.2688594580403605,
            0.2675,
            0.2647363351108766,
            0.2625,
            0.25879147136558367,
            0.2575,
            0.2525,
            0.2521374273693886,
            0.2475,
            0.24315980726865233,
            0.2425,
            0.2375,
            0.2325,
            0.23045272665650127,
            0.22749999999999998,
            0.2225,
            0.21750000000000003,
            0.2125,
            0.2123997830753779,
            0.20750000000000002,
            0.2025,
            0.1975,
            0.1925,
            0.1875,
            0.1825,
            0.1775,
            0.17250000000000001,
            0.16750000000000004,
            0.1625,
            0.1575,
            0.1547620099910063,
            0.1525,
            0.14960216003812354,
            0.14873468053227704,
            0.14901270300040587,
            0.14919736188961769,
            0.15014014913988888,
            0.15104592606191408,
            0.1525,
            0.152682107934708,
            0.1542249384075931,
            0.1575,
            0.15757912340838398,
            0.15962627350808678,
            0.16249999999999998,
            0.163025287850887,
            0.1662720896618412,
            0.1675,
            0.1713614475133558,
            0.17250000000000004,
            0.1775,
            0.17823124614715702,
            0.1825,
            0.1875,
            0.18832843236278857,
            0.1925
        ],