{
    "0.68": {
        "f_e_Earth": [
            0.3625,
            0.36438695919781117,
            0.3625,
            0.3602741913402021,
            0.3575,
            0.3560137357814577,
            0.35250000000000004,
            0.35167129409763004,
            0.35035543922343093,
            0.34902161327765885,
            0.3484050667984057,
            0.3475015260738358,
            0.3475,
            0.34369113172016813,
            0.3425,
            0.33771574941372895,
            0.3375,
            0.3338507125948094,
            0.3325,
            0.3304763477186503,
            0.3298812251804109,
            0.3275,
            0.3251194425776319,
            0.3252273371672247,
            0.32677873727567025,
            0.3275,
            0.3301072639553637,
            0.33116252517730804,
            0.3325,
            0.33493058623844085,
            0.3358713600567814,
            0.3375,
            0.3393766254701971,
            0.34118737313449954,
            0.3425,
            0.34448708214997226,
            0.34750000000000003,
            0.34907919509415564,
            0.35250000000000004,
            0.3535187721994867,
            0.3575,
            0.3586310092839504,
            0.3625
        ],
        "f_mu_Earth": [
            0.2947332584190624,
            0.2975,
            0.29957768515164523,
            0.3025,
            0.30548865665551267,
            0.3075,
            0.31164242524447366,
            0.3125,
            0.3175,
            0.3225,
            0.3275,
            0.3325,
            0.3325022614511757,
            0.3375,
            0.3385892012686077,
            0.3425,
            0.3426860922253469,
            0.3475,
            0.3491728454180163,
            0.35250000000000004,
            0.3575,
            0.3622418336925931,
            0.35750000000000004,
            0.35250000000000004,
            0.34750000000000003,
            0.3462675301398116,
            0.3425,
            0.3375,
            0.33478223926397227,
            0.3325,
            0.3275,
            0.32513542265258144,
            0.3225,
            0.3175,
            0.3161599037053642,
            0.3125,
            0.3090350358878153,
            0.3075,
            0.3031927504616237,
            0.3025,
            0.2982146013863653,
            0.2975,
            0.2947332584190624
        ]
    },
    "0.90": {
        "f_e_Earth": [
            0.3725,
            0.37529914388909885,
            0.3725,
            0.37123653024869463,
            0.3675,
            0.36678147633704344,
            0.3625,
            0.3622823406468314,
            0.3584837529250162,
            0.35749999999999993,
            0.35663075165343966,
            0.35445802911910596,
            0.3575,
            0.3589478363260487,
            0.3575,
            0.35474375215313725,
            0.35250000000000004,
            0.351195806612154,
            0.3482051129790776,
            0.34750000000000003,
            0.3425,
            0.34238299618573925,
            0.3375,
            0.33690246764243886,
            0.3336452936417879,
            0.3325,
            0.3317945999790906,
            0.33072205747183614,
            0.3275,
            0.32747606233874826,
            0.3225,
            0.3200649056640168,
            0.32026654131436183,
            0.3225,
            0.3232066043394678,
            0.3234720152018894,
            0.3240249297838281,
            0.3261764549350722,
            0.3275,
            0.32880531354627807,
            0.33007014135260293,
            0.3325,
            0.333701543126246,
            0.33636057515497025,
            0.3375,
            0.338814169287481,
            0.3425,
            0.3431716273667257,
            0.34750000000000003,
            0.3475228545631537,
            0.34980683560967507,
            0.35250000000000004,
            0.3545921769164323,
            0.3575,
            0.3605171745253615,
            0.3625,
            0.3675,
            0.36856809003269697,
            0.3725
        ],
        "f_mu_Earth": [
            0.2847764238859577,
            0.2875,
            0.29042203704095565,
            0.2925,
            0.29656905651552057,
            0.2975,
            0.3022142300813469,
            0.3025,
            0.3075,
            0.3093999296913787,
            0.3125,
            0.3175,
            0.31918828838928887,
            0.3225,
            0.32391157408452886,
            0.3275,
            0.32949146143732383,
            0.3325,
            0.3375,
            0.33885978388124666,
            0.3424043573575155,
            0.3425,
            0.3467117733293412,
            0.34750000000000003,
            0.35250000000000004,
            0.3537255143346461,
            0.3575,
            0.3625,
            0.3674864723979282,
            0.3675,
            0.3719041538333328,
            0.3675,
            0.36249999999999993,
            0.35976223349502506,
            0.3575,
            0.35250000000000004,
            0.34750000000000003,
            0.3425,
            0.3411764549350722,
            0.3375,
            0.3325,
            0.33007014135260293,
            0.3275,
            0.3225,
            0.3213605751549702,
            0.3175,
            0.3137370356646491,
            0.3125,
            0.3075222154784872,
            0.3075,
            0.3025,
            0.299806835609675,
            0.2975,
            0.29459217691643225,
            0.2925,
            0.29051717452536147,
            0.2880719535118377,
            0.2875,
            0.2847764238859577
        ]
    },
    "0.95": {
        "f_e_Earth": [
            0.3675,
            0.3725,
            0.37613307369314375,
            0.3725,
            0.3717658487032529,
            0.3675,
            0.36722637388666807,
            0.36355553305711513,
            0.3625,
            0.3610843647301406,
            0.3595122243145048,
            0.3625,
            0.36361940800321185,
            0.36249999999999993,
            0.36133010102472785,
            0.3575,
            0.3565277260928871,
            0.35250000000000004,
            0.3518821981740246,
            0.34970955237331713,
            0.34750000000000003,
            0.34636270256660673,
            0.3425,
            0.3375,
            0.33746947897031776,
            0.33542301168227506,
            0.3325,
            0.3321501020323016,
            0.33136422180221525,
            0.32916330690119333,
            0.3275,
            0.3243286313933105,
            0.3225,
            0.3213120029183822,
            0.31920431388966375,
            0.31933829559681015,
            0.3225,
            0.32285120197836364,
            0.32314587911859105,
            0.3235132766470912,
            0.3249429098108636,
            0.3275,
            0.32836734730189027,
            0.3292077928701598,
            0.3325,
            0.3332983945249215,
            0.3350652529646655,
            0.3375,
            0.33837323171430633,
            0.3425,
            0.34292721791977726,
            0.34591287649384,
            0.34750000000000003,
            0.34903283297155774,
            0.35250000000000004,
            0.35389019778712844,
            0.3575,
            0.3595048349236596,
            0.3625,
            0.3672868142177586,
            0.3675
        ],