{
    "0.68": {
        "f_e_Earth": [
            0.3425,
            0.34750000000000003,
            0.3486954411462715,
            0.34750000000000003,
            0.34275909557244877,
            0.34249999999999997,
            0.3422944664834626,
            0.34207337616040606,
            0.3425
        ],
        "f_mu_Earth": [
            0.3270154885944184,
            0.32444070824329885,
            0.3275,
            0.32909747546294543,
            0.3325,
            0.3326832438071187,
            0.33249999999999996,
            0.3275,
            0.3270154885944184
        ]
    },
    "0.90": {
        "f_e_Earth": [
            0.34750000000000003,
            0.3504075508641292,
            0.35122519102153527,
            0.34750000000000003,
            0.34746934075540437,
            0.3425,
            0.33855795625653584,
            0.3390282975051599,
            0.3425,
            0.3440195323500869,
            0.34750000000000003
        ],
        "f_mu_Earth": [
            0.31957258987749604,
            0.3225,
            0.3275,
            0.3324779960061169,
            0.3325,
            0.3360145367799393,
            0.3325,
            0.3275,
            0.32355723051684876,
            0.3225,
            0.31957258987749604
        ]
    },
    "0.95": {
        "f_e_Earth": [
            0.34750000000000003,
            0.35160938864264235,
            0.35195740169487577,
            0.3503439962890662,
            0.34750000000000003,
            0.3425,
            0.3375000000000001,
            0.3373573340730329,
            0.3375,
            0.33814693009633656,
            0.3425,
            0.34258087909721907,
            0.34750000000000003
        ],
        "f_mu_Earth": [
            0.31836254326340846,
            0.3225,
            0.3275,
            0.3325,
            0.3353439962890662,
            0.33697874604607037,
            0.33275981018578343,
            0.3325,
            0.33235600628461953,
            0.3275,
            0.32255627247735147,
            0.3225,
            0.31836254326340846
        ]
    },
    "0.997": {
        "f_e_Earth": [
            0.3425,
            0.34750000000000003,
            0.3522590794481818,
            0.3523532209565865,
            0.3519167763531544,
            0.34750000000000003,
            0.3425,
            0.34249925433595374,
            0.3375,
            0.3354141960063718,
            0.33381396438589384,
            0.3375,
            0.3376704795203503,
            0.338963591585391,
            0.3425
        ],
        "f_mu_Earth": [
            0.31896359158539095,
            0.3177084149163869,
            0.3225,
            0.3275,
            0.3325,
            0.33691677635315437,
            0.3374999793655924,
            0.3375,
            0.33958580399362837,
            0.3375,
            0.3325,
            0.3287796585394738,
            0.3275,
            0.3225,
            0.31896359158539095
        ]
    }
}