{
    "0.68": {
        "f_e_Earth": [
            0.335,
            0.3351447174751095,
            0.33713948348843353,
            0.335,
            0.3347583491907693,
            0.33367600549591186,
            0.33166666666666667,
            0.3297574704387951,
            0.3300249716079817,
            0.33166666666666667,
            0.33289126840759187,
            0.3349211697691057,
            0.335
        ],
        "f_mu_Earth": [
            0.328254503102439,
            0.32833333333333337,
            0.33166666666666667,
            0.3348587684664173,
            0.335,
            0.3383333333333334,
            0.34161698196383067,
            0.3383333333333334,
            0.335,
            0.333354654086529,
            0.33166666666666667,
            0.32833333333333337,
            0.328254503102439
        ]
    },
    "0.90": {
        "f_e_Earth": [
            0.3383333333333334,
            0.3390009781737656,
            0.33849110219022355,
            0.3383333333333334,
            0.33783300991074355,
            0.33673992133231867,
            0.335,
            0.3345089803530279,
            0.3334932623480687,
            0.33166666666666667,
            0.3285815764010655,
            0.3289660098687951,
            0.32908484794435944,
            0.33166666666666667,
            0.3322077103970714,
            0.3331124879570493,
            0.335,
            0.3376830265521155,
            0.3383333333333334
        ],
        "f_mu_Earth": [
            0.32427053633983227,
            0.325,
            0.32833333333333337,
            0.328507154860104,
            0.33166666666666667,
            0.335,
            0.33698099938209547,
            0.3383333333333334,
            0.3416666666666667,
            0.34356006668395117,
            0.3416666666666667,
            0.3383333333333334,
            0.33499999999999996,
            0.3324124397453727,
            0.33166666666666667,
            0.32833333333333337,
            0.32644582129038263,
            0.32499999999999996,
            0.32427053633983227
        ]
    },
    "0.95": {
        "f_e_Earth": [
            0.3383333333333334,
            0.3396892714558424,
            0.3392851079778936,
            0.3383333333333334,
            0.33797153766754834,
            0.33714239367080945,
            0.335,
            0.3346753621010321,
            0.3338719353014104,
            0.33166666666666667,
            0.32833333333333337,
            0.3277689706677956,
            0.32833333333333337,
            0.3288079203514608,
            0.3288970638628144,
            0.33166666666666667,
            0.3320711737709282,
            0.3327512145777839,
            0.335,
            0.33701260754833595,
            0.3383333333333334
        ],
        "f_mu_Earth": [
            0.32351851234982065,
            0.32499999999999996,
            0.32833333333333337,
            0.32938194916994423,
            0.33166666666666667,
            0.335,
            0.33743923702712647,
            0.3383333333333334,
            0.3416666666666667,
            0.34395258889546326,
            0.343826795148497,
            0.34166666666666673,
            0.34110230400112895,
            0.3383333333333334,
            0.335,
            0.3322242380634888,
            0.33166666666666667,
            0.32833333333333337,
            0.3260845479111172,
            0.325,
            0.32351851234982065
        ]
    },
    "0.997": {
        "f_e_Earth": [
            0.3416666666666667,
            0.3418140389496004,
            0.3443737286815184,
            0.3416666666666667,
            0.3416665454089982,
            0.3415660643717698,
            0.34056272787032904,
            0.3383333333333334,
            0.33829858405140195,
            0.3379255933742707,
            0.335,
            0.3349597567096741,
            0.3337081663676267,
            0.33166666666666667,
            0.32986080428166387,
            0.32833333333333337,
            0.3268137307585568,
            0.32516143420902155,
            0.32511925734719194,
            0.32833333333333337,
            0.32835377341579863,
            0.3283576127553796,
            0.33166666666666667,
            0.33167894225922434,
            0.33171337727587846,
            0.335,
            0.33508668139390013,
            0.3357988052043187,
            0.3383333333333334,
            0.3415325361973244,
            0.3416666666666667
        ],
        "f_mu_Earth": [
            0.31819920286399106,
            0.31833333333333336,
            0.32166666666666666,
            0.3249989450392061,
            0.325,
            0.32833333333333337,
            0.33166666666666667,
            0.334171421352453,
            0.335,
            0.3383333333333334,
            0.34132201059958417,
            0.3416666666666667,
            0.34500000000000003,
            0.34704894957182386,
            0.3483333333333334,
            0.3498739041766036,
            0.3483333333333334,
            0.34500000000000003,
            0.3416666666666667,
            0.3384525906805253,
            0.3383333333333334,
            0.335,
            0.3316835873071624,
            0.33166666666666667,
            0.32833333333333337,
            0.32504671060921186,
            0.325,
            0.32166666666666666,
            0.319132138537652,
            0.31833333333333336,
            0.31819920286399106
        ]
    }
}