{
    "0.68": {
        "f_e_Earth": [
            0.395,
            0.3967210380915245,
            0.395,
            0.3940088949729008,
            0.3916666666666667,
            0.39085123859985227,
            0.38833333333333336,
            0.38756775917220165,
            0.385,
            0.3842464374199918,
            0.3816666666666667,
            0.38043171719999946,
            0.37833333333333335,
            0.3765559152689094,
            0.37833333333333335,
            0.3792564184034155,
            0.3816666666666667,
            0.38223670716204927,
            0.385,
            0.38535197692926787,
            0.38833333333333336,
            0.38872942056564364,
            0.3916666666666667,
            0.39275736325888266,
            0.395
        ],
        "f_mu_Earth": [
            0.2164954294084963,
            0.21833333333333332,
            0.22013134399976544,
            0.22166666666666668,
            0.2240950718647115,
            0.22500000000000003,
            0.22759555637298776,
            0.22833333333333333,
            0.23098384361622792,
            0.2316666666666667,
            0.2341295784259071,
            0.235,
            0.23701073635034808,
            0.23500000000000001,
            0.2329647109303468,
            0.2316666666666667,
            0.2289652147331372,
            0.22833333333333333,
            0.2253672953008372,
            0.22500000000000003,
            0.22201633326733453,
            0.22166666666666668,
            0.2189806740132509,
            0.21833333333333332,
            0.2164954294084963
        ]
    },
    "0.90": {
        "f_e_Earth": [
            0.4016666666666667,
            0.4034046708411995,
            0.4016666666666667,
            0.4010219130622985,
            0.3983333333333333,
            0.39802511184067746,
            0.395,
            0.3948883708891229,
            0.39172001727103317,
            0.3916666666666667,
            0.3890686600746887,
            0.38833333333333336,
            0.3861708077744458,
            0.385,
            0.3822061877341122,
            0.38166666666666665,
            0.37833333333333335,
            0.3782819461589366,
            0.375,
            0.37264058481124257,
            0.375,
            0.37540718256317646,
            0.3782436293846871,
            0.37833333333333335,
            0.3801517370145465,
            0.3816666666666667,
            0.38309223602747167,
            0.385,
            0.38642218578109433,
            0.38833333333333336,
            0.3902370156916386,
            0.3916666666666667,
            0.395,
            0.39519484973682284,
            0.3983333333333333,
            0.3998624871886166,
            0.4016666666666667
        ],
        "f_mu_Earth": [
            0.21006145706079124,
            0.21166666666666667,
            0.21361353848592643,
            0.21500000000000002,
            0.21778061037463659,
            0.21833333333333332,
            0.2214937418004522,
            0.22166666666666668,
            0.225,
            0.22505450990255804,
            0.22833333333333333,
            0.22906703520442617,
            0.2316666666666667,
            0.23282758943106185,
            0.23500000000000001,
            0.2355347084308318,
            0.23831026101169975,
            0.23833333333333334,
            0.24122787728651612,
            0.23833333333333334,
            0.23579384111234167,
            0.23500000000000001,
            0.2316666666666667,
            0.23157696271802042,
            0.22833333333333333,
            0.22681840368121314,
            0.22500000000000003,
            0.22309223602747164,
            0.22166666666666668,
            0.21975551911442764,
            0.21833333333333332,
            0.2169036823577289,
            0.21510280348484692,
            0.21500000000000002,
            0.21240679720685016,
            0.21166666666666667,
            0.21006145706079124
        ]
    },
    "0.95": {
        "f_e_Earth": [
            0.4016666666666667,
            0.40394171999856315,
            0.4016666666666667,
            0.40130167365728314,
            0.3983333333333333,
            0.3981864582024119,
            0.395,
            0.3949971839370105,
            0.39259154510866895,
            0.3916666666666667,
            0.38977422916097404,
            0.3883333333333333,
            0.386756444462132,
            0.385,
            0.38295298259056204,
            0.3816666666666667,
            0.3791181608187034,
            0.37833333333333335,
            0.375,
            0.3734288257514641,
            0.3716666666666667,
            0.37122442164288993,
            0.3716666666666667,
            0.3723831436953682,
            0.375,
            0.37526505575263697,
            0.3774021209186603,
            0.3783333333333333,
            0.37967998087014265,
            0.3816666666666667,
            0.3827223945493764,
            0.385,
            0.3860532221193691,
            0.38833333333333336,
            0.38974313533998606,
            0.3916666666666667,
            0.394587305705635,
            0.395,
            0.3983333333333333,
            0.3993049896390609,
            0.4016666666666667
        ],
        "f_mu_Earth": [
            0.20956544187345194,
            0.21166666666666667,
            0.21421512845063953,
            0.21500000000000002,
            0.2180699472332196,
            0.21833333333333332,
            0.22166230429817793,
            0.22166666666666668,
            0.22500000000000003,
            0.22594497586953688,
            0.22833333333333333,
            0.22977104517669872,
            0.2316666666666667,
            0.2334082816482122,
            0.23500000000000001,
            0.23627484172671245,
            0.23833333333333334,
            0.2391083711235555,
            0.24154370750953305,
            0.2416666666666667,
            0.24228525745672452,
            0.2416666666666667,
            0.2412146138926734,
            0.23833333333333334,
            0.23551675138508993,
            0.235,
            0.2316666666666667,
            0.2307354542519937,
            0.22833333333333333,
            0.22634664753680933,
            0.22500000000000003,
            0.22272239454937642,
            0.22166666666666668,
            0.21938655545270244,
            0.21833333333333332,
            0.2164098020058774,
            0.21500000000000002,
            0.21458730570597964,
            0.21213696107422164,
            0.21166666666666667,
            0.20956544187345194
        ]
    },