{
    "0.68": {
        "f_e_Earth": [
            0.19166666666666668,
            0.195,
            0.19833333333333336,
            0.20166666666666666,
            0.20500000000000002,
            0.20642272130679118,
            0.20500000000000002,
            0.20166666666666666,
            0.19878885721716416,
            0.19833333333333333,
            0.19720934307189147,
            0.195,
            0.19166666666666668,
            0.1885017903348542,
            0.19166666666666668
        ],
        "f_mu_Earth": [
            0.5496818373454833,
            0.5491044168386618,
            0.5489642301323866,
            0.5489395843331198,
            0.550155423919179,
            0.5516666666666667,
            0.5530698535786919,
            0.5547494543144059,
            0.555,
            0.5550938169495064,
            0.555,
            0.5549095339283537,
            0.5543910170334944,
            0.5516666666666667,
            0.5496818373454833
        ]
    },
    "0.90": {
        "f_e_Earth": [
            0.195,
            0.19833333333333336,
            0.20166666666666663,
            0.2043123669970087,
            0.20500000000000002,
            0.20805387298989522,
            0.20500000000000002,
            0.20426564318724108,
            0.20166666666666666,
            0.19833333333333336,
            0.195,
            0.1916666666666667,
            0.18833333333333335,
            0.18786718224314086,
            0.18560607912133095,
            0.18833333333333335,
            0.19166666666666668,
            0.19477493769830334,
            0.195
        ],
        "f_mu_Earth": [
            0.5482460236526174,
            0.5477634147071913,
            0.5475235405517649,
            0.5483333333333333,
            0.5484227822982399,
            0.5516666666666667,
            0.5546786090547883,
            0.555,
            0.5567886883037605,
            0.5571168893003322,
            0.5570048016001177,
            0.5566555269347349,
            0.5553209737739929,
            0.555,
            0.5516666666666667,
            0.5494987117346907,
            0.5485858433404233,
            0.5483333333333333,
            0.5482460236526174
        ]
    },
    "0.95": {
        "f_e_Earth": [
            0.195,
            0.19833333333333336,
            0.20166666666666666,
            0.20500000000000002,
            0.2059553738344868,
            0.20833333333333334,
            0.20833776064267912,
            0.20833333333333334,
            0.20500000000000002,
            0.20489749455043385,
            0.20166666666666666,
            0.19833333333333336,
            0.195,
            0.19166666666666668,
            0.18833333333333335,
            0.1866362885913213,
            0.18508728191932905,
            0.18833333333333335,
            0.19166666666666668,
            0.19245594242910846,
            0.195
        ],
        "f_mu_Earth": [
            0.547346402814259,
            0.5469962194845818,
            0.5468227717114317,
            0.5476270203765239,
            0.5483333333333333,
            0.551660405824328,
            0.5516666666666667,
            0.5516713421323717,
            0.5549551385338122,
            0.555,
            0.5572235460772381,
            0.557464635835784,
            0.5573839698579299,
            0.5571336460020563,
            0.556168519964747,
            0.555,
            0.5516666666666667,
            0.549086308318894,
            0.5483974525900974,
            0.5483333333333333,
            0.547346402814259
        ]
    },
    "0.997": {
        "f_e_Earth": [
            0.185,
            0.18833333333333335,
            0.19166666666666668,
            0.195,
            0.19833333333333336,
            0.20166666666666666,
            0.20500000000000002,
            0.20833333333333337,
            0.21148727193148553,
            0.21166666666666667,
            0.21240381658535384,
            0.21166666666666667,
            0.21031973686934416,
            0.20833333333333337,
            0.20500000000000002,
            0.20166666666666666,
            0.19833333333333336,
            0.195,
            0.19166666666666668,
            0.18833333333333335,
            0.185,
            0.1816666666666667,
            0.1802764535498561,
            0.1800313834199215,
            0.1816666666666667,
            0.18409983904024152,
            0.185
        ],
        "f_mu_Earth": [
            0.5474802498254551,
            0.5455111723490188,
            0.5451707740204963,
            0.5450991185918386,
            0.545079739067751,
            0.5450722267136981,
            0.5451052270952124,
            0.5454390662218175,
            0.5483333333333333,
            0.5501957911399217,
            0.5516666666666667,
            0.5524434988227311,
            0.555,
            0.5569107201993906,
            0.5581824843950989,
            0.5583098359581137,
            0.5583333188066542,
            0.5583311453868776,
            0.5583280041033987,
            0.5582857199017002,
            0.5580839063553483,
            0.5563807301041811,
            0.555,
            0.5516666666666667,
            0.5500094087255811,
            0.5483333333333333,
            0.5474802498254551
        ]
    }
}