{
    "0.68": {
        "f_e_Earth": [
            0.16833333333333333,
            0.1716666666666667,
            0.175,
            0.17619192992988858,
            0.175,
            0.1716666666666667,
            0.16833333333333333,
            0.16807648912505535,
            0.16833333333333333
        ],
        "f_mu_Earth": [
            0.5514023172863856,
            0.5489257432101413,
            0.5501864999208972,
            0.5516666666666667,
            0.552936651048943,
            0.5549810139420164,
            0.55229611287006,
            0.5516666666666667,
            0.5514023172863856
        ]
    },
    "0.90": {
        "f_e_Earth": [
            0.1716666666666667,
            0.17190066521835595,
            0.175,
            0.17752130253582482,
            0.175,
            0.17393571608726244,
            0.1716666666666667,
            0.16833333333333333,
            0.16726151762095748,
            0.16635435825156475,
            0.16833333333333333,
            0.17162502876789712,
            0.1716666666666667
        ],
        "f_mu_Earth": [
            0.5482956064873714,
            0.5483333333333333,
            0.5485356536129873,
            0.5516666666666667,
            0.5543530786471011,
            0.555,
            0.556835309429986,
            0.5560443433505478,
            0.555,
            0.5516666666666667,
            0.549629864513467,
            0.5483333333333333,
            0.5482956064873714
        ]
    },
    "0.95": {
        "f_e_Earth": [
            0.1716666666666667,
            0.175,
            0.17654204527426046,
            0.1780513448566392,
            0.175,
            0.17486481983810162,
            0.1716666666666667,
            0.16833333333333333,
            0.16607222425773732,
            0.16566771686836265,
            0.16833333333333333,
            0.16983081091550695,
            0.1716666666666667
        ],
        "f_mu_Earth": [
            0.5466699197322903,
            0.5469867305794294,
            0.5483333333333333,
            0.5516666666666667,
            0.5549178311988242,
            0.555,
            0.5575868104153207,
            0.5572031532106649,
            0.555,
            0.5516666666666667,
            0.5489231589765118,
            0.5483333333333333,
            0.5466699197322903
        ]
    },
    "0.997": {
        "f_e_Earth": [
            0.16833333333333333,
            0.1716666666666667,
            0.175,
            0.17833333333333334,
            0.18109147021825953,
            0.18144152748905942,
            0.17833333333333334,
            0.17831263456060834,
            0.175,
            0.1716666666666667,
            0.17046310655071448,
            0.16833333333333333,
            0.16751377465487505,
            0.165,
            0.16282235058654326,
            0.16419627519018434,
            0.165,
            0.1657600733408024,
            0.16833333333333333
        ],
        "f_mu_Earth": [
            0.545763956292792,
            0.5450656156265109,
            0.5450681000763149,
            0.5456261888106491,
            0.5483333333333333,
            0.5516666666666667,
            0.5549619125488325,
            0.555,
            0.5581755699395696,
            0.5583284269121649,
            0.5583333333333333,
            0.5590103335045634,
            0.5583333333333333,
            0.5573548576270896,
            0.555,
            0.5516666666666667,
            0.55085778201602,
            0.5483333333333333,
            0.545763956292792
        ]
    }
}