{
    "0.68": {
        "f_e_Earth": [
            0.22500000000000003,
            0.2277242304772811,
            0.22833333333333333,
            0.2316666666666667,
            0.23500000000000001,
            0.23833333333333334,
            0.23884963377667123,
            0.23833333333333334,
            0.23500000000000001,
            0.2316666666666667,
            0.22833333333333333,
            0.22500000000000003,
            0.22166666666666668,
            0.21833333333333332,
            0.21500000000000002,
            0.21354192696840762,
            0.21500000000000002,
            0.21833333333333332,
            0.22166666666666668,
            0.22436637295286194,
            0.22500000000000003
        ],
        "f_mu_Earth": [
            0.5482327494065004,
            0.5483333333333333,
            0.548343340110547,
            0.5484150435779443,
            0.5490210939842254,
            0.5510936531062222,
            0.5516666666666667,
            0.5520478692160369,
            0.5536558794621953,
            0.5542273787502737,
            0.5544120388011046,
            0.5544781567280178,
            0.5544263030529991,
            0.5539142393005709,
            0.5525721742470289,
            0.5516666666666667,
            0.5507125625480215,
            0.5492049308443387,
            0.5485171649527567,
            0.5483333333333333,
            0.5482327494065004
        ]
    },
    "0.90": {
        "f_e_Earth": [
            0.21833333333333332,
            0.22166666666666668,
            0.22500000000000003,
            0.22833333333333333,
            0.2316666666666667,
            0.23500000000000004,
            0.23833333333333334,
            0.23899705834814508,
            0.24159299476059953,
            0.23833333333333334,
            0.23500000000000001,
            0.2320783060744333,
            0.2316666666666667,
            0.22833333333333333,
            0.22500000000000003,
            0.22166666666666668,
            0.21833333333333332,
            0.2180642853304328,
            0.21500000000000002,
            0.21166666666666667,
            0.20947189848806652,
            0.21166666666666667,
            0.21500000000000002,
            0.2161496894932332,
            0.21833333333333332
        ],
        "f_mu_Earth": [
            0.5473173184746886,
            0.5464967772031745,
            0.5462552117407671,
            0.5463020651793722,
            0.5463608313161968,
            0.546821757654949,
            0.5479095237672768,
            0.5483333333333333,
            0.5516666666666667,
            0.5540733879123891,
            0.5547531808024155,
            0.555,
            0.5551555670991746,
            0.5557608195082855,
            0.5558490158281345,
            0.5558705041352554,
            0.5551030781457122,
            0.5550000000000002,
            0.5545381194262585,
            0.5532999972096823,
            0.5516666666666667,
            0.5500200970114051,
            0.5486411095494903,
            0.5483333333333333,
            0.5473173184746886
        ]
    },
    "0.95": {
        "f_e_Earth": [
            0.215,
            0.21833333333333332,
            0.22166666666666668,
            0.22500000000000003,
            0.22833333333333333,
            0.2316666666666667,
            0.23500000000000001,
            0.23833333333333334,
            0.24039803195405657,
            0.2416666666666667,
            0.24281306103090194,
            0.24166666666666667,
            0.23833333333333334,
            0.23500000000000001,
            0.23463917070116624,
            0.2316666666666667,
            0.22833333333333333,
            0.22500000000000003,
            0.22166666666666668,
            0.21833333333333332,
            0.21549284862510557,
            0.21500000000000002,
            0.21166666666666667,
            0.20841034507021888,
            0.21166666666666667,
            0.21439806435558528,
            0.215
        ],
        "f_mu_Earth": [
            0.5480085985323184,
            0.5466075057600419,
            0.5460345146867659,
            0.5458653328747403,
            0.54589698644754,
            0.5459378319134669,
            0.546258115202664,
            0.5470149574894838,
            0.5483333333333333,
            0.5500393271028594,
            0.5516666666666667,
            0.5526645413519657,
            0.554472726416092,
            0.5549695178207328,
            0.555,
            0.5561233711379596,
            0.5565456027746034,
            0.5566075116420972,
            0.556622777557074,
            0.556088251514568,
            0.555,
            0.5549257127906888,
            0.55408999755565,
            0.5516666666666667,
            0.5492236932443422,
            0.5483333333333333,
            0.5480085985323184
        ]
    },
    "0.997": {
        "f_e_Earth": [
            0.22500000000000003,
            0.22833333333333333,
            0.2316666666666667,
            0.23269500925113973,
            0.23500000000000001,
            0.23833333333333334,
            0.2416666666666667,
            0.245,
            0.24800178934432543,
            0.24826901163674206,
            0.245,
            0.24450261067389567,
            0.2416666666666667,
            0.23833333333333334,
            0.23500000000000001,
            0.2316666666666667,
            0.22833333333333333,
            0.22500000000000003,
            0.22166666666666668,
            0.21833333333333332,
            0.21500000000000002,
            0.21166666666666667,
            0.20833333333333337,
            0.20500000000000002,
            0.20273181077557545,
            0.20166666666666666,
            0.19986613753938398,
            0.20166666666666666,
            0.2038032840971526,
            0.20500000000000002,
            0.20833333333333337,
            0.21166666666666667,
            0.21500000000000002,
            0.21833333333333332,
            0.22166666666666668,
            0.22459509149914114,
            0.22500000000000003
        ],
        "f_mu_Earth": [
            0.5449095844743314,
            0.5447195900429329,
            0.5448183274649568,
            0.5449999999999999,
            0.545005852559196,
            0.5450274706931206,
            0.5451423340045813,
            0.5456707653139432,
            0.5483333333333333,
            0.5516666666666667,
            0.5548079167408061,
            0.555,
            0.5573849774458365,
            0.5580720903218775,
            0.5582239400124096,
            0.5582735726337034,
            0.5582891811080745,
            0.5582926862935125,
            0.5582941277188621,
            0.5582770430120076,
            0.558231602099528,
            0.5581261841493009,
            0.5578275879813507,
            0.5567044933666369,
            0.555,
            0.5537962870736437,
            0.5516666666666667,
            0.5498485557909312,
            0.5483333333333333,
            0.5473806687513371,
            0.5456002228673659,
            0.5452049403106661,
            0.5450802474240014,
            0.5450304919229771,
            0.5450074911216897,
            0.545,
            0.5449095844743314
        ]
    }
}