{
    "0.68": {
        "f_e_Earth": [
            0.3716666666666667,
            0.375,
            0.37542306302621076,
            0.375,
            0.3725023397437652,
            0.3716666666666667,
            0.36968248305025464,
            0.3683333333333334,
            0.3665194553175303,
            0.365,
            0.36313498134721633,
            0.365,
            0.36500403914506585,
            0.36746147357937076,
            0.3683333333333334,
            0.37120592956893245,
            0.3716666666666667
        ],
        "f_mu_Earth": [
            0.24120552224376324,
            0.24034711771741935,
            0.2416666666666667,
            0.242083922111344,
            0.24499999999999997,
            0.2458333085283364,
            0.24833333333333335,
            0.24968298727751087,
            0.2516666666666667,
            0.25318800404668124,
            0.2516666666666667,
            0.24833661473486074,
            0.24833333333333335,
            0.245,
            0.24412797001185638,
            0.2416666666666667,
            0.24120552224376324
        ]
    },
    "0.90": {
        "f_e_Earth": [
            0.3816666666666667,
            0.38360771142226335,
            0.3816666666666667,
            0.3806321417711891,
            0.37833333333333335,
            0.3773550021319748,
            0.375,
            0.37413435651574245,
            0.3716666666666667,
            0.3709740935744276,
            0.3683333333333334,
            0.3677009464131843,
            0.365,
            0.36379266467738064,
            0.3616666666666667,
            0.3595535028542868,
            0.3616666666666667,
            0.36168478869852816,
            0.36283844626994477,
            0.365,
            0.3658645799438558,
            0.3683333333333334,
            0.36934182519897146,
            0.3716666666666667,
            0.3731585689458343,
            0.375,
            0.37833333333333335,
            0.3786404512566473,
            0.3816666666666667
        ],
        "f_mu_Earth": [
            0.23299344849132692,
            0.23500000000000004,
            0.23684223302936497,
            0.23833333333333334,
            0.24053171401381612,
            0.2416666666666667,
            0.24398934059682403,
            0.245,
            0.24746070748583132,
            0.24833333333333335,
            0.25097508052441114,
            0.2516666666666667,
            0.25437095858784825,
            0.255,
            0.257286185437656,
            0.255,
            0.2517105658317791,
            0.2516666666666667,
            0.24833333333333335,
            0.24617177957027128,
            0.245,
            0.24253076457633127,
            0.2416666666666667,
            0.23933976986969818,
            0.23833333333333334,
            0.23649344892459723,
            0.23517804129911749,
            0.23500000000000001,
            0.23299344849132692
        ]
    },
    "0.95": {
        "f_e_Earth": [
            0.385,
            0.38805464199717876,
            0.385,
            0.38485369440030714,
            0.3816666666666667,
            0.38145259761380534,
            0.37833333333333335,
            0.37803133966400015,
            0.375,
            0.37470569657117686,
            0.3716666666666667,
            0.37142626345475704,
            0.3683333333333334,
            0.36811456543945714,
            0.365,
            0.3645875176082878,
            0.3616666666666667,
            0.3594572015571499,
            0.3583333333333334,
            0.35775594931680055,
            0.3583333333333334,
            0.3587634482816614,
            0.35953913870598464,
            0.3616666666666667,
            0.36208076456039195,
            0.365,
            0.3653055358740252,
            0.3683333333333334,
            0.3686892354018833,
            0.3716666666666667,
            0.37219034004718277,
            0.375,
            0.37630805079576474,
            0.37833333333333335,
            0.3816666666666667,
            0.3817586048354081,
            0.385
        ],
        "f_mu_Earth": [
            0.22935072426500827,
            0.2316666666666667,
            0.23466775674082938,
            0.23500000000000001,
            0.23802478741898453,
            0.23833333333333334,
            0.24131632670441483,
            0.2416666666666667,
            0.24465639373121123,
            0.245,
            0.24803043092651786,
            0.24833333333333335,
            0.25142741939738483,
            0.2516666666666667,
            0.2547850899403759,
            0.255,
            0.2581409280980726,
            0.25833333333333336,
            0.2589887512074058,
            0.25833333333333336,
            0.25775409067469907,
            0.255,
            0.2516666666666667,
            0.2495391387059846,
            0.24833333333333335,
            0.24541409784914864,
            0.245,
            0.24197161135086076,
            0.2416666666666667,
            0.23868660313567397,
            0.23833333333333334,
            0.23552603325585048,
            0.235,
            0.23297775745666852,
            0.23170541583923782,
            0.2316666666666667,
            0.22935072426500827
        ]
    },
    "0.997": {
        "f_e_Earth": [
            0.3916666666666667,
            0.395,
            0.39535889309400263,
            0.395,
            0.39432503534884383,
            0.3916666666666667,
            0.3911750043803781,
            0.38833333333333336,
            0.3877578222853529,
            0.385,
            0.38410783164930723,
            0.3816666666666667,
            0.37911101132621805,
            0.37833333333333335,
            0.375,
            0.37497413690413717,
            0.3716666666666667,
            0.37163871247189795,
            0.3683333333333334,
            0.36830890159368845,
            0.365,
            0.3649609739822942,
            0.36420470501890473,
            0.3616666666666667,
            0.3584185944998007,
            0.3583333333333334,
            0.3582433706507745,
            0.35538671450806275,
            0.3583333333333334,
            0.3583922463844461,
            0.3585025318119344,
            0.3616666666666667,
            0.3617247728380268,
            0.365,
            0.3650428727282902,
            0.3683333333333334,
            0.36838262041707603,
            0.3716666666666667,
            0.3717354241254587,
            0.375,
            0.37517779271265783,
            0.37833333333333335,
            0.3788244670971273,
            0.3816666666666667,
            0.3848384984271198,
            0.385,
            0.38833333333333336,
            0.39055726167765015,
            0.3916666666666667
        ],