{
    "0.68": {
        "f_e_Earth": [
            0.3483333333333334,
            0.349997460308673,
            0.350266415130449,
            0.34990655161840756,
            0.3488230504254162,
            0.34833333333333344,
            0.34500000000000003,
            0.344881112092591,
            0.345,
            0.34588400186804835,
            0.34636675318545596,
            0.34722014483976077,
            0.3483333333333334
        ],
        "f_mu_Earth": [
            0.31052051453783885,
            0.31166666666666665,
            0.31500000000000006,
            0.31833333333333336,
            0.32166666666666666,
            0.3222670956289034,
            0.3218414100806451,
            0.32166666666666666,
            0.32132138005174554,
            0.31833333333333336,
            0.31500000000000006,
            0.31166666666666665,
            0.31052051453783885
        ]
    },
    "0.90": {
        "f_e_Earth": [
            0.3516666666666667,
            0.3529777843094559,
            0.3516666666666667,
            0.3516378269863665,
            0.3509856399901164,
            0.35078402694206445,
            0.3502326739614337,
            0.3483333333333334,
            0.345,
            0.3432911541785746,
            0.34414519233129537,
            0.34500000000000003,
            0.34563506488701345,
            0.3461228503797178,
            0.3483333333333334,
            0.3502850836375211,
            0.3516666666666667
        ],
        "f_mu_Earth": [
            0.30676160154642385,
            0.30833333333333335,
            0.3115804957369863,
            0.31166666666666665,
            0.31500000000000006,
            0.31833333333333336,
            0.32166666666666666,
            0.3239953971535158,
            0.32417835653745475,
            0.32166666666666666,
            0.31833333333333336,
            0.31736975886127117,
            0.31500000000000006,
            0.31166666666666665,
            0.3093907270951992,
            0.30833333333333335,
            0.30676160154642385
        ]
    },
    "0.95": {
        "f_e_Earth": [
            0.3516666666666667,
            0.3541269921431829,
            0.3535330458851529,
            0.3516666666666667,
            0.3514032917745292,
            0.35129357431070385,
            0.3510512382494373,
            0.3483333333333334,
            0.3483250772769769,
            0.345,
            0.34385441373160064,
            0.3423678702417021,
            0.34273867548092374,
            0.3450000000000001,
            0.34521017561994916,
            0.34548565467784054,
            0.3483333333333334,
            0.3490741121821596,
            0.3516666666666667
        ],
        "f_mu_Earth": [
            0.3053839627876381,
            0.30833333333333335,
            0.31166666666666665,
            0.31368650479140087,
            0.31500000000000006,
            0.31833333333333336,
            0.32166666666666666,
            0.32499901682274085,
            0.325,
            0.32622582421565743,
            0.325,
            0.32166666666666666,
            0.31833333333333336,
            0.3157842750370593,
            0.31500000000000006,
            0.31166666666666665,
            0.30873466281282175,
            0.30833333333333335,
            0.3053839627876381
        ]
    },
    "0.997": {
        "f_e_Earth": [
            0.355,
            0.355199418007128,
            0.35775203235692676,
            0.355,
            0.3549427481059928,
            0.35489924332572037,
            0.35367380471555004,
            0.3516666666666667,
            0.3516552724231798,
            0.3516322895434548,
            0.3514417861787149,
            0.3483333333333334,
            0.346683251386445,
            0.34500000000000003,
            0.3437134560225379,
            0.34179332008924596,
            0.3417124845449063,
            0.3417402707765614,
            0.34231894945154684,
            0.345,
            0.34503334641990135,
            0.34615974184519965,
            0.3483333333333334,
            0.34869427269103465,
            0.3516666666666667,
            0.35481452806914354,
            0.355
        ],
        "f_mu_Earth": [
            0.30148119473581025,
            0.3016666666666667,
            0.30500000000000005,
            0.3077754590823961,
            0.30833333333333335,
            0.31166666666666665,
            0.31500000000000006,
            0.31759964986769507,
            0.31833333333333336,
            0.32166666666666666,
            0.325,
            0.328194085299788,
            0.32833333333333337,
            0.329590081019527,
            0.32833333333333337,
            0.325,
            0.32166666666666666,
            0.31833333333333336,
            0.31500000000000006,
            0.31231875506160106,
            0.31166666666666665,
            0.30833333333333335,
            0.3061597418451996,
            0.30500000000000005,
            0.30202760602436796,
            0.3016666666666667,
            0.30148119473581025
        ]
    }
}