{
    "0.68": {
        "f_e_Earth": [
            0.32833333333333337,
            0.3303680524508412,
            0.3303818051392764,
            0.32833333333333337,
            0.3262852848589287,
            0.32697593913040024,
            0.32833333333333337
        ],
        "f_mu_Earth": [
            0.3436038873347038,
            0.34500000000000003,
            0.3483333333333334,
            0.3516549600410934,
            0.3483333333333334,
            0.34500000000000003,
            0.3436038873347038
        ]
    },
    "0.90": {
        "f_e_Earth": [
            0.33166666666666667,
            0.33399156738790226,
            0.3323333577170186,
            0.33166666666666667,
            0.3310898272668079,
            0.3301607228076854,
            0.32833333333333337,
            0.32507720779459914,
            0.325,
            0.3249228104661133,
            0.3232913777533474,
            0.325,
            0.325577409049299,
            0.3258876827007112,
            0.32833333333333337,
            0.3293531773371707,
            0.33166666666666667
        ],
        "f_mu_Earth": [
            0.339034610429151,
            0.3416666666666667,
            0.34500000000000003,
            0.3456673254312634,
            0.3483333333333334,
            0.3516666666666667,
            0.3534942560537273,
            0.355,
            0.35508009081886244,
            0.355,
            0.3516666666666667,
            0.3499580444200141,
            0.3483333333333334,
            0.34500000000000003,
            0.34248458935826065,
            0.3416666666666667,
            0.339034610429151
        ]
    },
    "0.95": {
        "f_e_Earth": [
            0.3350000000000001,
            0.3350860237546855,
            0.335,
            0.3342451876665986,
            0.3329245382866811,
            0.33166666666666667,
            0.33121786167142214,
            0.330494581065493,
            0.32833333333333337,
            0.3257992451151466,
            0.325,
            0.32420094391738963,
            0.3229311895500455,
            0.325,
            0.325449401103922,
            0.3256908890432465,
            0.32833333333333337,
            0.3291008019117822,
            0.33166666666666667,
            0.3348002000218059,
            0.3350000000000001
        ],
        "f_mu_Earth": [
            0.3382272602069161,
            0.3383333333333334,
            0.33843325276623365,
            0.3416666666666667,
            0.345,
            0.346259068530854,
            0.3483333333333334,
            0.3516666666666667,
            0.35382815083495245,
            0.355,
            0.35582908980986006,
            0.355,
            0.3516666666666667,
            0.34959785621671224,
            0.3483333333333334,
            0.34500000000000003,
            0.3422821823367464,
            0.3416666666666667,
            0.33874748297015633,
            0.3383333333333334,
            0.3382272602069161
        ]
    },
    "0.997": {
        "f_e_Earth": [
            0.335,
            0.3383333333333334,
            0.338791014532612,
            0.3383333333333333,
            0.3380163173311987,
            0.33597694910967235,
            0.335,
            0.33477660472662946,
            0.33166666666666667,
            0.3316189713088383,
            0.3315405012237589,
            0.32833333333333337,
            0.32806126311506034,
            0.325,
            0.3219394609160529,
            0.32180278222809733,
            0.325,
            0.3250483743587182,
            0.3250743685632296,
            0.3276815861655657,
            0.32833333333333337,
            0.32894235870332356,
            0.33166666666666667,
            0.3334314482503761,
            0.335
        ],
        "f_mu_Earth": [
            0.333430341920634,
            0.33448178088406555,
            0.335,
            0.3355007362346421,
            0.3383333333333334,
            0.3416666666666667,
            0.34264365045574224,
            0.34500000000000003,
            0.3481128972797391,
            0.3483333333333334,
            0.3516666666666667,
            0.354874185414766,
            0.355,
            0.3581755740584434,
            0.355,
            0.3516666666666667,
            0.348469448894764,
            0.3483333333333334,
            0.34500000000000003,
            0.3416666666666667,
            0.34101491949889895,
            0.3383333333333334,
            0.33560722671409776,
            0.335,
            0.333430341920634
        ]
    }
}