{
    "0.68": {
        "f_e_Earth": [
            0.3583333333333334,
            0.36166666666666675,
            0.36177155301660235,
            0.36166666666666675,
            0.3583333333333334,
            0.35586031464896706,
            0.3583333333333334
        ],
        "f_mu_Earth": [
            0.2958603146489671,
            0.29815006528797433,
            0.29833333333333334,
            0.298438219683269,
            0.30130100757575135,
            0.29833333333333334,
            0.2958603146489671
        ]
    },
    "0.90": {
        "f_e_Earth": [
            0.3583333333333334,
            0.3616666666666667,
            0.363517335614455,
            0.3616666666666667,
            0.359296276435465,
            0.3583333333333334,
            0.35682382616057956,
            0.35539509953142967,
            0.3583333333333334
        ],
        "f_mu_Earth": [
            0.29539509953142973,
            0.2950996572555977,
            0.29833333333333334,
            0.3001840022811217,
            0.30166666666666675,
            0.3026296097687984,
            0.30166666666666664,
            0.29833333333333334,
            0.29539509953142973
        ]
    },
    "0.95": {
        "f_e_Earth": [
            0.36166666666666675,
            0.36190826554296646,
            0.3636775567071182,
            0.3616666666666667,
            0.3595524278049752,
            0.3583333333333334,
            0.35642228392124026,
            0.3553524039091071,
            0.3583333333333334,
            0.36142540216490676,
            0.36166666666666675
        ],
        "f_mu_Earth": [
            0.29475873549824005,
            0.29500000000000004,
            0.29833333333333334,
            0.3003442233737849,
            0.3016666666666667,
            0.3028857611383085,
            0.3016666666666667,
            0.29833333333333334,
            0.29535240390910716,
            0.29500000000000004,
            0.29475873549824005
        ]
    },
    "0.997": {
        "f_e_Earth": [
            0.3616666666666667,
            0.3634189890884899,
            0.36432278205482677,
            0.3616666666666667,
            0.3605839733631225,
            0.3583333333333334,
            0.355,
            0.35465686195288826,
            0.355,
            0.3551804646388099,
            0.3583333333333334,
            0.35991676947136925,
            0.3616666666666667
        ],
        "f_mu_Earth": [
            0.29325010280470254,
            0.29500000000000004,
            0.29833333333333334,
            0.3009894487214935,
            0.3016666666666667,
            0.30391730669645584,
            0.3020190432089427,
            0.3016666666666667,
            0.3013235286195549,
            0.29833333333333334,
            0.2951804646388099,
            0.29500000000000004,
            0.29325010280470254
        ]
    }
}