{
    "0.68": {
        "f_e_Earth": [
            0.45166666666666666,
            0.45500000000000007,
            0.4564061276806509,
            0.45500000000000007,
            0.45166666666666666,
            0.44909345832740877,
            0.44833333333333336,
            0.4479295206715527,
            0.44833333333333336,
            0.44961590497987824,
            0.45166666666666666
        ],
        "f_mu_Earth": [
            0.1696771525074896,
            0.16877973411266087,
            0.1716666666666667,
            0.17306373295611133,
            0.17425005574797886,
            0.175,
            0.17537984246418653,
            0.17500000000000002,
            0.17459806353890595,
            0.1716666666666667,
            0.1696771525074896
        ]
    },
    "0.90": {
        "f_e_Earth": [
            0.45500000000000007,
            0.45833333333333337,
            0.45877735973011574,
            0.45833333333333337,
            0.4572954302450607,
            0.45500000000000007,
            0.45182902986951223,
            0.45166666666666666,
            0.44833333333333336,
            0.44647370630680605,
            0.44833333333333336,
            0.4489819031854809,
            0.45166666666666666,
            0.4537021046308072,
            0.45500000000000007
        ],
        "f_mu_Earth": [
            0.16704000042959752,
            0.16788166528863407,
            0.16833333333333333,
            0.16877923928857033,
            0.1716666666666667,
            0.17394730466225844,
            0.175,
            0.17516232646737673,
            0.1767492401281058,
            0.175,
            0.17314901320156448,
            0.1716666666666667,
            0.16906208564963712,
            0.16833333333333333,
            0.16704000042959752
        ]
    },
    "0.95": {
        "f_e_Earth": [
            0.45500000000000007,
            0.45833333333333337,
            0.4590025801457445,
            0.4583333333333334,
            0.4573767297635023,
            0.45500000000000007,
            0.45207234531612955,
            0.4516666666666666,
            0.44833333333333336,
            0.4463406166121048,
            0.44833333333333336,
            0.4489239431135791,
            0.45166666666666666,
            0.45354505436452186,
            0.45500000000000007
        ],
        "f_mu_Earth": [
            0.166883502238951,
            0.16765256885317312,
            0.16833333333333333,
            0.16900541305953887,
            0.1716666666666667,
            0.17402808026900163,
            0.175,
            0.17540558686268418,
            0.17687442965874173,
            0.175,
            0.17301654187027826,
            0.1716666666666667,
            0.1690058565985199,
            0.16833333333333333,
            0.166883502238951
        ]
    },
    "0.997": {
        "f_e_Earth": [
            0.45833333333333337,
            0.46166666666666667,
            0.46285272519450127,
            0.46166666666666667,
            0.4616485635260333,
            0.45833333333333337,
            0.45833187041547896,
            0.45500000000000007,
            0.4549309166677527,
            0.45166666666666666,
            0.4491613132656256,
            0.44833333333333336,
            0.44500000000000006,
            0.44166666666666665,
            0.4408237498511881,
            0.44166666666666665,
            0.44215406767913745,
            0.44500000000000006,
            0.4455184254664548,
            0.44833333333333336,
            0.45166666666666666,
            0.4516999623318987,
            0.45500000000000007,
            0.4570929325894076,
            0.45833333333333337
        ],
        "f_mu_Earth": [
            0.16375999965032068,
            0.16382042952399195,
            0.165,
            0.1672050554533114,
            0.16833333333333333,
            0.17166259685599505,
            0.1716666666666667,
            0.17497706578782524,
            0.175,
            0.17826351144855712,
            0.17833333333333334,
            0.17916130811460518,
            0.18132224829716234,
            0.17935328332996878,
            0.17833333333333334,
            0.17749160377708814,
            0.175,
            0.17215420680648494,
            0.1716666666666667,
            0.1688517606055291,
            0.16834525425334573,
            0.16833333333333333,
            0.1650448962211976,
            0.165,
            0.16375999965032068
        ]
    }
}