{
    "0.68": {
        "f_e_Earth": [
            0.21500000000000002,
            0.21833333333333332,
            0.2207343388976422,
            0.21833333333333332,
            0.21568345330031558,
            0.21500000000000002,
            0.21429361338734318,
            0.21217328368546404,
            0.21500000000000002
        ],
        "f_mu_Earth": [
            0.5491273282286208,
            0.5489981101825596,
            0.5516666666666667,
            0.5542084655007702,
            0.555,
            0.5554174147819145,
            0.5550000000000002,
            0.5516666666666667,
            0.5491273282286208
        ]
    },
    "0.90": {
        "f_e_Earth": [
            0.21833333333333332,
            0.21941724145672814,
            0.2215135440589036,
            0.21851156561887844,
            0.2183333333333333,
            0.21500000000000002,
            0.21166666666666667,
            0.211328295464375,
            0.21070982042190853,
            0.21166666666666667,
            0.21500000000000002,
            0.2166899856753688,
            0.21833333333333332
        ],
        "f_mu_Earth": [
            0.5475419582559204,
            0.5483333333333333,
            0.5516666666666667,
            0.555,
            0.555171033624867,
            0.5571040267360183,
            0.5553286245570891,
            0.555,
            0.5516666666666667,
            0.5507011512029475,
            0.5484864851111925,
            0.5483333333333333,
            0.5475419582559204
        ]
    },
    "0.95": {
        "f_e_Earth": [
            0.21833333333333332,
            0.2204776979504869,
            0.22166666666666668,
            0.22185547507815037,
            0.22166666666666668,
            0.21951350654908763,
            0.21833333333333335,
            0.21500000000000002,
            0.21166666666666667,
            0.21036219506304715,
            0.20995919033096033,
            0.21166666666666667,
            0.21500000000000002,
            0.2150821937806706,
            0.21833333333333332
        ],
        "f_mu_Earth": [
            0.5467677055109434,
            0.5483333333333333,
            0.5513068100192825,
            0.5516666666666667,
            0.551864635314832,
            0.555,
            0.5561325069554259,
            0.5574874975398704,
            0.5562668968283097,
            0.5550000000000002,
            0.5516666666666667,
            0.5499437202527673,
            0.548340781990338,
            0.5483333333333333,
            0.5467677055109434
        ]
    },
    "0.997": {
        "f_e_Earth": [
            0.21166666666666667,
            0.21500000000000002,
            0.21833333333333332,
            0.22166666666666668,
            0.22482949013119768,
            0.22492486312004534,
            0.22292733181919677,
            0.22166666666666668,
            0.21833333333333332,
            0.21500391684694758,
            0.21500000000000002,
            0.2116666666666667,
            0.2115319075635314,
            0.20833333333333337,
            0.20656196355590306,
            0.20734454314965556,
            0.20833333333333337,
            0.21012743282664387,
            0.21166666666666667
        ],
        "f_mu_Earth": [
            0.5468130513437114,
            0.5451359114251484,
            0.5450598317122131,
            0.5452338423877647,
            0.5483333333333333,
            0.5516666666666667,
            0.555,
            0.5562483812831667,
            0.5582533584733479,
            0.5583333333333333,
            0.5583367578617652,
            0.5584500064863502,
            0.5583333333333333,
            0.5568788061380883,
            0.555,
            0.5516666666666667,
            0.5506662524632329,
            0.5483333333333333,
            0.5468130513437114
        ]
    }
}