{
    "0.68": {
        "f_e_Earth": [
            0.24833333333333335,
            0.24925125527530115,
            0.2516666666666667,
            0.255,
            0.2556035803421732,
            0.255,
            0.2516666666666667,
            0.24833333333333335,
            0.245,
            0.2416666666666667,
            0.23833333333333334,
            0.235,
            0.23299145964763934,
            0.23500000000000004,
            0.23833333333333334,
            0.2416666666666667,
            0.245,
            0.24744771192061812,
            0.24833333333333335
        ],
        "f_mu_Earth": [
            0.5482779972948344,
            0.5483333333333333,
            0.5484133047932455,
            0.550813841456252,
            0.5516666666666667,
            0.5521844662812307,
            0.5540834209805477,
            0.554421079676176,
            0.5544572129013973,
            0.5542868872825621,
            0.5540004817361665,
            0.5527856434186966,
            0.5516666666666667,
            0.5504752973314564,
            0.5490432773691656,
            0.5486040128829232,
            0.548395782488201,
            0.5483333333333333,
            0.5482779972948344
        ]
    },
    "0.90": {
        "f_e_Earth": [
            0.23833333333333334,
            0.2416666666666667,
            0.245,
            0.24833333333333335,
            0.2516666666666667,
            0.255,
            0.25570292425257113,
            0.25764791299149525,
            0.255,
            0.2516666666666667,
            0.24942920498234164,
            0.24833333333333335,
            0.245,
            0.2416666666666667,
            0.23994435784528664,
            0.23833333333333334,
            0.23500000000000001,
            0.2316666666666667,
            0.22953667631213553,
            0.2316666666666667,
            0.235,
            0.23620105068292396,
            0.23833333333333334
        ],
        "f_mu_Earth": [
            0.5473362157256461,
            0.5467646379853981,
            0.5465286434038141,
            0.5464314348860031,
            0.5465230532184953,
            0.5478223897802547,
            0.5483333333333333,
            0.5516666666666667,
            0.5539382587491036,
            0.5548367864676111,
            0.555,
            0.5553952691009284,
            0.5555515690494661,
            0.5552216702067916,
            0.555,
            0.5549501387994478,
            0.5544781432234628,
            0.5534374435857609,
            0.5516666666666667,
            0.5499287517082108,
            0.5486733006737153,
            0.5483333333333333,
            0.5473362157256461
        ]
    },
    "0.95": {
        "f_e_Earth": [
            0.235,
            0.23833333333333334,
            0.2416666666666667,
            0.245,
            0.24833333333333335,
            0.2516666666666667,
            0.255,
            0.25718544426210876,
            0.25825695589904,
            0.255,
            0.2523635286550427,
            0.2516666666666667,
            0.24833333333333335,
            0.24499999999999997,
            0.2416666666666667,
            0.23833333333333334,
            0.23513573047491335,
            0.23500000000000001,
            0.2316666666666667,
            0.22841141960068123,
            0.2316666666666667,
            0.23389313773151238,
            0.235
        ],
        "f_mu_Earth": [
            0.547726811816728,
            0.5464493128654179,
            0.5460907362496777,
            0.545942442822761,
            0.5458813112362094,
            0.545937570441383,
            0.5467447714758462,
            0.5483333333333333,
            0.5516666666666667,
            0.5544607445902497,
            0.555,
            0.5554713580658144,
            0.5565050434003744,
            0.5566035106901451,
            0.5563981889375832,
            0.5561112016603296,
            0.555,
            0.5549823688945908,
            0.5543729307387707,
            0.5516666666666667,
            0.549010625263751,
            0.5483333333333333,
            0.547726811816728
        ]
    },
    "0.997": {
        "f_e_Earth": [
            0.22833333333333333,
            0.2316666666666667,
            0.23500000000000001,
            0.23833333333333334,
            0.2416666666666667,
            0.245,
            0.24833333333333335,
            0.2516666666666667,
            0.255,
            0.25833333333333336,
            0.2616666666666667,
            0.2627078011367479,
            0.263031912435152,
            0.2616666666666667,
            0.2593315004509135,
            0.25833333333333336,
            0.255,
            0.2516666666666667,
            0.24833333333333335,
            0.245,
            0.2416666666666667,
            0.23833333333333334,
            0.23500000000000001,
            0.2316666666666667,
            0.22833333333333333,
            0.22500000000000003,
            0.22313010029339664,
            0.2219220942368933,
            0.22500000000000003,
            0.22522774358155498,
            0.22833333333333333
        ],
        "f_mu_Earth": [
            0.5456931393012363,
            0.545206782957606,
            0.5450784769766802,
            0.5450291025271831,
            0.5450116076833563,
            0.5450037513799614,
            0.5450003903036247,
            0.5450000284283838,
            0.5450191657469413,
            0.5451763513735556,
            0.5472860056524051,
            0.5483333333333333,
            0.5516666666666667,
            0.5530651071609751,
            0.5550000000000002,
            0.5559562907769797,
            0.5580114068963706,
            0.5582381968348473,
            0.5582821409877866,
            0.558288000007191,
            0.5582821653452893,
            0.5582712712950841,
            0.5582316426320696,
            0.5581480413632236,
            0.5577836214593439,
            0.5566376256214277,
            0.555,
            0.5516666666666667,
            0.5485051424616287,
            0.5483333333333333,
            0.5456931393012363
        ]
    }
}