{
    "0.68": {
        "f_e_Earth": [
            0.20166666666666666,
            0.20422523934719436,
            0.20500000000000002,
            0.20833333333333337,
            0.21099055039549375,
            0.20833333333333337,
            0.20500000000000002,
            0.20166666666666666,
            0.19833333333333336,
            0.195,
            0.19166666666666665,
            0.18833333333333335,
            0.18583750345279265,
            0.18833333333333335,
            0.19166666666666668,
            0.195,
            0.19833333333333336,
            0.20105798691229446,
            0.20166666666666666
        ],
        "f_mu_Earth": [
            0.5482811065280622,
            0.5483333333333333,
            0.5483404626286718,
            0.5488121279091825,
            0.5516666666666667,
            0.5537323272963978,
            0.5543681263988006,
            0.5544540510821928,
            0.5544095673575198,
            0.5543394295443534,
            0.5541629095972029,
            0.5530728165792487,
            0.5516666666666667,
            0.5501911137450682,
            0.5488642478339623,
            0.5485347710758649,
            0.5484344713564314,
            0.5483333333333333,
            0.5482811065280622
        ]
    },
    "0.90": {
        "f_e_Earth": [
            0.1916666666666667,
            0.195,
            0.19833333333333336,
            0.20166666666666666,
            0.20500000000000002,
            0.20833333333333334,
            0.21050579165332683,
            0.21166666666666667,
            0.2128658908202825,
            0.21166666666666667,
            0.20833333333333337,
            0.20500000000000002,
            0.20478159985397504,
            0.20166666666666666,
            0.19833333333333336,
            0.195,
            0.19433871198005015,
            0.19166666666666668,
            0.18833333333333335,
            0.185,
            0.1829283134628209,
            0.185,
            0.18833333333333335,
            0.1896653634810717,
            0.1916666666666667
        ],
        "f_mu_Earth": [
            0.547329959035759,
            0.5468389955918493,
            0.5467126639165665,
            0.5465650954480963,
            0.546597970188316,
            0.547007936252721,
            0.5483333333333333,
            0.5498256614894677,
            0.5516666666666667,
            0.552763018123019,
            0.5546044136127815,
            0.5549964061266646,
            0.555,
            0.5552699886997896,
            0.55521173354439,
            0.5550591987918525,
            0.555,
            0.5549469576718911,
            0.5544733088476987,
            0.5533903344715355,
            0.5516666666666667,
            0.5499149402019862,
            0.5487214977106063,
            0.5483333333333333,
            0.547329959035759
        ]
    },
    "0.95": {
        "f_e_Earth": [
            0.18833333333333335,
            0.19166666666666668,
            0.195,
            0.19833333333333336,
            0.20166666666666666,
            0.20500000000000002,
            0.20833333333333337,
            0.21166666666666667,
            0.21203757963132402,
            0.2139991853241517,
            0.21166666666666667,
            0.20833333333333337,
            0.20775177617785232,
            0.20500000000000002,
            0.20166666666666666,
            0.19833333333333336,
            0.195,
            0.19166666666666668,
            0.18833990912193554,
            0.18833333333333335,
            0.185,
            0.18175523229943039,
            0.185,
            0.18722401101946473,
            0.18833333333333335
        ],
        "f_mu_Earth": [
            0.5477727991872566,
            0.5463806131907849,
            0.5460849808315039,
            0.5460081784054623,
            0.5459207894164834,
            0.5459403373350471,
            0.5461822536908714,
            0.5480368011673777,
            0.5483333333333333,
            0.5516666666666667,
            0.5537990955536202,
            0.5549318534995589,
            0.555,
            0.5563375552156734,
            0.5565125338131054,
            0.5564779434875834,
            0.5563867712431294,
            0.5561947364842657,
            0.555,
            0.5549991478858753,
            0.5543663519324529,
            0.5516666666666667,
            0.5489230346785147,
            0.5483333333333333,
            0.5477727991872566
        ]
    },
    "0.997": {
        "f_e_Earth": [
            0.19833333333333336,
            0.20166666666666666,
            0.20500000000000002,
            0.20833333333333337,
            0.20858474760213486,
            0.21166666666666667,
            0.21500000000000002,
            0.21810576008092863,
            0.2182211150469619,
            0.21500000000000002,
            0.21489996307018985,
            0.21166666666666667,
            0.20833333333333337,
            0.20500000000000002,
            0.20166666666666666,
            0.19833333333333336,
            0.195,
            0.19166666666666668,
            0.18833333333333335,
            0.185,
            0.1816666666666667,
            0.17833333333333334,
            0.17679625714759578,
            0.17536085607461988,
            0.17833333333333334,
            0.178498566638969,
            0.1816666666666667,
            0.185,
            0.18833333333333335,
            0.19166666666666668,
            0.195,
            0.19721409028453235,
            0.19833333333333336
        ],
        "f_mu_Earth": [
            0.5448275206814972,
            0.5447100777976506,
            0.5447546416966493,
            0.5448757183152692,
            0.545,
            0.5450478303141798,
            0.5454064867026236,
            0.5483333333333333,
            0.5516666666666667,
            0.5549493422769619,
            0.555,
            0.5578425598092727,
            0.5582197665982906,
            0.558284904756423,
            0.5582939977647821,
            0.5582933362205152,
            0.5582901407384047,
            0.5582841228308972,
            0.5582500485482447,
            0.5581640659309368,
            0.557905675977172,
            0.556382946256026,
            0.555,
            0.5516666666666667,
            0.5484749811530311,
            0.5483333333333333,
            0.5456527216932604,
            0.545161650609078,
            0.5450627053864096,
            0.5450195154065908,
            0.5450039334713778,
            0.545,
            0.5448275206814972
        ]
    }
}