{
    "0.68": {
        "f_e_Earth": [
            0.41166666666666674,
            0.4130274637138681,
            0.41166666666666674,
            0.409712507943033,
            0.4083333333333333,
            0.4067940815337061,
            0.4083333333333333,
            0.40862971300208745,
            0.41166666666666674
        ],
        "f_mu_Earth": [
            0.21305465889503422,
            0.21500000000000002,
            0.21650752840970952,
            0.21833333333333332,
            0.2196250705402911,
            0.21833333333333332,
            0.21534157668619217,
            0.21500000000000002,
            0.21305465889503422
        ]
    },
    "0.90": {
        "f_e_Earth": [
            0.41166666666666674,
            0.4143505074402891,
            0.4146589473501726,
            0.41166666666666674,
            0.4116469705135462,
            0.4083333333333333,
            0.405,
            0.40350776720302384,
            0.405,
            0.405606289640434,
            0.4083333333333333,
            0.40944422176167544,
            0.41166666666666674
        ],
        "f_mu_Earth": [
            0.20946841363282986,
            0.21166666666666667,
            0.21500000000000002,
            0.21831493087046833,
            0.21833333333333332,
            0.2214368913643007,
            0.22150008518878764,
            0.21833333333333332,
            0.21682388827335228,
            0.21500000000000002,
            0.2122684634985579,
            0.21166666666666667,
            0.20946841363282986
        ]
    },
    "0.95": {
        "f_e_Earth": [
            0.41166666666666674,
            0.41457116787335,
            0.4147132574554598,
            0.4120479513026079,
            0.41166666666666674,
            0.4083333333333333,
            0.40568961911833806,
            0.405,
            0.40453191642104847,
            0.4032138665038705,
            0.405,
            0.4055074654500069,
            0.4083333333333333,
            0.40926149644502874,
            0.41166666666666674
        ],
        "f_mu_Earth": [
            0.20928767732716247,
            0.21166666666666667,
            0.21500000000000002,
            0.21833333333333335,
            0.2187146551866666,
            0.2214972046751571,
            0.22166666666666668,
            0.22207007195705966,
            0.22166666666666668,
            0.21833333333333332,
            0.21652659755613918,
            0.21500000000000002,
            0.21216947649513002,
            0.21166666666666667,
            0.20928767732716247
        ]
    },
    "0.997": {
        "f_e_Earth": [
            0.41500000000000004,
            0.4174797127254574,
            0.4181300465006692,
            0.41500000000000004,
            0.4149937720491374,
            0.41488506838334416,
            0.41166666666666674,
            0.41139541885706293,
            0.4083333333333333,
            0.405,
            0.4016666666666667,
            0.3990592471135634,
            0.4016666666666667,
            0.4016958537000195,
            0.4045816395345784,
            0.4050000000000001,
            0.407366288217212,
            0.4083333333333334,
            0.41166666666666674,
            0.4122062872732305,
            0.41500000000000004
        ],
        "f_mu_Earth": [
            0.20585376285740137,
            0.20833333333333337,
            0.21166666666666667,
            0.21488542891936496,
            0.21500000000000002,
            0.21833333333333332,
            0.22155204919988045,
            0.22166666666666668,
            0.2247286079569081,
            0.2249129778362415,
            0.22462548256653248,
            0.22166666666666668,
            0.21875881475841827,
            0.21833333333333332,
            0.21500000000000005,
            0.21458170646487398,
            0.21166666666666667,
            0.21069967748341845,
            0.2083541646580394,
            0.20833333333333337,
            0.20585376285740137
        ]
    }
}