{
    "0.68": {
        "f_e_Earth": [
            0.3625,
            0.3644031428224441,
            0.3625,
            0.3602371643132208,
            0.3575,
            0.35577925654013737,
            0.35250000000000004,
            0.35131489580300523,
            0.34957422744618627,
            0.347690345279473,
            0.34795760239184015,
            0.34763860782810757,
            0.34750000000000003,
            0.3432683186903177,
            0.3425,
            0.3383136305934,
            0.3375,
            0.3340632224650219,
            0.3325,
            0.3308042042675792,
            0.3299888319892307,
            0.3277672599397625,
            0.32750000000000007,
            0.3269896862693846,
            0.32508035561819204,
            0.3251005798724041,
            0.3261751274238211,
            0.3275,
            0.32949758205549184,
            0.33063785892782194,
            0.3325,
            0.33428203178772753,
            0.33572129192101907,
            0.3375,
            0.33975278053031166,
            0.3416723646549672,
            0.3425,
            0.3450418138801505,
            0.34750000000000003,
            0.34956970033804435,
            0.35250000000000004,
            0.3541277291291666,
            0.35749999999999993,
            0.3591035243314561,
            0.3625
        ],
        "f_mu_Earth": [
            0.294942761938792,
            0.2975,
            0.299581575265754,
            0.3025,
            0.305432999527689,
            0.3075,
            0.31141496682092845,
            0.3125,
            0.3175,
            0.3225,
            0.3275,
            0.3325,
            0.3326530575897978,
            0.3375000000000001,
            0.33828980209446535,
            0.3425,
            0.3433079716480055,
            0.34750000000000003,
            0.3495408052062343,
            0.35250000000000004,
            0.35750000000000004,
            0.3625,
            0.3629001118946462,
            0.3625,
            0.3575,
            0.35250000000000004,
            0.34750000000000003,
            0.3451733192173868,
            0.3425,
            0.3375,
            0.33375734797103435,
            0.3325,
            0.3275,
            0.3249479663865138,
            0.3225,
            0.3175,
            0.31665674330241894,
            0.3125,
            0.3097093363952237,
            0.3075,
            0.3038218927583419,
            0.3025,
            0.29858880927622483,
            0.2975,
            0.294942761938792
        ]
    },
    "0.90": {
        "f_e_Earth": [
            0.37250000000000005,
            0.37463194739687744,
            0.3725,
            0.37129400107496247,
            0.3675,
            0.36707130201912264,
            0.3625,
            0.3624999165226645,
            0.3600536397294411,
            0.3575,
            0.3573994082236373,
            0.3575,
            0.3625,
            0.3625155037573028,
            0.3625,
            0.3611679817779857,
            0.3575,
            0.3565226210788981,
            0.35250000000000004,
            0.35153137336726326,
            0.34750000000000003,
            0.3470212485902969,
            0.3425,
            0.3421496639287308,
            0.3375,
            0.3371862688418736,
            0.3346380499903092,
            0.3325,
            0.33194645821476676,
            0.33096225912631017,
            0.3278357569288431,
            0.3275,
            0.3225,
            0.32069652543624994,
            0.3208430158971636,
            0.3225,
            0.3231771498900453,
            0.3234039051369732,
            0.3237773945506054,
            0.3254667249016525,
            0.3275,
            0.3285906516789017,
            0.32967064926115053,
            0.3325,
            0.33361965117703063,
            0.3361949348129177,
            0.3375,
            0.33895022342323367,
            0.3425,
            0.34334582904405214,
            0.34750000000000003,
            0.3477660169106311,
            0.35030728866544125,
            0.35250000000000004,
            0.3547272166821427,
            0.3575,
            0.3606286689448056,
            0.3625,
            0.3675,
            0.3692616165522562,
            0.37250000000000005
        ],
        "f_mu_Earth": [
            0.28541718408580347,
            0.2875,
            0.2900006948367163,
            0.2925,
            0.29688600321605535,
            0.2975,
            0.30249989233760005,
            0.3025,
            0.3075,
            0.31214459908978487,
            0.3125,
            0.31361475476756007,
            0.3174715473428515,
            0.3175,
            0.317535293847507,
            0.3225,
            0.326175958804391,
            0.3275,
            0.3308568383427853,
            0.3325,
            0.33695164100464636,
            0.3375,
            0.34214766984223477,
            0.3425,
            0.3471173246896593,
            0.34750000000000003,
            0.35250000000000004,
            0.35496158934314737,
            0.3575,
            0.36250000000000004,
            0.3675,
            0.36791928967566784,
            0.37011521175106055,
            0.36750000000000005,
            0.3625,
            0.3603699792275201,
            0.3575,
            0.35250000000000004,
            0.34750000000000003,
            0.3425,
            0.34046672490165253,
            0.3375,
            0.3325,
            0.32967064926115053,
            0.3275,
            0.3225,
            0.32119493481291767,
            0.3175,
            0.3138832225251862,
            0.3125,
            0.30778396422013315,
            0.3075,
            0.3025,
            0.3003072886654412,
            0.2975,
            0.29472721668214263,
            0.2925,
            0.2906286689448056,
            0.28823746577858833,
            0.2875,
            0.28541718408580347
        ]
    },
    "0.95": {
        "f_e_Earth": [
            0.3725,
            0.3755757754316903,
            0.37249999999999994,
            0.37182820210375006,
            0.3675140470397253,
            0.36749999999999994,
            0.36510574036520294,
            0.36301910335274173,
            0.3627300852376301,
            0.3653457684456758,
            0.3629995028839285,
            0.3625,
            0.3580017000504767,
            0.3575,
            0.35250000000000004,
            0.3521604565372829,
            0.3479200043486146,
            0.34750000000000003,
            0.3434753005139013,
            0.3425,
            0.33854392289288804,
            0.3375,
            0.3358981160638212,
            0.3325,
            0.33226281677766667,
            0.3314785810563793,
            0.3292515752315095,
            0.3275,
            0.3225,
            0.31972690061881015,
            0.3198289550853127,
            0.3225,
            0.32286958585090164,
            0.32312971715664895,
            0.3233899133674798,
            0.32456680711637953,
            0.3275,
            0.32825981654051906,
            0.3290122107673721,
            0.3325,
            0.3332800194144259,
            0.33507412393095265,
            0.3375,
            0.33851031682776184,
            0.3425,
            0.3430717525536326,
            0.34731677857639726,
            0.34750000000000003,
            0.3494557338087646,
            0.35250000000000004,
            0.3540516191898372,
            0.3575,
            0.359679627520003,
            0.3625,
            0.3675,
            0.36782796153340763,
            0.3725
        ],