{
    "0.68": {
        "f_e_Earth": [
            0.42833333333333334,
            0.43041863496084554,
            0.42833333333333334,
            0.4276043099848595,
            0.42500000000000004,
            0.42458417177646773,
            0.421759554461268,
            0.4216666666666667,
            0.41833333333333333,
            0.4161040131914615,
            0.41833333333333333,
            0.41918112255233153,
            0.4216666666666667,
            0.4225468359723754,
            0.42500000000000004,
            0.4263220051248644,
            0.42833333333333334
        ],
        "f_mu_Earth": [
            0.18977724727626577,
            0.19166666666666668,
            0.19390184204605662,
            0.195,
            0.19789163752892294,
            0.19833333333333336,
            0.20166666666666666,
            0.20175956943826343,
            0.20473624537210403,
            0.20166666666666666,
            0.1993370970150135,
            0.19833333333333336,
            0.1958360472816575,
            0.195,
            0.19257486647320982,
            0.19166666666666668,
            0.18977724727626577
        ]
    },
    "0.90": {
        "f_e_Earth": [
            0.43500000000000005,
            0.43508626724761224,
            0.435,
            0.4344160287839054,
            0.4316666666666667,
            0.43166304185519255,
            0.42932797794759175,
            0.42833333333333334,
            0.42690002474621996,
            0.42500000000000004,
            0.4240488887027216,
            0.42166666666666663,
            0.420514070403496,
            0.41833333333333333,
            0.41500000000000004,
            0.41257579749961304,
            0.41500000000000004,
            0.41521055589139777,
            0.41833333333333333,
            0.4183925648588481,
            0.4216666666666667,
            0.421712740681471,
            0.42500000000000004,
            0.4251217419800073,
            0.42833333333333334,
            0.4290286465846499,
            0.43166666666666675,
            0.43492235273962326,
            0.43500000000000005
        ],
        "f_mu_Earth": [
            0.18492681699507688,
            0.185,
            0.18513142658869175,
            0.18833333333333335,
            0.1916575716625183,
            0.19166666666666668,
            0.195,
            0.19599464562931979,
            0.19833333333333336,
            0.20023337872842398,
            0.20166666666666666,
            0.20404927280623808,
            0.20500000000000002,
            0.20718457965045095,
            0.20791707175867488,
            0.20500000000000002,
            0.20231564387632342,
            0.20166666666666666,
            0.1984034621493055,
            0.19833333333333336,
            0.1950437643696302,
            0.195,
            0.19175030177564711,
            0.19166666666666668,
            0.18864973340263347,
            0.18833333333333335,
            0.18589231994363783,
            0.185,
            0.18492681699507688
        ]
    },
    "0.95": {
        "f_e_Earth": [
            0.43500000000000005,
            0.4360611258271275,
            0.43500000000000005,
            0.4346868992618574,
            0.4324906372039625,
            0.4316666666666667,
            0.429918424610961,
            0.42833333333333334,
            0.42726189141830756,
            0.42500000000000004,
            0.4242890213453948,
            0.4216666666666667,
            0.42080523764378724,
            0.41833333333333333,
            0.41500000000000004,
            0.4123149380285121,
            0.41500000000000004,
            0.41511683944812133,
            0.4180415986637981,
            0.41833333333333333,
            0.42120710004871115,
            0.42166666666666675,
            0.4249632451880684,
            0.425,
            0.42833333333333334,
            0.4287687456585468,
            0.4316666666666667,
            0.43404490388099737,
            0.43500000000000005
        ],
        "f_mu_Earth": [
            0.18409981622481136,
            0.185,
            0.18661660597146873,
            0.18833333333333335,
            0.19166666666666668,
            0.19249063685027631,
            0.195,
            0.19658509289525566,
            0.19833333333333336,
            0.20059524933316464,
            0.20166666666666666,
            0.2042894441672973,
            0.20500000000000002,
            0.20747625994365143,
            0.2082309670689924,
            0.20500000000000002,
            0.20202679023536022,
            0.20166666666666666,
            0.19833333333333336,
            0.19804162443383772,
            0.195,
            0.194540511450091,
            0.19166666666666665,
            0.19162991374432306,
            0.18853146631815826,
            0.18833333333333335,
            0.18565182835491315,
            0.185,
            0.18409981622481136
        ]
    },
    "0.997": {
        "f_e_Earth": [
            0.43833333333333335,
            0.4399578760963465,
            0.4401806002785411,
            0.43833333333333335,
            0.4378145780499962,
            0.43500000000000005,
            0.43476193077502906,
            0.4316666666666667,
            0.4315008058768179,
            0.42833333333333334,
            0.4282316844210859,
            0.42500000000000004,
            0.4249325704052174,
            0.4216666666666667,
            0.42158555806026476,
            0.41833333333333333,
            0.41800357491785417,
            0.41500000000000004,
            0.41166666666666674,
            0.408676710886211,
            0.41029892013291774,
            0.41166666666666674,
            0.4122107642959673,
            0.41500000000000004,
            0.41528760692979705,
            0.41833333333333333,
            0.4186053223313418,
            0.42166666666666675,
            0.42197926094727317,
            0.42500000000000004,
            0.4257283414607914,
            0.42833333333333334,
            0.4316666666666667,
            0.4316933644079581,
            0.43500000000000005,
            0.43687390688777683,
            0.43833333333333335
        ],
        "f_mu_Earth": [
            0.1802630653036577,
            0.1816666666666667,
            0.185,
            0.1868472422596244,
            0.18833333333333335,
            0.19114790432164092,
            0.19166666666666668,
            0.1947619294463989,
            0.195,
            0.19816747577597493,
            0.19833333333333336,
            0.20156505287534796,
            0.20166666666666666,
            0.20493309699135903,
            0.20500000000000002,
            0.20825795532820368,
            0.20833333333333337,
            0.21131904833388282,
            0.21144888373587262,
            0.20833333333333337,
            0.20500000000000002,
            0.20363105110713914,
            0.20166666666666666,
            0.19887790997963795,
            0.19833333333333336,
            0.19528787597046438,
            0.195,
            0.1919391757049975,
            0.19166666666666668,
            0.18864608291203758,
            0.18833333333333335,
            0.18572835640768515,
            0.1850073173292727,
            0.185,
            0.18188347627930315,
            0.1816666666666667,
            0.1802630653036577
        ]
    }
}