{
    "0.68": {
        "f_e_Earth": [
            0.126,
            0.13,
            0.134,
            0.138,
            0.14200000000000002,
            0.14600000000000002,
            0.15,
            0.154,
            0.158,
            0.162,
            0.16600000000000004,
            0.17000000000000004,
            0.17185486872444272,
            0.17265394621598576,
            0.17,
            0.166,
            0.162,
            0.158,
            0.154,
            0.15,
            0.14600000000000002,
            0.14200000000000002,
            0.138,
            0.134,
            0.13,
            0.126,
            0.122,
            0.11948953211126948,
            0.122,
            0.12496897270627805,
            0.126
        ],
        "f_mu_Earth": [
            0.6779038578399814,
            0.6778461165344003,
            0.6774965015374151,
            0.6772691626217661,
            0.6770793033341806,
            0.6770576780288945,
            0.676869982469607,
            0.6770877224604102,
            0.6768822286769107,
            0.6771384534842078,
            0.6772601044708169,
            0.6776299141754555,
            0.678,
            0.682,
            0.6827015041806321,
            0.6830950301228238,
            0.6832706053312758,
            0.6834103698496617,
            0.6834919367454941,
            0.6834397486955179,
            0.6832329388508379,
            0.6834135463560495,
            0.6831955569308438,
            0.6829152904932234,
            0.6827670146034793,
            0.6825676575378716,
            0.6823060794743581,
            0.682,
            0.6798680930174141,
            0.678,
            0.6779038578399814
        ]
    },
    "0.90": {
        "f_e_Earth": [
            0.106,
            0.11000000000000001,
            0.114,
            0.118,
            0.122,
            0.126,
            0.13,
            0.134,
            0.138,
            0.14200000000000002,
            0.14600000000000002,
            0.15,
            0.154,
            0.158,
            0.162,
            0.166,
            0.17,
            0.174,
            0.178,
            0.18199999999999997,
            0.18293237613624255,
            0.182,
            0.18183625331548808,
            0.178,
            0.174,
            0.17,
            0.166,
            0.162,
            0.158,
            0.154,
            0.15,
            0.14600000000000002,
            0.14200000000000002,
            0.138,
            0.134,
            0.13,
            0.126,
            0.122,
            0.118,
            0.114,
            0.11,
            0.10600000000000001,
            0.10203058999849689,
            0.10442947691720365,
            0.106
        ],
        "f_mu_Earth": [
            0.6775153725759402,
            0.6768320309599736,
            0.676380435978886,
            0.675966254136949,
            0.6757565161028614,
            0.675589224242552,
            0.6755589202860394,
            0.6754073400590126,
            0.675306191161962,
            0.6752311959077083,
            0.6752181051195885,
            0.675138468540839,
            0.6752273744801849,
            0.675135615774955,
            0.6752485344053742,
            0.6752971681216418,
            0.6754582118404061,
            0.6758415179478031,
            0.6763688234113638,
            0.6775646567525477,
            0.6779999999999999,
            0.681279916010871,
            0.682,
            0.6835617715495488,
            0.6841903712407494,
            0.6847044046481287,
            0.6848668487024281,
            0.684958112635537,
            0.6850163659607859,
            0.685041500262582,
            0.6850346916381819,
            0.6849516955592145,
            0.6850205051629915,
            0.6849251118127498,
            0.6848081989757295,
            0.6847497747486281,
            0.6846625899864389,
            0.6845483953233661,
            0.6843271244227931,
            0.6841083624589315,
            0.6837047567034156,
            0.6829646029743279,
            0.682,
            0.678,
            0.6775153725759402
        ]
    },
    "0.95": {
        "f_e_Earth": [
            0.09399999999999999,
            0.098,
            0.10200000000000001,
            0.10600000000000001,
            0.11,
            0.114,
            0.118,
            0.122,
            0.126,
            0.13,
            0.134,
            0.138,
            0.14200000000000002,
            0.14600000000000002,
            0.15,
            0.154,
            0.158,
            0.162,
            0.166,
            0.17,
            0.174,
            0.178,
            0.182,
            0.186,
            0.19,
            0.1915549322690947,
            0.19017362958353884,
            0.19,
            0.186,
            0.182,
            0.178,
            0.174,
            0.17,
            0.166,
            0.162,
            0.158,
            0.154,
            0.15,
            0.14600000000000002,
            0.14200000000000002,
            0.138,
            0.134,
            0.13,
            0.126,
            0.122,
            0.118,
            0.114,
            0.11,
            0.10600000000000001,
            0.10200000000000001,
            0.098,
            0.094,
            0.09066750717549417,
            0.09214110720605667,
            0.09399999999999999
        ],
        "f_mu_Earth": [
            0.6769573955983432,
            0.6755108883533266,
            0.6749185831686008,
            0.6746100828802548,
            0.674450870958489,
            0.67434902701658,
            0.6742671458509432,
            0.6742280032584681,
            0.6742008598533278,
            0.6741870133777849,
            0.6741542184404662,
            0.6741287608875193,
            0.6741226634206552,
            0.6741146918098108,
            0.6740998712091417,
            0.6741114998596062,
            0.6740879617715186,
            0.6741149224373799,
            0.6741197589072697,
            0.674155580534386,
            0.6742290263834091,
            0.6743329827761475,
            0.674566446682638,
            0.6751709322411035,
            0.6768823336757123,
            0.678,
            0.682,
            0.6821307390247131,
            0.6844892588795675,
            0.6852988373006627,
            0.68565295705368,
            0.6857880043638119,
            0.6859057851548841,
            0.6859296215848492,
            0.6859703138972806,
            0.685979675148207,
            0.6859709600303636,
            0.6859913709099674,
            0.6859826408502103,
            0.6859843917949777,
            0.6859625340682265,
            0.6859436040489517,
            0.6859390746797078,
            0.685919173150466,
            0.6858933820537121,
            0.6858459947142317,
            0.6857995336724441,
            0.6857204124311425,
            0.6855657548643683,
            0.6853785620478049,
            0.6848622354491161,
            0.6838163793950134,
            0.6820000000000002,
            0.678,
            0.6769573955983432
        ]
    },