{
    "0.68": {
        "f_e_Earth": [
            0.274,
            0.278,
            0.28200000000000003,
            0.28600000000000003,
            0.29000000000000004,
            0.29399999999999993,
            0.298,
            0.30200000000000005,
            0.30335955613682697,
            0.306,
            0.31,
            0.314,
            0.318,
            0.322,
            0.32600000000000007,
            0.33,
            0.33259538560255253,
            0.33,
            0.326,
            0.322,
            0.318,
            0.314,
            0.31,
            0.306,
            0.302,
            0.298,
            0.294,
            0.29000000000000004,
            0.28600000000000003,
            0.28200000000000003,
            0.278,
            0.274,
            0.27,
            0.266,
            0.262,
            0.258,
            0.2579987935836869,
            0.258,
            0.262,
            0.266,
            0.27,
            0.2739812263966098,
            0.274
        ],
        "f_mu_Earth": [
            0.29399769995203173,
            0.2936201338330663,
            0.2936057730189204,
            0.2936389241031945,
            0.2937051623072781,
            0.293712583888221,
            0.29379185103221245,
            0.29385940499521,
            0.294,
            0.2942291759342213,
            0.2943830237171116,
            0.29461957416049867,
            0.29488619128677107,
            0.29542929101476845,
            0.2961360538612563,
            0.29698260824746014,
            0.298,
            0.29859734735771426,
            0.29916396739444684,
            0.29959269386822773,
            0.2998970214905403,
            0.3001633602035239,
            0.30025738497095145,
            0.3003909910949514,
            0.30052350168886166,
            0.3006041618380446,
            0.3006603500887838,
            0.30064459885142736,
            0.3007245036836907,
            0.30077437340650015,
            0.3006807395733243,
            0.30057528117202675,
            0.30038033084515675,
            0.3000163829424529,
            0.29935913095139116,
            0.29800050363342667,
            0.298,
            0.2979992822643303,
            0.29601507708549835,
            0.29485256386718045,
            0.29439407843567905,
            0.294,
            0.29399769995203173
        ]
    },
    "0.90": {
        "f_e_Earth": [
            0.258,
            0.262,
            0.266,
            0.27,
            0.274,
            0.278,
            0.28200000000000003,
            0.28600000000000003,
            0.29000000000000004,
            0.294,
            0.298,
            0.302,
            0.306,
            0.31,
            0.314,
            0.318,
            0.322,
            0.326,
            0.33,
            0.334,
            0.338,
            0.3385618617435013,
            0.342,
            0.34516103890222216,
            0.342,
            0.338,
            0.334,
            0.33,
            0.326,
            0.322,
            0.318,
            0.314,
            0.31,
            0.306,
            0.302,
            0.298,
            0.294,
            0.29000000000000004,
            0.28600000000000003,
            0.28200000000000003,
            0.278,
            0.274,
            0.27,
            0.266,
            0.262,
            0.258,
            0.254,
            0.25,
            0.24944306242516495,
            0.25,
            0.254,
            0.25601097245368304,
            0.258
        ],
        "f_mu_Earth": [
            0.2931449840769724,
            0.29212306065678006,
            0.29151741530933767,
            0.2913386126530261,
            0.2911711627016317,
            0.2910546619379558,
            0.29105122687347607,
            0.29105839735076955,
            0.2910793562633394,
            0.29107948121947863,
            0.2911037268011526,
            0.2911258044520727,
            0.2912589506562848,
            0.29131749018194764,
            0.29142164527884556,
            0.2914918466621325,
            0.29171488150615865,
            0.29200171091184374,
            0.2922035768016196,
            0.29277890509004323,
            0.2938455805788055,
            0.294,
            0.2952813142585466,
            0.298,
            0.29949950183023083,
            0.3003522472343926,
            0.3009615279415946,
            0.30127185374451215,
            0.3014642536740949,
            0.301603283769496,
            0.30170196633371454,
            0.3017622218634039,
            0.30179912062541375,
            0.3018457668881857,
            0.3018841328046229,
            0.301898384169769,
            0.3019385770699915,
            0.301924152022031,
            0.3019492485987271,
            0.30196347886239966,
            0.30194755522212763,
            0.3019055027241681,
            0.3018878134272379,
            0.30176530305176247,
            0.3015703107350648,
            0.30117737183655563,
            0.3003941365525421,
            0.2983858171484644,
            0.298,
            0.2975017637577651,
            0.2947962415048453,
            0.294,
            0.2931449840769724
        ]
    },
    "0.95": {
        "f_e_Earth": [
            0.25399999999999995,
            0.258,
            0.262,
            0.266,
            0.27,
            0.274,
            0.278,
            0.28200000000000003,
            0.28600000000000003,
            0.29000000000000004,
            0.294,
            0.298,
            0.302,
            0.306,
            0.31,
            0.314,
            0.318,
            0.322,
            0.326,
            0.33,
            0.334,
            0.338,
            0.342,
            0.3424093708997601,
            0.34600000000000003,
            0.3472913330100073,
            0.34600000000000003,
            0.342,
            0.338,
            0.3340000000000001,
            0.33,
            0.326,
            0.322,
            0.318,
            0.314,
            0.31,
            0.3080773970409492,
            0.306,
            0.30199999999999994,
            0.29799999999999993,
            0.294,
            0.29000000000000004,
            0.28600000000000003,
            0.28200000000000003,
            0.278,
            0.274,
            0.27,
            0.26704184705263206,
            0.266,
            0.262,
            0.258,
            0.254,
            0.25,
            0.2477817516306055,
            0.25,
            0.2539829360735455,
            0.25399999999999995
        ],