{
    "0.68": {
        "f_e_Earth": [
            0.13,
            0.134,
            0.138,
            0.14200000000000002,
            0.14600000000000002,
            0.15,
            0.154,
            0.158,
            0.162,
            0.16599999999999998,
            0.16916612756073826,
            0.16947504375090736,
            0.166,
            0.16200000000000003,
            0.158,
            0.154,
            0.15,
            0.14600000000000002,
            0.14200000000000002,
            0.138,
            0.134,
            0.13,
            0.126,
            0.12413898501286225,
            0.126,
            0.1283713552293866,
            0.13
        ],
        "f_mu_Earth": [
            0.6778906071878773,
            0.6774088281613687,
            0.6772268629587959,
            0.6770998659210552,
            0.6771537435776906,
            0.6769503967874443,
            0.6771858749491257,
            0.676952187720953,
            0.6772139530772431,
            0.6772958074291733,
            0.678,
            0.6819999999999999,
            0.6829965008040046,
            0.6832061247531459,
            0.6833472996292946,
            0.6834299140169641,
            0.6833715288454967,
            0.6831377939002131,
            0.6833850756654679,
            0.6832409791207457,
            0.682954886728771,
            0.6827836083929022,
            0.6823659195205279,
            0.682,
            0.6791779075809833,
            0.678,
            0.6778906071878773
        ]
    },
    "0.90": {
        "f_e_Earth": [
            0.11399999999999999,
            0.118,
            0.122,
            0.126,
            0.13,
            0.134,
            0.138,
            0.14200000000000002,
            0.14600000000000002,
            0.15,
            0.154,
            0.158,
            0.162,
            0.166,
            0.17,
            0.174,
            0.178,
            0.17818137068311196,
            0.17800000000000002,
            0.17726449930636085,
            0.174,
            0.17,
            0.166,
            0.16200000000000003,
            0.158,
            0.154,
            0.15,
            0.14600000000000002,
            0.14200000000000002,
            0.138,
            0.134,
            0.13,
            0.126,
            0.122,
            0.118,
            0.114,
            0.11,
            0.10854076922589379,
            0.11000000000000001,
            0.11121092142602212,
            0.11399999999999999
        ],
        "f_mu_Earth": [
            0.6773291110054354,
            0.6765118045499969,
            0.6757730621301442,
            0.6752984624989847,
            0.6751977547938812,
            0.67503259233377,
            0.6749647385081802,
            0.6749303486923782,
            0.6749446469678142,
            0.6748774114680987,
            0.6749519085872318,
            0.6748686695345685,
            0.6749608018332163,
            0.6749823690464807,
            0.6752900688412622,
            0.6761814344766488,
            0.677899462232177,
            0.678,
            0.6786234864990244,
            0.682,
            0.6835417245688951,
            0.6847158623582089,
            0.6851179657739843,
            0.6852182273804422,
            0.6852611630204722,
            0.6852772293841709,
            0.6852758196160906,
            0.6852083039958117,
            0.6852762898866379,
            0.6852257475381092,
            0.6851361510231606,
            0.6850873769878121,
            0.6849480553135876,
            0.6846573125359013,
            0.6839497463981203,
            0.6833875824447667,
            0.6825582388450911,
            0.6820000000000002,
            0.6794192469472989,
            0.678,
            0.6773291110054354
        ]
    },
    "0.95": {
        "f_e_Earth": [
            0.10200000000000001,
            0.10600000000000001,
            0.11,
            0.11400000000000002,
            0.118,
            0.122,
            0.126,
            0.13,
            0.134,
            0.138,
            0.14200000000000002,
            0.14600000000000002,
            0.15,
            0.154,
            0.158,
            0.162,
            0.166,
            0.17,
            0.174,
            0.178,
            0.182,
            0.18514411601141093,
            0.1839168225828593,
            0.182,
            0.178,
            0.174,
            0.17,
            0.166,
            0.162,
            0.158,
            0.154,
            0.15106016752389187,
            0.14999999999999997,
            0.14600000000000002,
            0.14200000000000004,
            0.14171694240551022,
            0.138,
            0.134,
            0.13,
            0.126,
            0.122,
            0.118,
            0.11399999999999999,
            0.11,
            0.10600000000000001,
            0.10200000000000001,
            0.09854146351798936,
            0.09995302006401069,
            0.10200000000000001
        ],
        "f_mu_Earth": [
            0.6769206358198363,
            0.6755244197499672,
            0.674939895484765,
            0.6746699895093202,
            0.6744811091357021,
            0.6743128763086464,
            0.6741981650274842,
            0.6741658667704701,
            0.6741220302484634,
            0.6740979033510581,
            0.6740990001751526,
            0.6740981318229914,
            0.6740830535120113,
            0.6740958634736259,
            0.6740702754347349,
            0.6740974051654937,
            0.6740958706385758,
            0.6741611308533937,
            0.6743648180039893,
            0.6747718224140918,
            0.6758630294070802,
            0.6780000000000002,
            0.682,
            0.6833607871513754,
            0.6850046779284742,
            0.6855370758185527,
            0.6858360549074562,
            0.6859309008979032,
            0.6859892553831692,
            0.6859945462226874,
            0.6859851117052124,
            0.686,
            0.6860928982935559,
            0.6860268979012095,
            0.6860171241964859,
            0.686,
            0.6859863012036902,
            0.6859720009591963,
            0.6859701699797706,
            0.6859375172705892,
            0.6858737065718318,
            0.685698601462666,
            0.6855523407450952,
            0.6853608566166364,
            0.6848584895946302,
            0.6839385894434609,
            0.682,
            0.678,
            0.6769206358198363
        ]
    },