{
    "0.68": {
        "f_e_Earth": [
            0.366,
            0.37,
            0.37000072046231863,
            0.37256015870904746,
            0.37,
            0.366,
            0.362,
            0.35837449312527164,
            0.362,
            0.3638396992414985,
            0.366
        ],
        "f_mu_Earth": [
            0.2931512857797799,
            0.2939994728439179,
            0.294,
            0.298,
            0.30029994252498865,
            0.3012108491676617,
            0.3008966365612082,
            0.298,
            0.2944977911247746,
            0.294,
            0.2931512857797799
        ]
    },
    "0.90": {
        "f_e_Earth": [
            0.362,
            0.366,
            0.37,
            0.3735114948844907,
            0.374,
            0.3741440774869394,
            0.374,
            0.37,
            0.3667832824429763,
            0.366,
            0.362,
            0.36151043295481494,
            0.358,
            0.35529896826398555,
            0.358,
            0.3592543805560162,
            0.362
        ],
        "f_mu_Earth": [
            0.2918802731523372,
            0.2911253421104533,
            0.29143066939434076,
            0.29400000000000004,
            0.297488875784756,
            0.298,
            0.2981434505963843,
            0.3016203537793256,
            0.302,
            0.3024305227990648,
            0.30228174867824714,
            0.302,
            0.30080637866854987,
            0.298,
            0.29513618084780313,
            0.294,
            0.2918802731523372
        ]
    },
    "0.95": {
        "f_e_Earth": [
            0.362,
            0.366,
            0.37,
            0.374,
            0.3752676142384414,
            0.3760393790845059,
            0.374,
            0.37,
            0.3697833594981167,
            0.366,
            0.362,
            0.35852254467293154,
            0.358,
            0.3543211600975666,
            0.358,
            0.35810978669718174,
            0.362
        ],
        "f_mu_Earth": [
            0.29099660140476213,
            0.29058207087718557,
            0.29074182644218793,
            0.2928063402644143,
            0.294,
            0.298,
            0.3000305056129212,
            0.30197443146738034,
            0.302,
            0.3040794829956974,
            0.3040012957401875,
            0.302,
            0.3018223237770739,
            0.298,
            0.2940994415467325,
            0.294,
            0.29099660140476213
        ]
    },
    "0.997": {
        "f_e_Earth": [
            0.366,
            0.37,
            0.3705626806014584,
            0.374,
            0.378,
            0.3794588637988218,
            0.3794999036491844,
            0.378,
            0.37533197948556996,
            0.374,
            0.37,
            0.366,
            0.362,
            0.358,
            0.354,
            0.3514960848642339,
            0.35,
            0.3484642950339287,
            0.35,
            0.3515218518915728,
            0.354,
            0.358,
            0.362,
            0.36506908590530207,
            0.366
        ],
        "f_mu_Earth": [
            0.28948021461462914,
            0.2896806062420188,
            0.29000000000000004,
            0.2901155300235568,
            0.2925422648019588,
            0.294,
            0.29799999999999993,
            0.2995185314770834,
            0.302,
            0.3032709988669413,
            0.3056878306791748,
            0.3058678449283268,
            0.305866211893542,
            0.30566861479193164,
            0.3041242768672458,
            0.302,
            0.29968203903773005,
            0.298,
            0.2963556772969,
            0.294,
            0.2918646935241824,
            0.2902973700532178,
            0.2900382247759444,
            0.29000000000000004,
            0.28948021461462914
        ]
    }
}