{
    "0.68": {
        "f_e_Earth": [
            0.354,
            0.3557224002928125,
            0.354,
            0.35197034242318725,
            0.354
        ],
        "f_mu_Earth": [
            0.30221934164677994,
            0.30600000000000005,
            0.30778859969406674,
            0.306,
            0.30221934164677994
        ]
    },
    "0.90": {
        "f_e_Earth": [
            0.354,
            0.35783769351748806,
            0.3577226530770424,
            0.354,
            0.3531485707605745,
            0.35,
            0.34742556007736564,
            0.34785675117691545,
            0.35,
            0.35050863110316166,
            0.354
        ],
        "f_mu_Earth": [
            0.29851530122437203,
            0.302,
            0.306,
            0.30986573097003034,
            0.31,
            0.313791027199111,
            0.31,
            0.306,
            0.30383027555041053,
            0.30200000000000005,
            0.29851530122437203
        ]
    },
    "0.95": {
        "f_e_Earth": [
            0.354,
            0.358,
            0.3581303289360105,
            0.358,
            0.35780966816201376,
            0.354,
            0.3537215598061685,
            0.35094202749180553,
            0.35,
            0.3481074125234189,
            0.3469570535750883,
            0.34728849513823334,
            0.35,
            0.35034876275622845,
            0.354
        ],
        "f_mu_Earth": [
            0.29835573829954787,
            0.3018675943517385,
            0.302,
            0.3021349435258068,
            0.306,
            0.309956090426545,
            0.31,
            0.314,
            0.31497997237009007,
            0.314,
            0.31,
            0.306,
            0.30325499982531723,
            0.302,
            0.29835573829954787
        ]
    },
    "0.997": {
        "f_e_Earth": [
            0.354,
            0.358,
            0.3618452313487588,
            0.358,
            0.3579990830932619,
            0.3577964209235417,
            0.354,
            0.3538836603860259,
            0.3509625296653325,
            0.35,
            0.34600000000000003,
            0.34243075173299065,
            0.34224324221520125,
            0.3436142645928082,
            0.34600000000000003,
            0.34605151216529706,
            0.35,
            0.35000076043050493,
            0.354
        ],
        "f_mu_Earth": [
            0.2980084008184062,
            0.29809349723067935,
            0.302,
            0.305981380433448,
            0.306,
            0.31,
            0.31380620493384515,
            0.314,
            0.318,
            0.3189608574614748,
            0.3214510540036966,
            0.318,
            0.314,
            0.31,
            0.30761384449251455,
            0.306,
            0.3020027363591262,
            0.302,
            0.2980084008184062
        ]
    }
}