{
    "0.68": {
        "f_e_Earth": [
            0.354,
            0.3560254408589577,
            0.3545432099667487,
            0.354,
            0.35229111803314733,
            0.35,
            0.34948552818417755,
            0.34722260062770877,
            0.34600000000000003,
            0.3449937443374566,
            0.342,
            0.341846850894993,
            0.3402946780598887,
            0.338,
            0.33742054261552784,
            0.3349750277614521,
            0.334,
            0.3326805009165482,
            0.33,
            0.3265086980673996,
            0.32599999999999996,
            0.3259222542744084,
            0.326,
            0.32726171957741024,
            0.32757794477384367,
            0.33,
            0.33073160016220493,
            0.3314258605302438,
            0.334,
            0.3347746622872974,
            0.3360410958076862,
            0.338,
            0.3390861460549166,
            0.3415774697058557,
            0.34199999999999997,
            0.34396012630056805,
            0.34600000000000003,
            0.34741557483801633,
            0.35,
            0.3511022937287748,
            0.354
        ],
        "f_mu_Earth": [
            0.29911466069085973,
            0.302,
            0.306,
            0.30670776303416797,
            0.31,
            0.31298009797933024,
            0.314,
            0.31800000000000006,
            0.31947898668964103,
            0.322,
            0.32574703855521014,
            0.326,
            0.33,
            0.3327029296924897,
            0.334,
            0.338,
            0.33913805891058346,
            0.342,
            0.34564126246004756,
            0.34600000000000003,
            0.3463650693497794,
            0.34600000000000003,
            0.3458791493202307,
            0.342,
            0.338,
            0.3351365234374256,
            0.334,
            0.33,
            0.3271107638844091,
            0.32599999999999996,
            0.322,
            0.3197840358912396,
            0.318,
            0.314,
            0.31351662090619375,
            0.31,
            0.3073816552242103,
            0.306,
            0.302592959359272,
            0.302,
            0.29911466069085973
        ]
    },
    "0.90": {
        "f_e_Earth": [
            0.362,
            0.3627182079784319,
            0.364370435173311,
            0.36318115439872417,
            0.362,
            0.3611258223715007,
            0.35826009317317886,
            0.358,
            0.3562446812197253,
            0.354,
            0.3533654686780652,
            0.35007559837528507,
            0.35,
            0.34814863930224865,
            0.34600000000000003,
            0.3455410457600269,
            0.3428960262685812,
            0.342,
            0.3407142638084871,
            0.338,
            0.33774931214564446,
            0.33522428513168245,
            0.334,
            0.333152260242261,
            0.33,
            0.32960679269295956,
            0.3273729327602295,
            0.32599999999999996,
            0.32388257558708233,
            0.32283632841388593,
            0.3229057066738768,
            0.32464901378700717,
            0.326,
            0.32636098223751264,
            0.32847206601625506,
            0.33,
            0.3303317821823808,
            0.3331236454594829,
            0.334,
            0.3344754244623409,
            0.338,
            0.3380078580566005,
            0.33884813876905184,
            0.342,
            0.34221974378543807,
            0.34382200898551146,
            0.34600000000000003,
            0.346898315999406,
            0.35,
            0.3503441592621386,
            0.35368494633641584,
            0.354,
            0.358,
            0.36086016172836144,
            0.362
        ],
        "f_mu_Earth": [
            0.2895713570668378,
            0.29000000000000004,
            0.294,
            0.298,
            0.29956733539092184,
            0.302,
            0.30599999999999994,
            0.306306809595354,
            0.31,
            0.31276290328516426,
            0.314,
            0.318,
            0.31809185503874077,
            0.322,
            0.32478823366205223,
            0.326,
            0.33,
            0.33112082644717283,
            0.334,
            0.33726614432888374,
            0.338,
            0.342,
            0.3433768119462846,
            0.34600000000000003,
            0.34964146719211114,
            0.35,
            0.354,
            0.35564495271757324,
            0.354,
            0.35,
            0.34600000000000003,
            0.342,
            0.3405280054495968,
            0.338,
            0.334,
            0.33236308193242303,
            0.33,
            0.32599999999999996,
            0.3250431981508705,
            0.322,
            0.31801290715456465,
            0.318,
            0.314,
            0.31039423765175417,
            0.31,
            0.306,
            0.3035154586198625,
            0.302,
            0.29834296226358975,
            0.298,
            0.294,
            0.29364599789946105,
            0.29042522273039945,
            0.29000000000000004,
            0.2895713570668378
        ]
    },
    "0.95": {
        "f_e_Earth": [
            0.362,
            0.36600000000000005,
            0.36632152360246467,
            0.36835262900498766,
            0.36685305869954865,
            0.366,
            0.3654848343323369,
            0.36293158339348464,
            0.362,
            0.36073270784528927,
            0.358,
            0.3576309604851291,
            0.3551186453898172,
            0.354,
            0.3526441046744997,
            0.35,
            0.34962703787128113,
            0.34737684051696177,
            0.3460000000000001,
            0.3450035535214213,
            0.342,
            0.3418915304868747,
            0.33967119289117953,
            0.3380000000000001,
            0.3370623751293896,
            0.33399999999999996,
            0.33382028406092384,
            0.33160603203776073,
            0.32999999999999996,
            0.32900817091013485,
            0.326,
            0.322,
            0.321146689306811,
            0.322,
            0.3220939776239414,
            0.32237951979785734,
            0.3232846068272614,
            0.326,
            0.32614870323514855,
            0.32720329975725243,
            0.33,
            0.33014093829585267,
            0.3315224771907587,
            0.334,
            0.33420231897117103,
            0.33599087408251005,
            0.338,
            0.3383720520933412,
            0.3410997834898737,
            0.342,
            0.3428261956513229,
            0.34600000000000003,
            0.34622494696603084,
            0.348444873531639,
            0.35,
            0.3515771126682753,
            0.354,
            0.355707332568464,
            0.358,
            0.3614501925936632,
            0.362
        ],