{
    "0.68": {
        "f_e_Earth": [
            0.3725,
            0.3775,
            0.37872114918807376,
            0.37750000000000006,
            0.3744301421753523,
            0.3725,
            0.3702977897922868,
            0.3675,
            0.3655652857109015,
            0.3625,
            0.3614132075756143,
            0.3575,
            0.3574865729850698,
            0.35441232876028284,
            0.35250000000000004,
            0.35189680285393016,
            0.35035337644515985,
            0.3484354268432052,
            0.34750000000000003,
            0.34640789076053624,
            0.3443077443625563,
            0.3425,
            0.34193032266151285,
            0.34025897046091824,
            0.33915996411050153,
            0.33783659018412204,
            0.3375,
            0.3362747220983345,
            0.33590305498607886,
            0.33593770127886136,
            0.33632803924166915,
            0.3370104144670177,
            0.3325,
            0.32964051209622836,
            0.3275,
            0.3251351490448896,
            0.32388935396178914,
            0.32250688549074674,
            0.3225,
            0.32091784615252744,
            0.3210571490628198,
            0.3225,
            0.32307214750245283,
            0.32345126225625775,
            0.32360787473696495,
            0.32482610447532356,
            0.3275,
            0.32834209493431993,
            0.3290913647801067,
            0.3325,
            0.3333528590537548,
            0.3351618345882901,
            0.3375,
            0.3386596960034346,
            0.3425,
            0.343409554339247,
            0.34750000000000003,
            0.3477928536544853,
            0.35217044058031854,
            0.35250000000000004,
            0.3575,
            0.35751698147783,
            0.3625,
            0.3638551448097836,
            0.3675,
            0.3707676317402247,
            0.3725
        ],
        "f_mu_Earth": [
            0.2860034402455892,
            0.2861639902447312,
            0.2875,
            0.28897150474680633,
            0.2925,
            0.29468514484728386,
            0.2975,
            0.30037014642484594,
            0.3025,
            0.30605851804801937,
            0.3075,
            0.3124646694372359,
            0.3125,
            0.3175,
            0.3202033869571361,
            0.3225,
            0.3275,
            0.3325,
            0.3346346706875635,
            0.3375,
            0.3425,
            0.3461938370537223,
            0.34750000000000003,
            0.35250000000000004,
            0.35749999999999993,
            0.3625,
            0.3633051004404072,
            0.3675,
            0.37249999999999994,
            0.3775,
            0.3825,
            0.3875,
            0.3922606539706005,
            0.3875,
            0.3857924940248155,
            0.38250000000000006,
            0.3775,
            0.3725,
            0.37247164067919286,
            0.3675,
            0.3625,
            0.3603452598054653,
            0.3575,
            0.35250000000000004,
            0.34750000000000003,
            0.3425,
            0.3398261044753236,
            0.3375,
            0.3325,
            0.3290913647801067,
            0.3275,
            0.3225,
            0.32016183458829,
            0.3175,
            0.3135662425343493,
            0.3125,
            0.3077366587098592,
            0.3075,
            0.3025,
            0.3021704405803185,
            0.2975118408867492,
            0.2975,
            0.29349964352394387,
            0.2925,
            0.28966459869085953,
            0.2875,
            0.2860034402455892
        ]
    },
    "0.90": {
        "f_e_Earth": [
            0.3975,
            0.4025,
            0.40511035653405736,
            0.40501917876677296,
            0.4041507038574763,
            0.40249999999999997,
            0.3975,
            0.3967990049625754,
            0.39384520577598187,
            0.39250000000000007,
            0.3891140403745085,
            0.3875,
            0.38324283521023117,
            0.3825,
            0.3775,
            0.37650390901710057,
            0.3725,
            0.37129311037518187,
            0.3675,
            0.36574154695958805,
            0.3625,
            0.3602562765125575,
            0.3575,
            0.3556529324879815,
            0.35250000000000004,
            0.35246807288897364,
            0.35128285021785305,
            0.350992139715663,
            0.35131850161707345,
            0.3517527292230795,
            0.35213090080490994,
            0.351958626092642,
            0.351513189978871,
            0.3491093340004937,
            0.3485020423620244,
            0.34790469958371045,
            0.34750000000000003,
            0.34747178731986755,
            0.3471231330097331,
            0.34573289606266977,
            0.3425,
            0.3375,
            0.3349918452868155,
            0.3325,
            0.32956545844491114,
            0.3275,
            0.3261977041789887,
            0.32352947734240656,
            0.3225841505412975,
            0.3225,
            0.3195124435856637,
            0.31887201207274185,
            0.31892793187315416,
            0.3218220517381824,
            0.3225,
            0.32288186133655083,
            0.32294472964737675,
            0.32343375865389457,
            0.3275,
            0.32783803874274076,
            0.3281388150879255,
            0.3325,
            0.332842359739403,
            0.33356852942695364,
            0.3375,
            0.337965532047499,
            0.3425,
            0.3428029902679753,
            0.3450106380889551,
            0.34750000000000003,
            0.34937483595669805,
            0.35250000000000004,
            0.3545177117625895,
            0.3575,
            0.3607613507474296,
            0.3625,
            0.3675,
            0.3682906831991817,
            0.3725,
            0.3749903260444967,
            0.37749999999999995,
            0.3825,
            0.3848184488671028,
            0.3875,
            0.3925,
            0.3964610517979079,
            0.3975
        ],