{
    "0.68": {
        "f_e_Earth": [
            0.1775,
            0.1825,
            0.1875,
            0.1925,
            0.1975,
            0.2025,
            0.20750000000000002,
            0.21110183860498133,
            0.2125,
            0.21612098774357485,
            0.21686842089906536,
            0.21641150129577058,
            0.21528840665978774,
            0.21291837681945838,
            0.2125,
            0.21083959079787779,
            0.20801846736520727,
            0.20750000000000002,
            0.20574701443105317,
            0.2025,
            0.20218308027359824,
            0.1975,
            0.19696770983065295,
            0.1925,
            0.18910428812364236,
            0.1875,
            0.1825,
            0.1775,
            0.1731569895996031,
            0.17250000000000001,
            0.17129581906264535,
            0.1675,
            0.16250000000000003,
            0.16044730843779414,
            0.1575,
            0.1525,
            0.14927962345796034,
            0.1475,
            0.14578152650815027,
            0.14318064978279954,
            0.14250000000000002,
            0.141782974550766,
            0.14091736547116024,
            0.14154392530606857,
            0.14250000000000002,
            0.14344554385583175,
            0.1448990292226465,
            0.1475,
            0.14753882862692316,
            0.15150691681615275,
            0.1525,
            0.15691656712699667,
            0.1575,
            0.1625,
            0.16485076193652248,
            0.1675,
            0.1725,
            0.17709755949674605,
            0.1775
        ],
        "f_mu_Earth": [
            0.5223784078868989,
            0.5204036024675204,
            0.5192025824082968,
            0.5189443404424408,
            0.519908751126025,
            0.5203483766064342,
            0.5215913294704757,
            0.5225,
            0.5234876374109494,
            0.5275000000000001,
            0.5325,
            0.5375000000000001,
            0.5425,
            0.5475000000000001,
            0.5487558815837243,
            0.5525,
            0.5575000000000001,
            0.5584381447039426,
            0.5625,
            0.5672535378226138,
            0.5675000000000001,
            0.5720897298362508,
            0.5725,
            0.5752838191961817,
            0.5775,
            0.578399635417027,
            0.5802706521376496,
            0.580261576303648,
            0.5825,
            0.5827282066677749,
            0.5825,
            0.5815549290874042,
            0.5816598728733804,
            0.5825,
            0.5836123346350597,
            0.5842871534070859,
            0.5825,
            0.5802348006123752,
            0.5775000000000001,
            0.5725,
            0.5703203001003206,
            0.5675000000000001,
            0.5625,
            0.5575000000000001,
            0.5550593459792748,
            0.5525,
            0.5475000000000001,
            0.5425750521383019,
            0.5425,
            0.5375000000000001,
            0.5365774792359875,
            0.5325,
            0.5320990322889121,
            0.5288595551566467,
            0.5275000000000001,
            0.5261573125061734,
            0.5236623979080728,
            0.5225,
            0.5223784078868989
        ]
    },
    "0.90": {
        "f_e_Earth": [
            0.1775,
            0.1825,
            0.1875,
            0.1925,
            0.1975,
            0.2025,
            0.20750000000000002,
            0.2125,
            0.2175,
            0.2191104968527402,
            0.2225,
            0.22515065328876882,
            0.22652625647693136,
            0.226032501028334,
            0.22505693878103816,
            0.22397790350991803,
            0.22250960941963036,
            0.2225,
            0.22078940288415846,
            0.21882202465267306,
            0.2175,
            0.21731393152569348,
            0.21468277054665574,
            0.2125,
            0.21227904073973608,
            0.20888389373653274,
            0.20750000000000002,
            0.20579562915349847,
            0.2025,
            0.2000815922996071,
            0.1975,
            0.1925,
            0.19025484496358763,
            0.18750000000000003,
            0.1825,
            0.1775,
            0.17250000000000001,
            0.17069344853189808,
            0.1675,
            0.1625,
            0.1575,
            0.1573121170928898,
            0.1525,
            0.1475,
            0.14250000000000002,
            0.14102774640802718,
            0.1375,
            0.13641692341769426,
            0.13340112417731498,
            0.1325,
            0.13154814393574085,
            0.12994093004296506,
            0.12945905672461033,
            0.12974723417512468,
            0.13118616401203717,
            0.1325,
            0.13275707128478428,
            0.1343355487053209,
            0.1372959940789434,
            0.1375,
            0.1408331669627919,
            0.14250000000000002,
            0.14574119134535896,
            0.1475,
            0.15224118410425588,
            0.1525,
            0.1575,
            0.16174715712645252,
            0.1625,
            0.1675,
            0.1725,
            0.1764551399782037,
            0.1775
        ],
        "f_mu_Earth": [
            0.5172724153393147,
            0.516281823106836,
            0.5156461836247488,
            0.5153058101981174,
            0.5158842481430136,
            0.5159549937164386,
            0.5162793630956765,
            0.5165278270684496,
            0.5170889620738061,
            0.5175000000000001,
            0.5194320378860549,
            0.5225,
            0.5275000000000001,
            0.5325,
            0.5375000000000001,
            0.5425,
            0.5475000000000001,
            0.5475288832956587,
            0.5525,
            0.5575000000000001,
            0.5620095520869275,
            0.5625,
            0.5675000000000001,
            0.5721883451882395,
            0.5725,
            0.5775,
            0.5799972766592495,
            0.5825,
            0.5859732379102737,
            0.5874999999999999,
            0.5891552694327628,
            0.5917741690567214,
            0.5925,
            0.5932745950096188,
            0.5938378020240974,
            0.5934315727568326,
            0.5927155884624917,
            0.5925,
            0.5920634272893102,
            0.5921503529775828,
            0.59242947281388,
            0.5925,
            0.5941552080985252,
            0.5954925107562745,
            0.5934673131775774,
            0.5925,
            0.5888389214442677,
            0.5874999999999999,
            0.5825,
            0.5799399329302164,
            0.5775,
            0.5725,
            0.5675000000000001,
            0.5625,
            0.5575000000000001,
            0.5536119255571531,
            0.5525,
            0.5475000000000001,
            0.5425,
            0.5422308286310537,
            0.5375000000000001,
            0.5354552038737096,
            0.5325,
            0.5312778632558857,
            0.5275000000000001,
            0.5273662218024813,
            0.5246441359549323,
            0.5225,
            0.5222136341658972,
            0.5202206394370226,
            0.5184226700989273,
            0.5175000000000001,
            0.5172724153393147
        ]
    },