{
    "0.68": {
        "f_e_Earth": [
            0.2425,
            0.2475,
            0.2525,
            0.2575,
            0.2625,
            0.2675,
            0.2725,
            0.2775,
            0.28250000000000003,
            0.2841243386480444,
            0.284731614553945,
            0.2840598867272339,
            0.28276448477303323,
            0.2825,
            0.28060753021542617,
            0.2780468238339808,
            0.2775,
            0.27543439324788965,
            0.27253841608601675,
            0.2725,
            0.269488980099719,
            0.2675,
            0.2655750074937444,
            0.2625,
            0.2611467102620571,
            0.2575,
            0.25418743329117727,
            0.2525,
            0.24794624166627505,
            0.2475,
            0.24413053090746645,
            0.24250000000000002,
            0.2375,
            0.23250000000000004,
            0.2275,
            0.2225,
            0.2216360646575562,
            0.2175,
            0.2125,
            0.20943731160930631,
            0.20859466267275295,
            0.2097056560834577,
            0.21162262545585703,
            0.2125,
            0.2140259806295271,
            0.21697231515212884,
            0.2175,
            0.2200214304370367,
            0.22249999999999998,
            0.22357529166662737,
            0.22750000000000004,
            0.2277119858851198,
            0.23244685678674976,
            0.2325,
            0.2375,
            0.23899898655129154,
            0.2425
        ],
        "f_mu_Earth": [
            0.5200138287697479,
            0.5183229420949886,
            0.5179388853047623,
            0.5203777394661837,
            0.5208572498467302,
            0.5200918775067886,
            0.5185163071516017,
            0.5175601286362488,
            0.5197114961683263,
            0.5225,
            0.5275000000000001,
            0.5325,
            0.5375000000000001,
            0.5382221985165392,
            0.5425,
            0.5475000000000001,
            0.5486691088180428,
            0.5525,
            0.5575000000000001,
            0.557572876526813,
            0.5625,
            0.5652812611144704,
            0.5675000000000001,
            0.5712587733467039,
            0.5725,
            0.5760459544526779,
            0.5775,
            0.5783812946934302,
            0.5775000000000001,
            0.5773595877515599,
            0.5725,
            0.5697079035740109,
            0.5679829879914926,
            0.5688898454282173,
            0.5700607145016698,
            0.5720582545641911,
            0.5725,
            0.574548598978782,
            0.575378136149074,
            0.5725,
            0.5675000000000001,
            0.5625,
            0.5575000000000001,
            0.5555750967834439,
            0.5525,
            0.5475000000000001,
            0.5466668386576587,
            0.5425,
            0.5390061591187709,
            0.5375000000000001,
            0.532769652272427,
            0.5325,
            0.5275000000000001,
            0.5274422934753459,
            0.5236019830088636,
            0.5225,
            0.5200138287697479
        ]
    },
    "0.90": {
        "f_e_Earth": [
            0.2375,
            0.2425,
            0.2475,
            0.2525,
            0.2575,
            0.2625,
            0.2675,
            0.2725,
            0.2775,
            0.28250000000000003,
            0.2875,
            0.28917958586497594,
            0.29024053661792604,
            0.2900840167077568,
            0.2890909971186826,
            0.2875,
            0.28727785189624294,
            0.28569390154155583,
            0.2834597407779138,
            0.28250000000000003,
            0.2809265895268017,
            0.2782822556547346,
            0.2775,
            0.2754827972891267,
            0.2725,
            0.2720430992702228,
            0.26870851987380073,
            0.2675,
            0.2646721023396417,
            0.2625,
            0.26045601639073734,
            0.2575,
            0.25493628596832374,
            0.25250000000000006,
            0.2475,
            0.24250000000000002,
            0.23914916691665156,
            0.2375,
            0.2325,
            0.2275,
            0.22250000000000003,
            0.21749999999999997,
            0.2125,
            0.21061101483780165,
            0.20750000000000002,
            0.2025,
            0.1975,
            0.1954758014410654,
            0.19544854802903466,
            0.19681506636464632,
            0.1975,
            0.19811435716166617,
            0.19959790095572733,
            0.20158580169637313,
            0.2025,
            0.20438499258497073,
            0.20748505857747862,
            0.20750000000000002,
            0.21017390684207526,
            0.21249999999999997,
            0.2134776500705055,
            0.2170499271206466,
            0.2175,
            0.22094510846044274,
            0.22250000000000003,
            0.22530189022692879,
            0.22749999999999998,
            0.23003688548847417,
            0.23250000000000004,
            0.23648733892163734,
            0.2375
        ],
        "f_mu_Earth": [
            0.5168214100524209,
            0.5141725248998169,
            0.5126133309652275,
            0.5126717350467705,
            0.5142142500118957,
            0.5148400518793967,
            0.514902881580926,
            0.5143361887776984,
            0.5136123183888773,
            0.513071428037545,
            0.5153972236032858,
            0.5175000000000001,
            0.5225,
            0.5275000000000001,
            0.5325,
            0.5367370208981262,
            0.5375000000000001,
            0.5425,
            0.5475000000000001,
            0.5492981696332048,
            0.5525,
            0.5575000000000001,
            0.558805553074669,
            0.5625,
            0.5668846502593788,
            0.5675000000000001,
            0.5725,
            0.5741244421590811,
            0.5775,
            0.5802074923290653,
            0.5825,
            0.5856875612133914,
            0.5874999999999999,
            0.589766727604228,
            0.5916821230271343,
            0.5894576878068476,
            0.5874999999999999,
            0.5864399973480415,
            0.5860088678184655,
            0.5852014290940323,
            0.5849744949762505,
            0.5858080213167716,
            0.5869487936104807,
            0.5874999999999999,
            0.5884834821100147,
            0.5908501879166743,
            0.5908996477660615,
            0.5874999999999999,
            0.5825,
            0.5775,
            0.575216494919656,
            0.5725,
            0.5675000000000001,
            0.5625,
            0.5608579332194092,
            0.5575000000000001,
            0.5525,
            0.552476849915827,
            0.5475000000000001,
            0.5440310287008984,
            0.5425,
            0.5375000000000001,
            0.5369165358133219,
            0.5325,
            0.5307013720158804,
            0.5275000000000001,
            0.5252765981688705,
            0.5225,
            0.5203932652720219,
            0.5175000000000001,
            0.5168214100524209
        ]
    },