{
    "0.68": {
        "f_e_Earth": [
            0.3875,
            0.391672946803774,
            0.38749999999999996,
            0.3865246006499089,
            0.3825,
            0.38097684494181133,
            0.3775,
            0.37594804910292795,
            0.3725,
            0.3716208830139438,
            0.3675612322349408,
            0.3675,
            0.36663918073807344,
            0.3675,
            0.3725,
            0.37258841753150973,
            0.37250000000000005,
            0.3675,
            0.3673746144740999,
            0.3625,
            0.3615377089147172,
            0.3575,
            0.3556399305417153,
            0.35250000000000004,
            0.34935390991266935,
            0.34750000000000003,
            0.3458232186389984,
            0.34497782406386984,
            0.3454948702510411,
            0.34567457801468415,
            0.34678401634699624,
            0.34750000000000003,
            0.3493599159159566,
            0.35250000000000004,
            0.3529193136803614,
            0.35508452616000785,
            0.35750000000000004,
            0.3607651113321071,
            0.3625,
            0.3675,
            0.36813486658385175,
            0.3725,
            0.37483280727836443,
            0.3775,
            0.3825,
            0.38448434928627706,
            0.3875
        ],
        "f_mu_Earth": [
            0.27556753791424093,
            0.2775,
            0.28110461571725226,
            0.28250000000000003,
            0.2864930374216002,
            0.2875,
            0.29124468257808317,
            0.2925,
            0.2967005098079864,
            0.2975,
            0.30249999999999994,
            0.3028882462646246,
            0.3075,
            0.3080614367644443,
            0.311678459961426,
            0.31250000000000006,
            0.31256604733454285,
            0.31725779407127874,
            0.3175,
            0.32132024927662484,
            0.3225,
            0.32564769213441513,
            0.3275,
            0.32997023948298626,
            0.3325,
            0.3339890071495766,
            0.3325,
            0.3275,
            0.3225,
            0.3175,
            0.3125,
            0.31172269450964485,
            0.3075,
            0.3032492047386246,
            0.3025,
            0.2975,
            0.2950845261600078,
            0.2925,
            0.2907651113321071,
            0.2880008836706708,
            0.2875,
            0.2839359004303448,
            0.28250000000000003,
            0.279938506702322,
            0.278958839482169,
            0.2775,
            0.27556753791424093
        ]
    },
    "0.90": {
        "f_e_Earth": [
            0.39249999999999996,
            0.3975,
            0.4016456885177269,
            0.3975,
            0.39647884049047,
            0.3925,
            0.392063118745531,
            0.3886854059574538,
            0.3875,
            0.38715500918583823,
            0.3875,
            0.38971257522616864,
            0.3910273956680296,
            0.3875,
            0.3862417668072898,
            0.3825,
            0.3800389009611599,
            0.3775,
            0.37310460469253937,
            0.3725,
            0.3675,
            0.3663814150462346,
            0.3625,
            0.35971775366716024,
            0.3575,
            0.35250000000000004,
            0.3524833861409804,
            0.34750000000000003,
            0.3429927426954429,
            0.34285184832474414,
            0.3432114514156191,
            0.3437821894337636,
            0.3443467887970865,
            0.34750000000000003,
            0.3481944801167143,
            0.3504533240764393,
            0.35250000000000004,
            0.353614158670619,
            0.3575,
            0.3589075508917242,
            0.3625,
            0.36572510726974555,
            0.3675,
            0.3725,
            0.3733882655678776,
            0.3775,
            0.38118034387163396,
            0.3825,
            0.3875,
            0.3907740499859168,
            0.39249999999999996
        ],
        "f_mu_Earth": [
            0.2707752834851023,
            0.2698683890278777,
            0.2725,
            0.276483584553232,
            0.2775,
            0.28217247209241697,
            0.28250000000000003,
            0.2875,
            0.2914719126200923,
            0.2925,
            0.2939643721766605,
            0.2975,
            0.3025,
            0.305816906224894,
            0.3075,
            0.3103482513378356,
            0.3125,
            0.31437130384039935,
            0.3175,
            0.31797459210845125,
            0.32158254824458393,
            0.3225,
            0.32546432378586526,
            0.3275,
            0.32936564943331764,
            0.33248664085152796,
            0.3325,
            0.3365025124965951,
            0.3325,
            0.3275,
            0.3225,
            0.3175,
            0.3125,
            0.3090767257813902,
            0.3075,
            0.3025,
            0.30045332407643927,
            0.2975,
            0.293614158670619,
            0.2925,
            0.2889075508917242,
            0.2875,
            0.28572510726974554,
            0.2830467493705996,
            0.28250000000000003,
            0.2785512114088048,
            0.2775,
            0.276180343871634,
            0.27382155814962716,
            0.27249999999999996,
            0.2707752834851023
        ]
    },
    "0.95": {
        "f_e_Earth": [
            0.40249999999999997,
            0.40750000000000003,
            0.40784851333736144,
            0.40750000000000003,
            0.4029744600345907,
            0.4025,
            0.3976275990621661,
            0.3975000000000001,
            0.3947029786022914,
            0.3925,
            0.39217895942774045,
            0.3918284565934144,
            0.39249999999999996,
            0.3975,
            0.3978747152959761,
            0.3975,
            0.39412816891741015,
            0.3925,
            0.388476904673004,
            0.38749999999999996,
            0.3825,
            0.3817535798987061,
            0.3775,
            0.37488008521835753,
            0.3725,
            0.3675,
            0.36744193389318136,
            0.3625,
            0.3608247363352526,
            0.3575,
            0.3539587849316267,
            0.35250000000000004,
            0.34750000000000003,
            0.3425,
            0.34220191890719037,
            0.3421337605207981,
            0.3425,
            0.3427344905099815,
            0.3433869069926397,
            0.3438377003016179,
            0.34750000000000003,
            0.34795104369338004,
            0.349639206450711,
            0.35250000000000004,
            0.35330702806519537,
            0.3575,
            0.358519543358381,
            0.3625,
            0.36483606949224234,
            0.3675,
            0.3725,
            0.3730865294554409,
            0.3775,
            0.3801658149079684,
            0.3825,
            0.38749999999999996,
            0.3898705348368924,
            0.3925,
            0.3975,
            0.4012594094448365,
            0.40249999999999997
        ],