{
    "0.68": {
        "f_e_Earth": [
            0.1875,
            0.1925,
            0.1975,
            0.2025,
            0.20750000000000002,
            0.2125,
            0.21750000000000003,
            0.2225,
            0.22440120446842748,
            0.22749999999999998,
            0.23013664733503736,
            0.23249999999999998,
            0.2331922383035746,
            0.23377920620846537,
            0.23363898707915476,
            0.2325,
            0.23227504683369413,
            0.23097522490039668,
            0.22807666623848014,
            0.22749999999999998,
            0.2241644450822798,
            0.2225,
            0.2214508081216014,
            0.2175,
            0.21585215280198167,
            0.2125,
            0.2106297721107529,
            0.20750000000000002,
            0.20387111522946155,
            0.2025,
            0.1978997742886559,
            0.1975,
            0.1925,
            0.1875,
            0.18623654715239144,
            0.1825,
            0.1775,
            0.17250000000000001,
            0.16750000000000004,
            0.1625,
            0.16148571873213385,
            0.1575,
            0.15537615893691642,
            0.15301246172181138,
            0.1525,
            0.14927794391856028,
            0.14823770051239654,
            0.1477177791262066,
            0.1492870543187083,
            0.15057636622858284,
            0.15195685769773914,
            0.1525,
            0.15416047274712322,
            0.1573057216475418,
            0.1575,
            0.16133702422965743,
            0.1625,
            0.16629194942629594,
            0.1675,
            0.17249278387298364,
            0.17250000000000001,
            0.1775,
            0.1825,
            0.18432175496468808,
            0.1875
        ],
        "f_mu_Earth": [
            0.5166937108997134,
            0.5154455726093476,
            0.5146996863537774,
            0.5140681124211591,
            0.5141857177508905,
            0.5147072205030914,
            0.51560241403241,
            0.516897300183205,
            0.5175000000000001,
            0.520314715118014,
            0.5225,
            0.5260671728469454,
            0.5275000000000001,
            0.5325,
            0.5375000000000001,
            0.5418575661827121,
            0.5425,
            0.5475000000000001,
            0.5525,
            0.5532724745507999,
            0.5575000000000001,
            0.5605018929891029,
            0.5625,
            0.5660723273435657,
            0.5675000000000001,
            0.5710592889174492,
            0.5725,
            0.5742138137180406,
            0.5775,
            0.5794472669791546,
            0.5825,
            0.5826712895024782,
            0.5845828238386033,
            0.5870529752323042,
            0.5874999999999999,
            0.5886797024695132,
            0.5896967402362735,
            0.5906085352960144,
            0.5895584052580283,
            0.587835201818696,
            0.5874999999999999,
            0.584828185392497,
            0.5825,
            0.5775,
            0.5768673592018344,
            0.5725,
            0.5675000000000001,
            0.5625,
            0.5575000000000001,
            0.5525,
            0.5475000000000001,
            0.5461968457418127,
            0.5425,
            0.5375,
            0.5372524040010376,
            0.5325,
            0.5313225296636048,
            0.5275000000000001,
            0.5266088682731529,
            0.5225,
            0.5224958291112121,
            0.5206555543978866,
            0.5181960508722324,
            0.5175000000000001,
            0.5166937108997134
        ]
    },
    "0.90": {
        "f_e_Earth": [
            0.1925,
            0.1975,
            0.2025,
            0.20750000000000002,
            0.21249999999999997,
            0.21750000000000003,
            0.2225,
            0.2275,
            0.22787811687750817,
            0.2325,
            0.2375,
            0.24032540096221428,
            0.2425,
            0.2452880264535054,
            0.2475,
            0.2476837825434095,
            0.24883522062557512,
            0.24825669751910312,
            0.2475,
            0.24729141126814996,
            0.24571080458684103,
            0.24308547151412366,
            0.24250000000000002,
            0.2401752686655361,
            0.2375,
            0.23738891788701438,
            0.23366199005810123,
            0.23249999999999998,
            0.2300336618612496,
            0.2275,
            0.2245889998876939,
            0.22249999999999998,
            0.2201598860702172,
            0.21750000000000003,
            0.21313394086787982,
            0.2125,
            0.20750000000000002,
            0.20591739959439348,
            0.2025,
            0.1975,
            0.19550651583782921,
            0.1925,
            0.1875,
            0.1825,
            0.1775,
            0.17250000000000001,
            0.16749999999999998,
            0.16249999999999998,
            0.1575,
            0.1525,
            0.148042360142164,
            0.1475,
            0.14250000000000002,
            0.14007326344997706,
            0.1375,
            0.13648987098587026,
            0.13501228251159564,
            0.1343439464943872,
            0.13349800888984603,
            0.13362420386031146,
            0.13438616150555283,
            0.13595552830617208,
            0.13745841690298746,
            0.13749999999999998,
            0.1394875995370801,
            0.14196374970373787,
            0.14250000000000002,
            0.14535551127715546,
            0.1475,
            0.14915957287704124,
            0.1525,
            0.1536579825763795,
            0.1575,
            0.16057596413871078,
            0.1625,
            0.1675,
            0.16979409925291497,
            0.17250000000000001,
            0.1775,
            0.1825,
            0.1875,
            0.1900466380878555,
            0.1925
        ],