{
    "0.68": {
        "f_e_Earth": [
            0.32750000000000007,
            0.32817796706972285,
            0.3285766140197196,
            0.3290120150917751,
            0.32752957195016585,
            0.3275,
            0.32555824089709856,
            0.3255833285704052,
            0.3264233859802804,
            0.326858189712038,
            0.32750000000000007
        ],
        "f_mu_Earth": [
            0.34683572170620997,
            0.34750000000000003,
            0.35250000000000004,
            0.35749999999999993,
            0.3625,
            0.3625296314796042,
            0.3625,
            0.35750000000000004,
            0.35250000000000004,
            0.34750000000000003,
            0.34683572170620997
        ]
    },
    "0.90": {
        "f_e_Earth": [
            0.3425,
            0.34750000000000003,
            0.3498805753301125,
            0.34750000000000003,
            0.34635853364151675,
            0.3425,
            0.34081888742138267,
            0.3375,
            0.3358715642047575,
            0.3325,
            0.3309404479024997,
            0.3309308622502467,
            0.33110499863700016,
            0.3305121032382161,
            0.3275,
            0.3225,
            0.3195186395600974,
            0.3225,
            0.3229302057374606,
            0.3240691377497533,
            0.3242430352333717,
            0.3275,
            0.3290317128262492,
            0.3325,
            0.3329769914097877,
            0.3374407522564778,
            0.3375,
            0.3417128139222059,
            0.3425
        ],
        "f_mu_Earth": [
            0.3267128139222059,
            0.32458324438326214,
            0.3275,
            0.3301604137758929,
            0.3325,
            0.33632100850649127,
            0.3375,
            0.34062486910390255,
            0.3425,
            0.3460354063862027,
            0.34750000000000003,
            0.35250000000000004,
            0.3575,
            0.3625,
            0.3655181667143519,
            0.36569113815991633,
            0.3625,
            0.3582071339044574,
            0.3575,
            0.35250000000000004,
            0.34750000000000003,
            0.34412901789097144,
            0.3425,
            0.3378912096378927,
            0.3375,
            0.3325,
            0.33244075225647773,
            0.3275,
            0.3267128139222059
        ]
    },
    "0.95": {
        "f_e_Earth": [
            0.3425,
            0.34750000000000003,
            0.3504703250928435,
            0.34750000000000003,
            0.3466800914758297,
            0.3425,
            0.34127293455100804,
            0.3375,
            0.3362428251739227,
            0.3325,
            0.3313549912525754,
            0.3312841454067533,
            0.33141907589690234,
            0.3309596677958356,
            0.3275,
            0.3225,
            0.3190641534222472,
            0.3225,
            0.3225320728656298,
            0.3237158545932467,
            0.3238505999680519,
            0.3275,
            0.32864980117359466,
            0.33218788019618545,
            0.3325,
            0.33632836773003316,
            0.3375,
            0.3407643209040206,
            0.3425
        ],
        "f_mu_Earth": [
            0.32576432090402063,
            0.323860664462704,
            0.3275,
            0.33081948907305003,
            0.3325,
            0.3366394391162489,
            0.3375,
            0.34105237316382964,
            0.3425,
            0.3464247088943627,
            0.34750000000000003,
            0.35250000000000004,
            0.3575,
            0.3625,
            0.3659666322361149,
            0.36617760334481503,
            0.3625,
            0.35755271852215126,
            0.3575,
            0.35250000000000004,
            0.34750000000000003,
            0.3437228445507193,
            0.3425,
            0.3375,
            0.33718788019618545,
            0.3325,
            0.33132836773003316,
            0.3275,
            0.32576432090402063
        ]
    },
    "0.997": {
        "f_e_Earth": [
            0.34750000000000003,
            0.35107712075474695,
            0.3522384354735875,
            0.35001331570109245,
            0.34750000000000003,
            0.34449952711337456,
            0.3425,
            0.3375,
            0.33735589111312103,
            0.33423639245320824,
            0.3325,
            0.33234331262620054,
            0.33236070113981425,
            0.332301497145144,
            0.3275,
            0.3244956071144872,
            0.3225,
            0.32056632340046254,
            0.31770157269899924,
            0.3181597947950888,
            0.3225,
            0.3226566873737995,
            0.3226740520315695,
            0.3275,
            0.32750480375221586,
            0.32810412786258053,
            0.3325,
            0.33299336235507876,
            0.3375,
            0.3379206735513693,
            0.3425,
            0.3439228792452531,
            0.34750000000000003
        ],
        "f_mu_Earth": [
            0.3189228792452531,
            0.3225,
            0.3275,
            0.3325,
            0.33501331570109244,
            0.3375,
            0.3394995271133745,
            0.34233405976030584,
            0.3425,
            0.34750000000000003,
            0.3492363924532082,
            0.35250000000000004,
            0.3575,
            0.3625,
            0.3673111627379385,
            0.3675,
            0.3694336765995374,
            0.36749999999999994,
            0.3625,
            0.3575,
            0.35315979479508885,
            0.35250000000000004,
            0.34750000000000003,
            0.3425051089200073,
            0.3425,
            0.3375,
            0.33310412786258053,
            0.3325,
            0.3279933623550788,
            0.3275,
            0.3229206735513693,
            0.3225,
            0.3189228792452531
        ]
    }
}