{
    "0.68": {
        "f_e_Earth": [
            0.41250000000000003,
            0.41339139235660505,
            0.4132313009952687,
            0.4125,
            0.40984281874599204,
            0.4076016357142119,
            0.40750000000000003,
            0.404016936823677,
            0.4025000000000001,
            0.3994317109447992,
            0.3975000000000001,
            0.3925,
            0.3875,
            0.38588475628238517,
            0.3825,
            0.380905385189068,
            0.3775,
            0.3757061316479847,
            0.3725,
            0.3708412832462134,
            0.3675,
            0.3663415289257537,
            0.3625,
            0.36212468776602913,
            0.3602936059496684,
            0.3575,
            0.35645041156797336,
            0.3555825584875931,
            0.35250000000000004,
            0.3494076750931533,
            0.3485602111002103,
            0.34880119376133084,
            0.35250000000000004,
            0.35313430046578514,
            0.3537384424704607,
            0.3571728290619083,
            0.3575,
            0.3598858019127157,
            0.3625,
            0.36509514073867533,
            0.3675,
            0.37081324382349606,
            0.37249999999999994,
            0.37681244688606336,
            0.3775,
            0.3825,
            0.3875,
            0.39237422239633146,
            0.3925,
            0.3975,
            0.3976412432285441,
            0.4025,
            0.4026957593398763,
            0.4065587301958208,
            0.40750000000000003,
            0.4117166255484557,
            0.41250000000000003
        ],
        "f_mu_Earth": [
            0.20676816659394223,
            0.20750000000000002,
            0.2125,
            0.21367417652192255,
            0.2175,
            0.2225,
            0.22262737047533185,
            0.22749999999999998,
            0.22954919900640566,
            0.23250000000000004,
            0.23485732128806103,
            0.23583053939752474,
            0.23549156209563504,
            0.2375,
            0.24000630323359515,
            0.2425,
            0.24504773706866298,
            0.2475,
            0.25009993310272804,
            0.2525,
            0.25547854240620876,
            0.2575,
            0.2614545107773528,
            0.2625,
            0.2675,
            0.2703088784694981,
            0.2725,
            0.2775,
            0.2811485116982896,
            0.2775,
            0.2725,
            0.2675,
            0.2635082722315506,
            0.2625,
            0.2575,
            0.2525,
            0.252172672995496,
            0.2475,
            0.2444646765997013,
            0.2425,
            0.23980757198425173,
            0.2375,
            0.23567855957319306,
            0.23249999999999998,
            0.23187795791613489,
            0.23006011864393963,
            0.22926963251329738,
            0.2275,
            0.2274633850414602,
            0.2227599374185787,
            0.2225,
            0.21772194395526412,
            0.2175,
            0.21250000000000002,
            0.21169114317146315,
            0.20750000000000002,
            0.20676816659394223
        ]
    },
    "0.90": {
        "f_e_Earth": [
            0.4225,
            0.4231017941788386,
            0.4225,
            0.4205535797698361,
            0.4185457788103869,
            0.4175,
            0.41557695125058003,
            0.41250000000000003,
            0.41245857177842,
            0.40993807483727174,
            0.40750000000000003,
            0.4061099639423049,
            0.4025,
            0.4023717144481542,
            0.3984271885091185,
            0.3975,
            0.3925646004299623,
            0.3925,
            0.3875,
            0.3825,
            0.38044066620522515,
            0.3775,
            0.37362019183204476,
            0.37249999999999994,
            0.3675,
            0.3674835734005814,
            0.3629193433725315,
            0.3625,
            0.3612890092978299,
            0.35750000000000004,
            0.35692983523406496,
            0.35644728715154567,
            0.35250000000000004,
            0.3485402067236261,
            0.3480820766057497,
            0.34821438079441713,
            0.35250000000000004,
            0.3527359032823607,
            0.3531799291098528,
            0.3550654744409528,
            0.35749999999999993,
            0.3588093026566987,
            0.3625,
            0.36344412940605936,
            0.36750000000000005,
            0.36815923336949163,
            0.3725,
            0.37292415646661414,
            0.37749999999999995,
            0.37880375062556637,
            0.3825,
            0.3852529973161605,
            0.3875,
            0.3919320328223578,
            0.3925,
            0.3975,
            0.3991427198562435,
            0.40249999999999997,
            0.40584534229251945,
            0.4075000000000001,
            0.41159350892033325,
            0.41250000000000003,
            0.4175,
            0.41823364605403934,
            0.4225
        ],
        "f_mu_Earth": [
            0.19537306459817644,
            0.1975,
            0.19854883174143198,
            0.2025,
            0.20750000000000002,
            0.20886864523910548,
            0.2125,
            0.21744035142972015,
            0.2175,
            0.22250000000000003,
            0.22555540973786503,
            0.2275,
            0.2323766266388075,
            0.2325,
            0.2375,
            0.23848471419019526,
            0.24249999999999997,
            0.24255855256362244,
            0.24345183305464985,
            0.24584833926648902,
            0.2475,
            0.24940553326936604,
            0.2525,
            0.25341678959402214,
            0.2574713366394094,
            0.2575,
            0.2625,
            0.26291702021126884,
            0.2675,
            0.2713097236436176,
            0.2725,
            0.2775,
            0.2821720032748405,
            0.2775,
            0.2725,
            0.2675,
            0.262874987473234,
            0.2625,
            0.2575,
            0.2525,
            0.25006431312854605,
            0.2475,
            0.24321476237243358,
            0.2425,
            0.2379591356795823,
            0.2375,
            0.23281263146726405,
            0.2325,
            0.22836014928992032,
            0.2275,
            0.22441647085110328,
            0.2225,
            0.2206818203550884,
            0.21749999999999997,
            0.2170448210064078,
            0.21375647833350575,
            0.21250000000000002,
            0.2102150113557839,
            0.20750000000000005,
            0.20623074338643055,
            0.2025,
            0.20180400376060317,
            0.19764136807391885,
            0.1975,
            0.19537306459817644
        ]
    },