{
    "0.68": {
        "f_e_Earth": [
            0.3775,
            0.38250000000000006,
            0.3850439957725574,
            0.3825,
            0.37916865968523505,
            0.3775,
            0.37362667037885045,
            0.3725,
            0.36851483324342493,
            0.36750000000000005,
            0.3642710270350197,
            0.3625,
            0.36098093376208124,
            0.3587840305078839,
            0.3613475786838806,
            0.3575,
            0.35718338874194405,
            0.35250000000000004,
            0.3522176796518879,
            0.3475744932387854,
            0.34750000000000003,
            0.3429788834819012,
            0.3425000000000001,
            0.3384341788599904,
            0.3375000000000001,
            0.3331639293020272,
            0.3325,
            0.3318408021541149,
            0.3310750776142263,
            0.3318286847592597,
            0.3325,
            0.33407691141773443,
            0.3349410909435845,
            0.3375,
            0.33811968731522357,
            0.33956729733951696,
            0.3425,
            0.3437210535699013,
            0.34750000000000003,
            0.34800623187435176,
            0.35157708980819,
            0.35250000000000004,
            0.3561226142660335,
            0.3575,
            0.3624338255204923,
            0.3625,
            0.3675,
            0.36891799233771816,
            0.3725,
            0.3758087760160236,
            0.3775
        ],
        "f_mu_Earth": [
            0.28089276073866054,
            0.28019716574573705,
            0.28250000000000003,
            0.2850951264162086,
            0.2875,
            0.2893717207112495,
            0.2925,
            0.2938493545405097,
            0.2975,
            0.2988202650869022,
            0.3025,
            0.3051409256193647,
            0.3075,
            0.3125,
            0.3175,
            0.32191408194170523,
            0.3225,
            0.32705968780755384,
            0.3275,
            0.3325,
            0.33256389697067634,
            0.3375,
            0.3379366355221007,
            0.3425,
            0.3433561993134857,
            0.34750000000000003,
            0.3481745115350847,
            0.3475000000000001,
            0.3425,
            0.3375,
            0.33554619941392416,
            0.3325,
            0.3275,
            0.3233398472497724,
            0.3225,
            0.3175,
            0.3145050940391698,
            0.3125,
            0.3080448863748745,
            0.3075,
            0.3025,
            0.30157708980819,
            0.2975,
            0.2961226142660335,
            0.2925,
            0.2924338255204923,
            0.28861024697397125,
            0.2875,
            0.2844983924012504,
            0.2825000000000001,
            0.28089276073866054
        ]
    },
    "0.90": {
        "f_e_Earth": [
            0.3925,
            0.3975,
            0.3980923127064118,
            0.3975,
            0.394130155358969,
            0.3925,
            0.3891100700139679,
            0.3875,
            0.3849604350929643,
            0.3825,
            0.3820312181159008,
            0.382112459076391,
            0.38250000000000006,
            0.3869737098402633,
            0.3830907436496261,
            0.3825,
            0.37789707712136683,
            0.3775,
            0.3725,
            0.37224400597972823,
            0.3675,
            0.3661520960599162,
            0.3625,
            0.359712445005411,
            0.3575,
            0.35331014336601313,
            0.35250000000000004,
            0.34750000000000003,
            0.34726624437229864,
            0.3425,
            0.3419170897354548,
            0.3375,
            0.3365042233374388,
            0.3325,
            0.3285243125428817,
            0.3288024582854422,
            0.3294079424060903,
            0.3304066523097329,
            0.3325,
            0.3335759529019582,
            0.33529540737084207,
            0.3375,
            0.3384111969291884,
            0.3425,
            0.3430020837107432,
            0.3459408100158223,
            0.34750000000000003,
            0.34929704759554137,
            0.35250000000000004,
            0.35409672966812555,
            0.3575,
            0.35967466862530484,
            0.3625,
            0.3674091875805353,
            0.3675,
            0.37249999999999994,
            0.3738122892324509,
            0.3775,
            0.3825,
            0.382553031140158,
            0.3875,
            0.392365343575081,
            0.3925
        ],
        "f_mu_Earth": [
            0.2723661245315833,
            0.2719862468357096,
            0.2725,
            0.27322174250815323,
            0.2775,
            0.279597543683357,
            0.28250000000000003,
            0.284729307971205,
            0.2875,
            0.2917669567295008,
            0.2925,
            0.2975,
            0.2978120459384903,
            0.3025,
            0.3075,
            0.3080261091082806,
            0.3125,
            0.3128155108626861,
            0.3172506212292121,
            0.3175,
            0.32129874398625424,
            0.3225,
            0.3252144554278724,
            0.3275,
            0.3291425413310907,
            0.3325,
            0.33313615075995556,
            0.3372447882934671,
            0.3375,
            0.34184575774402554,
            0.3425,
            0.34654837805807337,
            0.34750000000000003,
            0.35156804583245704,
            0.34750000000000003,
            0.3425,
            0.3375,
            0.3325,
            0.3304066523097329,
            0.3275,
            0.3225,
            0.32029540737084206,
            0.3175,
            0.3133244724722903,
            0.3125,
            0.3075,
            0.30594081001582224,
            0.3025,
            0.2992970475955413,
            0.2975,
            0.2940967296681255,
            0.2925,
            0.28967466862530483,
            0.2875,
            0.2874091875805353,
            0.2832925797387532,
            0.28250000000000003,
            0.27899541776475206,
            0.27753711649764684,
            0.2775,
            0.27437873635896554,
            0.2725,
            0.2723661245315833
        ]
    },