{
    "0.68": {
        "f_e_Earth": [
            0.3425,
            0.3441341906831293,
            0.34527491955376344,
            0.3427818751589779,
            0.3425,
            0.3375,
            0.33615118920092946,
            0.3325,
            0.33222189002520275,
            0.33117627614555506,
            0.3311148720567956,
            0.330056740391823,
            0.3275,
            0.3253411635760377,
            0.3225,
            0.3209634812494091,
            0.32096642120618973,
            0.3225,
            0.32358158449143093,
            0.3242237451120531,
            0.32531200245973096,
            0.3275,
            0.33001984741523316,
            0.3325,
            0.3342265576410812,
            0.3375,
            0.33809764810348164,
            0.3421082877601493,
            0.3425
        ],
        "f_mu_Earth": [
            0.3270857678875084,
            0.3275,
            0.3325,
            0.3375,
            0.3378056816654501,
            0.33992270750569686,
            0.3425,
            0.34708222059985927,
            0.34750000000000003,
            0.35250000000000004,
            0.3575,
            0.3625,
            0.3662817756708398,
            0.3675,
            0.3696569575989921,
            0.3675,
            0.3625,
            0.36057698094495744,
            0.3575,
            0.35250000000000004,
            0.34750000000000003,
            0.3444812868552518,
            0.3425,
            0.33827402845155297,
            0.3375,
            0.3336278198081831,
            0.3325,
            0.3275,
            0.3270857678875084
        ]
    },
    "0.90": {
        "f_e_Earth": [
            0.34750000000000003,
            0.3496021237818503,
            0.3503521749953434,
            0.3496534876561835,
            0.34750000000000003,
            0.3471277602896848,
            0.34253058769745204,
            0.3425,
            0.3375,
            0.3361772532969852,
            0.3325,
            0.33227817477295546,
            0.3319178711682585,
            0.3314486395282844,
            0.3292543714688711,
            0.3275,
            0.3225,
            0.31899037264315666,
            0.31899163773767936,
            0.3225,
            0.322711156956988,
            0.32324174576785053,
            0.32371003442394475,
            0.32689710871141053,
            0.3275,
            0.32986971943831267,
            0.3325,
            0.33448230606542395,
            0.3375,
            0.3389992342449035,
            0.3425,
            0.3449249141021212,
            0.34750000000000003
        ],
        "f_mu_Earth": [
            0.32041198038354035,
            0.3225,
            0.3275,
            0.3325,
            0.3367332532350419,
            0.3375,
            0.3425000000000001,
            0.3425268948690744,
            0.3458540843818697,
            0.34750000000000003,
            0.35160198230414674,
            0.35250000000000004,
            0.3575,
            0.3625,
            0.3675,
            0.36956268650492907,
            0.3724267979281492,
            0.3675,
            0.3625,
            0.35810071676156113,
            0.3575,
            0.35250000000000004,
            0.34750000000000003,
            0.3425,
            0.34189710871141055,
            0.3375,
            0.33458215356329835,
            0.3325,
            0.3292308835705646,
            0.3275,
            0.3237979722190339,
            0.3225,
            0.32041198038354035
        ]
    },
    "0.95": {
        "f_e_Earth": [
            0.34750000000000003,
            0.35085180190829074,
            0.3513121122545636,
            0.35078842387009634,
            0.3487634462240767,
            0.34750000000000003,
            0.3444611713882543,
            0.3425,
            0.3375,
            0.33717389989336755,
            0.33293958227834075,
            0.3325,
            0.3321180005653643,
            0.3317955389594739,
            0.33032527599837436,
            0.3275,
            0.32450725985638074,
            0.3225,
            0.32097170512242007,
            0.3184986198751192,
            0.3184994675480418,
            0.3224352759103525,
            0.32250000000000006,
            0.32299700460449426,
            0.32331078006287756,
            0.3254462699630434,
            0.3275,
            0.32908782364962297,
            0.3325,
            0.33365652069709983,
            0.3375,
            0.33822437285752005,
            0.3425,
            0.3433940677513644,
            0.34750000000000003
        ],
        "f_mu_Earth": [
            0.31917068695220324,
            0.3225,
            0.3275,
            0.3325,
            0.3375,
            0.3389713346971709,
            0.3425,
            0.34422440072686905,
            0.347094228239347,
            0.34750000000000003,
            0.35250000000000004,
            0.3529575316245345,
            0.3575,
            0.3625,
            0.3675,
            0.3708217928916142,
            0.3725,
            0.3740293641028935,
            0.37249999999999994,
            0.3675,
            0.3625,
            0.35750000000000004,
            0.3574352759103525,
            0.35250000000000004,
            0.34750000000000003,
            0.3425,
            0.3404462699630434,
            0.3375,
            0.3337147739102941,
            0.3325,
            0.32833629698448163,
            0.3275,
            0.3229785633858907,
            0.3225,
            0.31917068695220324
        ]
    },
    "0.997": {
        "f_e_Earth": [
            0.34750000000000003,
            0.34993766235725743,
            0.35250000000000004,
            0.3544766005213868,
            0.35478697079174537,
            0.3533822317357959,
            0.35250000000000004,
            0.3518440799690151,
            0.34778745189307847,
            0.34750000000000003,
            0.3425,
            0.3414723517544935,
            0.3375,
            0.33659857063073195,
            0.3325,
            0.3324382679969353,
            0.3323506827386848,
            0.33203904642931464,
            0.3294161325318145,
            0.3275,
            0.3225,
            0.31823586113518315,
            0.3177116670422773,
            0.317711846714668,
            0.3185460789743867,
            0.3225,
            0.3226053448837266,
            0.32267185259589015,
            0.3231244901231847,
            0.3275,
            0.3278365544227062,
            0.330914918835556,
            0.3325,
            0.3344638484323239,
            0.3375,
            0.33898763962546896,
            0.3425,
            0.34564271837274524,
            0.34750000000000003
        ],
        "f_mu_Earth": [
            0.3156427183727452,
            0.3175,
            0.31993615091936756,
            0.3225,
            0.3275,
            0.3325,
            0.3335650185574423,
            0.3375,
            0.3425000000000001,
            0.34278745189307847,
            0.34694092238243224,
            0.34750000000000003,
            0.3513177360903623,
            0.35250000000000004,
            0.3567659264746221,
            0.3575,
            0.3625,
            0.3675,
            0.3725,
            0.3744161325318145,
            0.3767671221406766,
            0.3725,
            0.3675,
            0.3625,
            0.3575,
            0.35354607897438667,
            0.35250000000000004,
            0.34750000000000003,
            0.3425,
            0.33812449012318474,
            0.3375,
            0.3325,
            0.330914918835556,
            0.3275,
            0.3244638484323239,
            0.3225,
            0.31898763962546894,
            0.3175,
            0.3156427183727452
        ]
    }
}