{
    "0.68": {
        "f_e_Earth": [
            0.07400000000000001,
            0.07764636248074698,
            0.078,
            0.07903493322264483,
            0.078,
            0.07400000000000001,
            0.07,
            0.06885163002623917,
            0.07,
            0.07164137625325083,
            0.07400000000000001
        ],
        "f_mu_Earth": [
            0.6764722469690252,
            0.678,
            0.6788321170294508,
            0.682,
            0.6827643968332172,
            0.684536638047025,
            0.6832562683952605,
            0.6819999999999999,
            0.6800571807959209,
            0.678,
            0.6764722469690252
        ]
    },
    "0.90": {
        "f_e_Earth": [
            0.07,
            0.07400000000000001,
            0.078,
            0.08200000000000002,
            0.08256569114325067,
            0.08328753413900569,
            0.082,
            0.078,
            0.07400000000000001,
            0.07,
            0.06674255442734657,
            0.06792283543164165,
            0.07
        ],
        "f_mu_Earth": [
            0.6759127199317888,
            0.6746281961811457,
            0.6751143748893053,
            0.6775654285959405,
            0.6780000000000002,
            0.682,
            0.6830024937766289,
            0.6852633342954052,
            0.6858043463551977,
            0.6855635082906288,
            0.682,
            0.678,
            0.6759127199317888
        ]
    },
    "0.95": {
        "f_e_Earth": [
            0.07,
            0.07400000000000001,
            0.078,
            0.082,
            0.08570390620446312,
            0.08599064388515884,
            0.08200000000000002,
            0.078,
            0.07699671697082926,
            0.07400000000000001,
            0.07,
            0.068594135988818,
            0.06619511744717951,
            0.06664962285178234,
            0.07
        ],
        "f_mu_Earth": [
            0.6746333069854008,
            0.6741495497091455,
            0.6742999356371657,
            0.675154610357643,
            0.678,
            0.682,
            0.6851071763756906,
            0.6859119648037876,
            0.686,
            0.687710179498285,
            0.6873331885119338,
            0.686,
            0.682,
            0.678,
            0.6746333069854008
        ]
    },
    "0.997": {
        "f_e_Earth": [
            0.07,
            0.07400000000000001,
            0.078,
            0.08199999999999999,
            0.0844938683218533,
            0.086,
            0.09,
            0.09379684279549177,
            0.094,
            0.09426116162632278,
            0.094,
            0.09,
            0.086,
            0.08579056857129316,
            0.082,
            0.078,
            0.07400000000000001,
            0.07,
            0.066,
            0.06526866309539903,
            0.06276671602922061,
            0.066,
            0.06600233839275962,
            0.06891291313346319,
            0.07
        ],
        "f_mu_Earth": [
            0.6729165129953787,
            0.6706193861161348,
            0.6708156993978734,
            0.6721995677654038,
            0.674,
            0.674164794568455,
            0.6750826284940272,
            0.678,
            0.6808704330926045,
            0.682,
            0.6821980649088847,
            0.6851208448926175,
            0.6859634918556126,
            0.686,
            0.6888045001096399,
            0.689652785869267,
            0.6898548211134136,
            0.6898328693284276,
            0.6867351977587128,
            0.686,
            0.682,
            0.6780477650655471,
            0.678,
            0.6739999999999999,
            0.6729165129953787
        ]
    }
}