{
    "0.68": {
        "f_e_Earth": [
            0.558,
            0.562,
            0.5658844394369492,
            0.562,
            0.558,
            0.554047494025325,
            0.558
        ],
        "f_mu_Earth": [
            0.02021037742745736,
            0.019990156531745962,
            0.022,
            0.024013715951509522,
            0.023793564978477868,
            0.022,
            0.02021037742745736
        ]
    },
    "0.90": {
        "f_e_Earth": [
            0.554,
            0.558,
            0.562,
            0.5660000000000001,
            0.5665541521430275,
            0.5660000000000001,
            0.562,
            0.558,
            0.554,
            0.5533266664164913,
            0.554
        ],
        "f_mu_Earth": [
            0.021464180163544056,
            0.01989560403618952,
            0.01970672707524488,
            0.02153664144087994,
            0.022,
            0.02246391452369802,
            0.024297691508163053,
            0.024109031792205297,
            0.022537370881690732,
            0.022000000000000002,
            0.021464180163544056
        ]
    },
    "0.95": {
        "f_e_Earth": [
            0.55,
            0.554,
            0.558,
            0.562,
            0.5660000000000001,
            0.5697871914961755,
            0.5660000000000001,
            0.562,
            0.558,
            0.554,
            0.55,
            0.5499988451479176,
            0.55
        ],
        "f_mu_Earth": [
            0.021998975372162426,
            0.018816703683285068,
            0.01844656719570139,
            0.01840197980135561,
            0.01883331082111714,
            0.022,
            0.025170488756937937,
            0.025604952715127503,
            0.02556126075349474,
            0.02519251104944228,
            0.02200102832544757,
            0.022,
            0.021998975372162426
        ]
    },
    "0.997": {
        "f_e_Earth": [
            0.546,
            0.55,
            0.554,
            0.558,
            0.562,
            0.5660000000000001,
            0.5700000000000001,
            0.5740000000000001,
            0.5746362074844398,
            0.5740000000000001,
            0.5700000000000001,
            0.5660000000000001,
            0.562,
            0.558,
            0.554,
            0.55,
            0.546,
            0.5429856078762404,
            0.546
        ],
        "f_mu_Earth": [
            0.019223618411052162,
            0.018137757643558353,
            0.018027741761824066,
            0.018014746592774838,
            0.0180131582484903,
            0.018027704072193812,
            0.018174074317172904,
            0.021373285138512922,
            0.022,
            0.02262687596619858,
            0.02582833613090225,
            0.02597706211974451,
            0.02599452343327689,
            0.025994032625216202,
            0.02598375679010043,
            0.025876180164333247,
            0.024788465243361778,
            0.022,
            0.019223618411052162
        ]
    }
}