{
    "0.68": {
        "f_e_Earth": [
            0.278,
            0.28200000000000003,
            0.282590444523654,
            0.28600000000000003,
            0.29000000000000004,
            0.2939070100252965,
            0.294,
            0.298,
            0.2982084608648329,
            0.302,
            0.306,
            0.31,
            0.314,
            0.318,
            0.3203597489121153,
            0.31800000000000006,
            0.314,
            0.31,
            0.306,
            0.302,
            0.298,
            0.294,
            0.29000000000000004,
            0.28600000000000003,
            0.28200000000000003,
            0.278,
            0.274,
            0.27,
            0.266,
            0.26417277729649963,
            0.266,
            0.27,
            0.274,
            0.2774633979985189,
            0.278
        ],
        "f_mu_Earth": [
            0.293944794903797,
            0.2939912114856519,
            0.29399999999999993,
            0.29403840182274993,
            0.2940784997829237,
            0.294,
            0.29399761540929603,
            0.29399948046463686,
            0.294,
            0.2940076215392103,
            0.2943590391630521,
            0.29464058407733185,
            0.29511572206915054,
            0.29668685829489877,
            0.298,
            0.2987364327584718,
            0.29979124733764734,
            0.30009057468851547,
            0.3002998312922467,
            0.30045883520478484,
            0.3005205736896208,
            0.3005356405994727,
            0.30047586782524344,
            0.30052711733579973,
            0.30059390427788035,
            0.3005203233393182,
            0.3004234376694652,
            0.2999309417558693,
            0.29875949898096243,
            0.298,
            0.29686517889670605,
            0.2952307271367376,
            0.2942810043922727,
            0.294,
            0.293944794903797
        ]
    },
    "0.90": {
        "f_e_Earth": [
            0.262,
            0.266,
            0.27,
            0.274,
            0.278,
            0.28200000000000003,
            0.28600000000000003,
            0.29000000000000004,
            0.294,
            0.298,
            0.302,
            0.306,
            0.31,
            0.314,
            0.318,
            0.32200000000000006,
            0.326,
            0.33,
            0.33022454486200975,
            0.334,
            0.33622211535298796,
            0.334,
            0.33,
            0.326,
            0.322,
            0.318,
            0.314,
            0.31,
            0.306,
            0.302,
            0.298,
            0.294,
            0.29000000000000004,
            0.28600000000000003,
            0.28200000000000003,
            0.278,
            0.274,
            0.27,
            0.266,
            0.262,
            0.258,
            0.2557584875402532,
            0.258,
            0.26167796665936066,
            0.262
        ],
        "f_mu_Earth": [
            0.29383175084572616,
            0.29211309736844593,
            0.2915342794864816,
            0.29112421543932665,
            0.29099925654255354,
            0.29101335132382794,
            0.29102638894238914,
            0.2910413849901313,
            0.29101127987818365,
            0.2910112539519213,
            0.2910163256383783,
            0.2911363575564876,
            0.29123066327963504,
            0.2913911254010532,
            0.2917477245935831,
            0.29263479490562666,
            0.29330508366594166,
            0.29392287100937764,
            0.294,
            0.2959874310075924,
            0.298,
            0.29908869672965016,
            0.3002700013802453,
            0.30080524722362834,
            0.3010887835396102,
            0.3014584125805665,
            0.3017302917425484,
            0.3018308942231081,
            0.30189827085558874,
            0.3019432244525235,
            0.3019444518182407,
            0.30197931053767596,
            0.3019531383318743,
            0.30196451519563666,
            0.30198147751442084,
            0.30196963947695765,
            0.3019371895500885,
            0.30187873144011684,
            0.301559697764479,
            0.30098732584877164,
            0.2995087328954547,
            0.298,
            0.29602630564987653,
            0.294,
            0.29383175084572616
        ]
    },
    "0.95": {
        "f_e_Earth": [
            0.262,
            0.266,
            0.27,
            0.274,
            0.278,
            0.28200000000000003,
            0.28600000000000003,
            0.29000000000000004,
            0.294,
            0.298,
            0.302,
            0.306,
            0.31,
            0.314,
            0.318,
            0.32200000000000006,
            0.326,
            0.33000000000000007,
            0.3328969625005774,
            0.334,
            0.3377753708508714,
            0.334,
            0.33,
            0.326,
            0.322,
            0.318,
            0.314,
            0.31,
            0.308330539839519,
            0.30600000000000005,
            0.30199999999999994,
            0.298,
            0.294,
            0.29000000000000004,
            0.28600000000000003,
            0.28200000000000003,
            0.278,
            0.274,
            0.27,
            0.2691191002635794,
            0.266,
            0.262,
            0.258,
            0.2546901100738323,
            0.258,
            0.2599704447184571,
            0.262
        ],
        "f_mu_Earth": [
            0.2929396409732183,
            0.2916151747459884,
            0.2911676684892674,
            0.2908521008852606,
            0.2907542568140372,
            0.29076566317934277,
            0.2907747659736045,
            0.2907867549271811,
            0.2907628867816931,
            0.2907627035700986,
            0.29076736662466784,
            0.2908587876282777,
            0.2909318801684221,
            0.29105346845899305,
            0.2913280815976947,
            0.29201215675957015,
            0.29252818999422053,
            0.293004921370543,
            0.294,
            0.29458064812023077,
            0.298,
            0.2998496942082838,
            0.30076350306617183,
            0.3011859054229581,
            0.30140520330279785,
            0.30168481748033443,
            0.30189157477285367,
            0.3019756480036451,
            0.302,
            0.30226274924139895,
            0.3025567613845873,
            0.3025489337413628,
            0.3027945353292285,
            0.30262525421514785,
            0.3026959836174382,
            0.30280369183831735,
            0.3027322889993729,
            0.30252217426120154,
            0.30228011248548414,
            0.302,
            0.30179260864786117,
            0.3013540923101204,
            0.30022784387846213,
            0.298,
            0.29508557897217946,
            0.294,
            0.2929396409732183
        ]
    },