{
    "0.68": {
        "f_e_Earth": [
            0.558,
            0.562,
            0.5656901082118199,
            0.562,
            0.558,
            0.5567600977556468,
            0.558
        ],
        "f_mu_Earth": [
            0.021327364964955846,
            0.020653731169654403,
            0.022,
            0.023402213124783605,
            0.022704275040611212,
            0.022,
            0.021327364964955846
        ]
    },
    "0.90": {
        "f_e_Earth": [
            0.554,
            0.558,
            0.562,
            0.5660000000000001,
            0.5700000000000001,
            0.570434833034751,
            0.5700000000000001,
            0.5660000000000001,
            0.562,
            0.558,
            0.554,
            0.5512862503260938,
            0.554
        ],
        "f_mu_Earth": [
            0.020070219612472934,
            0.01894714412062038,
            0.018755390825251295,
            0.01918927780792214,
            0.02163125642014139,
            0.022000000000000002,
            0.022379963527584215,
            0.024910139524409024,
            0.025379439133607528,
            0.02519645883192678,
            0.024027759714894452,
            0.022,
            0.020070219612472934
        ]
    },
    "0.95": {
        "f_e_Earth": [
            0.55,
            0.554,
            0.558,
            0.562,
            0.5660000000000001,
            0.5700000000000001,
            0.5738388168205014,
            0.5700000000000001,
            0.5660000000000001,
            0.5622576248618194,
            0.562,
            0.5608472997153078,
            0.558,
            0.554,
            0.55,
            0.5468636856380985,
            0.55
        ],
        "f_mu_Earth": [
            0.019469529786813034,
            0.018424527601229698,
            0.018194223100112948,
            0.018154900180536577,
            0.018243873992407823,
            0.01874463772600855,
            0.022,
            0.025354414831207765,
            0.025888982975323476,
            0.026000000000000002,
            0.026117507847905546,
            0.026000000000000002,
            0.025984796421657144,
            0.025757007242277072,
            0.024677378848549293,
            0.022,
            0.019469529786813034
        ]
    },
    "0.997": {
        "f_e_Earth": [
            0.546,
            0.55,
            0.554,
            0.558,
            0.562,
            0.5660000000000001,
            0.5700000000000001,
            0.5740000000000001,
            0.577600053578878,
            0.5740000000000001,
            0.5708228233514853,
            0.5700000000000001,
            0.5660000000000001,
            0.562,
            0.558,
            0.554,
            0.55,
            0.5493508753600554,
            0.546,
            0.5424852260134435,
            0.546
        ],
        "f_mu_Earth": [
            0.01898971652644394,
            0.018191183220924532,
            0.018055227968398337,
            0.018025264719975738,
            0.018020147764472843,
            0.018031721730890155,
            0.018096869360734617,
            0.0186373879025297,
            0.022,
            0.025446724924695078,
            0.026000000000000002,
            0.026719467989463612,
            0.02907128680084465,
            0.02949489145058041,
            0.029437555039984888,
            0.028856968116743577,
            0.02651572290876174,
            0.026000000000000002,
            0.025196904768651752,
            0.022,
            0.01898971652644394
        ]
    }
}