{
    "0.68": {
        "f_e_Earth": [
            0.534,
            0.538,
            0.542,
            0.546,
            0.55,
            0.554,
            0.558,
            0.562,
            0.5660000000000001,
            0.5700000000000001,
            0.5740000000000001,
            0.5780000000000001,
            0.582,
            0.5852081894274715,
            0.582,
            0.5780000000000001,
            0.5740000000000001,
            0.5700000000000001,
            0.5660000000000001,
            0.562,
            0.558,
            0.554,
            0.55,
            0.546,
            0.542,
            0.538,
            0.534,
            0.5304612608920077,
            0.534
        ],
        "f_mu_Earth": [
            0.02130806707290953,
            0.02062741251479093,
            0.020152381479012715,
            0.019761828864727563,
            0.019527147471324224,
            0.019317813050925784,
            0.019220378346296432,
            0.019143223776023153,
            0.019220283511298793,
            0.019316233267259605,
            0.01958956078013332,
            0.02008128116773164,
            0.020827985379025537,
            0.022,
            0.02321866437420815,
            0.02399307972247334,
            0.024507356764317895,
            0.02479455534088505,
            0.024897705154022908,
            0.024977599903603452,
            0.024896423112386212,
            0.024800776261864,
            0.024582071236050537,
            0.024336047452080005,
            0.023930452962793353,
            0.023434244881904355,
            0.02272316577132566,
            0.022,
            0.02130806707290953
        ]
    },
    "0.90": {
        "f_e_Earth": [
            0.506,
            0.51,
            0.514,
            0.518,
            0.522,
            0.526,
            0.53,
            0.534,
            0.538,
            0.542,
            0.546,
            0.55,
            0.554,
            0.558,
            0.562,
            0.5660000000000001,
            0.5700000000000001,
            0.5740000000000001,
            0.5780000000000001,
            0.582,
            0.586,
            0.59,
            0.5939206836660514,
            0.59,
            0.586,
            0.582,
            0.5780000000000001,
            0.5740000000000001,
            0.5700000000000001,
            0.5660000000000001,
            0.562,
            0.558,
            0.554,
            0.55,
            0.546,
            0.542,
            0.538,
            0.534,
            0.53,
            0.526,
            0.522,
            0.518,
            0.514,
            0.51,
            0.506,
            0.5022808295316777,
            0.506
        ],
        "f_mu_Earth": [
            0.021561616029473523,
            0.02110924913032896,
            0.02065207146107306,
            0.020208513950732157,
            0.01981476128703815,
            0.019477661355720606,
            0.01916914484145189,
            0.01894054017065953,
            0.018747017830423325,
            0.01861195775418862,
            0.0185009163749607,
            0.01843419233276053,
            0.018374674693587598,
            0.01834697205665478,
            0.01832503570190247,
            0.018346944914418753,
            0.018374225034449417,
            0.0184519369708413,
            0.018591741872757125,
            0.018804043304243394,
            0.019266849823964607,
            0.020154849618618152,
            0.022,
            0.023915459561906098,
            0.02483657493192988,
            0.02532316551084684,
            0.025540346844009427,
            0.025690721493022907,
            0.025775450627365238,
            0.025808113738377804,
            0.02583039219100209,
            0.025806530486334366,
            0.025785614221722812,
            0.02572329902576034,
            0.02565210026081985,
            0.025539938638415846,
            0.025399107946063502,
            0.025197559388636517,
            0.024958356451191436,
            0.024633293324539847,
            0.02428347400244863,
            0.02387112873223144,
            0.023407551174046578,
            0.022929273269350268,
            0.02245749910691835,
            0.022,
            0.021561616029473523
        ]
    },
    "0.95": {
        "f_e_Earth": [
            0.426,
            0.42999999999999994,
            0.434,
            0.438,
            0.44199999999999995,
            0.446,
            0.45000000000000007,
            0.45399999999999996,
            0.4580000000000001,
            0.46199999999999997,
            0.466,
            0.47000000000000003,
            0.4740000000000001,
            0.478,
            0.482,
            0.486,
            0.49,
            0.494,
            0.498,
            0.502,
            0.506,
            0.51,
            0.514,
            0.518,
            0.522,
            0.526,
            0.53,
            0.534,
            0.538,
            0.542,
            0.546,
            0.55,
            0.554,
            0.558,
            0.562,
            0.5660000000000001,
            0.5700000000000001,
            0.5740000000000001,
            0.5780000000000001,
            0.582,
            0.586,
            0.59,
            0.594,
            0.5969991268040606,
            0.5940000000000001,
            0.59,
            0.586,
            0.582,
            0.5780000000000001,
            0.5740000000000001,
            0.5700000000000001,
            0.5660000000000001,
            0.562,
            0.558,
            0.554,
            0.55,
            0.546,
            0.542,
            0.538,
            0.534,
            0.53,
            0.526,
            0.522,
            0.518,
            0.514,
            0.51,
            0.506,
            0.502,
            0.498,
            0.494,
            0.49,
            0.486,
            0.482,
            0.478,
            0.474,
            0.47000000000000003,
            0.466,
            0.46199999999999997,
            0.458,
            0.454,
            0.45000000000000007,
            0.446,
            0.44199999999999995,
            0.438,
            0.434,
            0.43,
            0.42599999999999993,
            0.42207655481383505,
            0.426
        ],