{
    "0.68": {
        "f_e_Earth": [
            0.558,
            0.562,
            0.565676568276853,
            0.562,
            0.558,
            0.5568496413280773,
            0.558
        ],
        "f_mu_Earth": [
            0.02118728119820072,
            0.020483145262713953,
            0.022,
            0.02358068569809999,
            0.022852072966153117,
            0.022,
            0.02118728119820072
        ]
    },
    "0.90": {
        "f_e_Earth": [
            0.558,
            0.562,
            0.5660000000000001,
            0.5688652724595834,
            0.5660000000000001,
            0.562,
            0.558,
            0.5540426390044987,
            0.558
        ],
        "f_mu_Earth": [
            0.01920415748144404,
            0.018938132730608057,
            0.019597022365127226,
            0.022,
            0.02448023660360325,
            0.025190714102833453,
            0.024931225194260144,
            0.022,
            0.01920415748144404
        ]
    },
    "0.95": {
        "f_e_Earth": [
            0.554,
            0.558,
            0.562,
            0.5660000000000001,
            0.5700000000000001,
            0.5724268061022495,
            0.5700000000000001,
            0.5660000000000001,
            0.5620213057746017,
            0.562,
            0.5618930549928416,
            0.558,
            0.554,
            0.5502135343112332,
            0.554
        ],
        "f_mu_Earth": [
            0.01870434948482252,
            0.018206730106807883,
            0.018161056756649835,
            0.018274174756937937,
            0.01969933736368546,
            0.022,
            0.02435643672316788,
            0.02584561554479918,
            0.026000000000000002,
            0.02601165119646793,
            0.026000000000000002,
            0.025976950849612268,
            0.025479312455794295,
            0.022,
            0.01870434948482252
        ]
    },
    "0.997": {
        "f_e_Earth": [
            0.55,
            0.554,
            0.558,
            0.562,
            0.5660000000000001,
            0.5700000000000001,
            0.5739825786790212,
            0.5700000000000001,
            0.5692340317069664,
            0.5660000000000001,
            0.562,
            0.558,
            0.554,
            0.5513215504581214,
            0.55,
            0.546492267684034,
            0.55
        ],
        "f_mu_Earth": [
            0.018717677974317518,
            0.018093026233710577,
            0.018027301196060448,
            0.01802126723500553,
            0.0180362054456296,
            0.01822443261762275,
            0.022,
            0.02586709702248245,
            0.026000000000000002,
            0.028837526534502222,
            0.02947323243998584,
            0.029408826658643052,
            0.028237677938260645,
            0.026000000000000002,
            0.025518087973752154,
            0.022,
            0.018717677974317518
        ]
    }
}