{
    "0.68": {
        "f_e_Earth": [
            0.53,
            0.534,
            0.538,
            0.542,
            0.546,
            0.55,
            0.554,
            0.558,
            0.562,
            0.5660000000000001,
            0.5700000000000001,
            0.5740000000000001,
            0.5780000000000001,
            0.5817911654754403,
            0.5780000000000001,
            0.5740000000000001,
            0.5700000000000001,
            0.5660000000000001,
            0.562,
            0.558,
            0.554,
            0.55,
            0.546,
            0.542,
            0.538,
            0.534,
            0.53,
            0.5274689493263433,
            0.53
        ],
        "f_mu_Earth": [
            0.02159719295731518,
            0.02102765500389822,
            0.020537194779265588,
            0.020129495050119888,
            0.01985485800167287,
            0.019651329510050317,
            0.019529752792343487,
            0.019467559594853565,
            0.019440792149950224,
            0.019581622577100583,
            0.019771919581843912,
            0.02020337713947042,
            0.020958601116990647,
            0.022,
            0.02304328973805247,
            0.023800181280743973,
            0.02423245600084689,
            0.024423236618318273,
            0.02456469596792208,
            0.024537754516338918,
            0.024475555358445467,
            0.024353713464945782,
            0.024149819008315785,
            0.023874610293657866,
            0.023465958663408778,
            0.022974562604036897,
            0.02240369001392035,
            0.022,
            0.02159719295731518
        ]
    },
    "0.90": {
        "f_e_Earth": [
            0.514,
            0.518,
            0.522,
            0.526,
            0.53,
            0.534,
            0.538,
            0.542,
            0.546,
            0.55,
            0.554,
            0.558,
            0.562,
            0.5660000000000001,
            0.5700000000000001,
            0.5740000000000001,
            0.5780000000000001,
            0.582,
            0.586,
            0.5869947961718204,
            0.5859999999999999,
            0.582,
            0.5780000000000001,
            0.5740000000000001,
            0.5700000000000001,
            0.5660000000000001,
            0.562,
            0.558,
            0.554,
            0.55,
            0.546,
            0.542,
            0.538,
            0.534,
            0.53,
            0.526,
            0.522,
            0.518,
            0.514,
            0.5104131275287285,
            0.514
        ],
        "f_mu_Earth": [
            0.021619875394758785,
            0.021176608245794055,
            0.020745718965571074,
            0.020368011294178805,
            0.019991099081011057,
            0.019675814962957623,
            0.019404288957502205,
            0.019178585979191667,
            0.019026536721952876,
            0.018913851526881405,
            0.018846548129044544,
            0.018812111971137833,
            0.01879730497268507,
            0.018875239724190314,
            0.01898059034987946,
            0.01921943353912232,
            0.01963751318325702,
            0.02025781679158664,
            0.021561279478687325,
            0.022,
            0.02243945706700284,
            0.02374525801619729,
            0.024366776354771708,
            0.024786073695656455,
            0.025025339272989562,
            0.025131038791591984,
            0.025209563077449516,
            0.025194577541247196,
            0.025160228115043443,
            0.02509277493249243,
            0.02497994626027542,
            0.024827606399232968,
            0.02460130674714508,
            0.02432948575972979,
            0.024013304520561256,
            0.023635733379628168,
            0.023257057066452237,
            0.022825108716195412,
            0.022380911572701636,
            0.022,
            0.021619875394758785
        ]
    },
    "0.95": {
        "f_e_Earth": [
            0.426,
            0.43000000000000005,
            0.434,
            0.438,
            0.442,
            0.44600000000000006,
            0.45000000000000007,
            0.454,
            0.4580000000000001,
            0.462,
            0.46599999999999997,
            0.47,
            0.47400000000000003,
            0.478,
            0.482,
            0.486,
            0.49,
            0.494,
            0.498,
            0.502,
            0.506,
            0.51,
            0.514,
            0.518,
            0.522,
            0.526,
            0.53,
            0.534,
            0.538,
            0.542,
            0.546,
            0.55,
            0.554,
            0.558,
            0.562,
            0.5660000000000001,
            0.5700000000000001,
            0.5740000000000001,
            0.5780000000000001,
            0.582,
            0.586,
            0.5884786499423642,
            0.586,
            0.582,
            0.5780000000000001,
            0.5740000000000001,
            0.5700000000000001,
            0.5660000000000001,
            0.562,
            0.558,
            0.554,
            0.55,
            0.546,
            0.542,
            0.538,
            0.534,
            0.53,
            0.526,
            0.522,
            0.518,
            0.514,
            0.51,
            0.506,
            0.502,
            0.49800000000000005,
            0.49400000000000005,
            0.49,
            0.48599999999999993,
            0.482,
            0.478,
            0.474,
            0.47000000000000003,
            0.466,
            0.462,
            0.458,
            0.454,
            0.45000000000000007,
            0.446,
            0.44200000000000006,
            0.438,
            0.434,
            0.43,
            0.42600000000000005,
            0.4226567779242126,
            0.426
        ],