{
    "0.68": {
        "f_e_Earth": [
            0.07400000000000001,
            0.07731779578732104,
            0.078,
            0.078515472198918,
            0.07800000000000001,
            0.07400000000000001,
            0.07,
            0.0693725231541258,
            0.07,
            0.07201419758072045,
            0.07400000000000001
        ],
        "f_mu_Earth": [
            0.6765688209250842,
            0.6780000000000002,
            0.6799459675804933,
            0.682,
            0.6824415438176707,
            0.6844330100323011,
            0.6826973202166395,
            0.6820000000000002,
            0.6809879500544811,
            0.6780000000000002,
            0.6765688209250842
        ]
    },
    "0.90": {
        "f_e_Earth": [
            0.07,
            0.07400000000000001,
            0.078,
            0.0819239241808347,
            0.08198860238476703,
            0.078,
            0.07400000000000001,
            0.07,
            0.06670163739728482,
            0.06789839900328346,
            0.07
        ],
        "f_mu_Earth": [
            0.6758787130256243,
            0.6744759317495217,
            0.6748637287776339,
            0.678,
            0.682,
            0.6854165619946856,
            0.6859014154467513,
            0.6856654976829889,
            0.682,
            0.678,
            0.6758787130256243
        ]
    },
    "0.95": {
        "f_e_Earth": [
            0.07,
            0.07400000000000001,
            0.078,
            0.082,
            0.08319033679749481,
            0.08336983270208502,
            0.082,
            0.078,
            0.07446611279186643,
            0.07400000000000002,
            0.07268045925104658,
            0.07,
            0.06648218031741311,
            0.06733480492726612,
            0.07
        ],
        "f_mu_Earth": [
            0.6753098396885071,
            0.6743039665706337,
            0.6745638698433682,
            0.6769560350756749,
            0.678,
            0.6820000000000002,
            0.683209723626293,
            0.6856610085420606,
            0.686,
            0.6862846138489941,
            0.686,
            0.6859093821537634,
            0.682,
            0.678,
            0.6753098396885071
        ]
    },
    "0.997": {
        "f_e_Earth": [
            0.07,
            0.07400000000000001,
            0.07800000000000001,
            0.082,
            0.08362795821818507,
            0.086,
            0.08997742646802197,
            0.09,
            0.09003484080813452,
            0.09,
            0.086,
            0.08436773521115205,
            0.082,
            0.078,
            0.07400000000000001,
            0.07,
            0.06606416748504113,
            0.066,
            0.06383269077241559,
            0.066,
            0.0660368700316104,
            0.06998019007952422,
            0.07
        ],
        "f_mu_Earth": [
            0.6739802004463721,
            0.6705706204175845,
            0.6706962295544997,
            0.67264821546827,
            0.6740000000000002,
            0.6745449181204227,
            0.678,
            0.6811301336105378,
            0.682,
            0.6820310291524352,
            0.6855310324940215,
            0.686,
            0.6879919175044955,
            0.6896491377708701,
            0.6898680472115482,
            0.6898333731467718,
            0.686,
            0.685082626161104,
            0.682,
            0.6795282328073928,
            0.678,
            0.674,
            0.6739802004463721
        ]
    }
}