{
    "0.68": {
        "f_e_Earth": [
            0.366,
            0.37,
            0.3701128179876109,
            0.37325915961711653,
            0.37,
            0.366,
            0.362,
            0.358,
            0.3571232407335972,
            0.358,
            0.362,
            0.3635116771188409,
            0.366
        ],
        "f_mu_Earth": [
            0.29313293668211043,
            0.2939311903963546,
            0.29400000000000004,
            0.298,
            0.3004485696676795,
            0.30123530312922575,
            0.30096702761134614,
            0.29873068321115137,
            0.298,
            0.29717625435650213,
            0.29435236658406844,
            0.294,
            0.29313293668211043
        ]
    },
    "0.90": {
        "f_e_Earth": [
            0.362,
            0.366,
            0.37,
            0.374,
            0.3747581758343838,
            0.3764886028467475,
            0.374,
            0.37,
            0.3674305891137325,
            0.366,
            0.36199999999999993,
            0.3607866091753862,
            0.358,
            0.3539999999999999,
            0.3536210061525739,
            0.3539999999999999,
            0.358,
            0.358199275770029,
            0.362
        ],
        "f_mu_Earth": [
            0.29163067803930914,
            0.29104760798696644,
            0.2913126847471561,
            0.29337929711512567,
            0.294,
            0.298,
            0.3002483944402246,
            0.3017406473153459,
            0.302,
            0.3027015617112471,
            0.3025834391088619,
            0.302,
            0.301441858114436,
            0.2983441710417025,
            0.298,
            0.2976265564620851,
            0.2941197745014057,
            0.294,
            0.29163067803930914
        ]
    },
    "0.95": {
        "f_e_Earth": [
            0.358,
            0.362,
            0.366,
            0.37,
            0.374,
            0.3762228027260799,
            0.37728733879324006,
            0.374,
            0.37,
            0.3697692583124133,
            0.366,
            0.362,
            0.35831359643548794,
            0.358,
            0.354,
            0.35188751783483363,
            0.354,
            0.35635379722726734,
            0.358
        ],
        "f_mu_Earth": [
            0.29281367846682405,
            0.29105150711285144,
            0.2906666194668279,
            0.29083428506149234,
            0.2921802373512662,
            0.294,
            0.298,
            0.3009700336779393,
            0.30197670926185566,
            0.302,
            0.3038484464102273,
            0.30377254678950516,
            0.302,
            0.30193718842694,
            0.29991838256030035,
            0.298,
            0.2959184548274345,
            0.294,
            0.29281367846682405
        ]
    },
    "0.997": {
        "f_e_Earth": [
            0.362,
            0.366,
            0.37,
            0.374,
            0.3741073327719575,
            0.378,
            0.38199999999999995,
            0.382616563371754,
            0.38333367165510984,
            0.382,
            0.378,
            0.377930986307695,
            0.374,
            0.37,
            0.366,
            0.362,
            0.358,
            0.354,
            0.35,
            0.34689902892356883,
            0.3460000000000001,
            0.3422532939625903,
            0.34600000000000003,
            0.3463659097318555,
            0.35,
            0.354,
            0.358,
            0.3616508703617772,
            0.362
        ],
        "f_mu_Earth": [
            0.2897698205454667,
            0.2879698154114734,
            0.2878900760366588,
            0.28991941013517897,
            0.29000000000000004,
            0.29030832238987725,
            0.2934094970230995,
            0.294,
            0.29800000000000004,
            0.2993117842879819,
            0.3019705050807218,
            0.302,
            0.30541591057614725,
            0.3058576516333434,
            0.3059354156379954,
            0.30593634855633656,
            0.3058652180442697,
            0.3055414548907009,
            0.3042639666192314,
            0.302,
            0.3014171619045964,
            0.298,
            0.29433151353065656,
            0.294,
            0.2913284885580642,
            0.2903233720008221,
            0.290065489770368,
            0.29000000000000004,
            0.2897698205454667
        ]
    }
}