{
    "0.68": {
        "f_e_Earth": [
            0.554,
            0.558,
            0.562,
            0.5660000000000002,
            0.5662861514238214,
            0.5660000000000001,
            0.562,
            0.558,
            0.5539999999999999,
            0.5539723930780073,
            0.554
        ],
        "f_mu_Earth": [
            0.021982430326184008,
            0.020252926619247165,
            0.02009174426219154,
            0.02180138203963425,
            0.022,
            0.022198910220873797,
            0.02391169565063486,
            0.023750965769537443,
            0.022017617357929998,
            0.022,
            0.021982430326184008
        ]
    },
    "0.90": {
        "f_e_Earth": [
            0.554,
            0.558,
            0.562,
            0.5660000000000001,
            0.5697371903241432,
            0.5660000000000001,
            0.562,
            0.558,
            0.554,
            0.550029781729947,
            0.554
        ],
        "f_mu_Earth": [
            0.019473262683850828,
            0.018833253657072918,
            0.0187734977548856,
            0.0194060128383526,
            0.022,
            0.024597804137737225,
            0.025232318491981882,
            0.02517380168936227,
            0.02453359488399677,
            0.022,
            0.019473262683850828
        ]
    },
    "0.95": {
        "f_e_Earth": [
            0.55,
            0.554,
            0.558,
            0.562,
            0.5660000000000001,
            0.5700000000000001,
            0.5702161348644351,
            0.57,
            0.5660000000000001,
            0.562,
            0.558,
            0.554,
            0.55,
            0.5491474754635896,
            0.55
        ],
        "f_mu_Earth": [
            0.02136397645995615,
            0.019223008028663894,
            0.018691660978435963,
            0.018642020957731275,
            0.01916710799859676,
            0.02181542647534064,
            0.021999999999999995,
            0.022184790930239263,
            0.0248370605189635,
            0.025364032295482866,
            0.02531570982913577,
            0.02478452873059239,
            0.02263786101072339,
            0.022,
            0.02136397645995615
        ]
    },
    "0.997": {
        "f_e_Earth": [
            0.542,
            0.546,
            0.55,
            0.554,
            0.558,
            0.562,
            0.5660000000000001,
            0.5700000000000001,
            0.5740000000000001,
            0.5778923426372276,
            0.5740000000000001,
            0.5700000000000001,
            0.5660000000000001,
            0.562,
            0.558,
            0.554,
            0.55,
            0.546,
            0.542,
            0.5384684484324517,
            0.542
        ],
        "f_mu_Earth": [
            0.018998048208786637,
            0.01818992898129313,
            0.01804783833526504,
            0.01801703744482625,
            0.018009329594049148,
            0.018008437739441635,
            0.018015831876013647,
            0.018053679583527372,
            0.01837357055004873,
            0.022,
            0.025629321256768554,
            0.02595096871085956,
            0.025990030710622076,
            0.02599875764110691,
            0.025999561412420488,
            0.0259937723199174,
            0.025963579451534578,
            0.025822955049602803,
            0.025012492586160496,
            0.022,
            0.018998048208786637
        ]
    }
}