{
    "0.68": {
        "f_e_Earth": [
            0.3775,
            0.38249999999999995,
            0.38543973368815465,
            0.3825,
            0.37921933784554096,
            0.3775,
            0.37302318744316576,
            0.3725,
            0.36758633060676943,
            0.3675,
            0.36276010343091974,
            0.36250000000000004,
            0.3597974427551909,
            0.3575,
            0.3568123749335571,
            0.3570635238734932,
            0.3575,
            0.3575648138055547,
            0.35750000000000004,
            0.35296911571445405,
            0.35250000000000004,
            0.34985029672403245,
            0.34750000000000003,
            0.3460192087213555,
            0.3425,
            0.3409905493157049,
            0.3375,
            0.3362571720665753,
            0.3325,
            0.3323211894406265,
            0.33100853712424094,
            0.32907025289437475,
            0.3275,
            0.3242314344771414,
            0.3240648031489306,
            0.32410262493077946,
            0.32460450153176745,
            0.32711486479346497,
            0.3275,
            0.32909234733977405,
            0.33049396169200096,
            0.3325,
            0.33396646858430223,
            0.3371096947662224,
            0.3375,
            0.3392196793518586,
            0.3425,
            0.3435978073960545,
            0.34750000000000003,
            0.3480114478026276,
            0.3517076708411004,
            0.35250000000000004,
            0.35631832648664774,
            0.3575,
            0.3625,
            0.3626452823508079,
            0.3675,
            0.36904286386268403,
            0.3725,
            0.37589443817250984,
            0.3775
        ],
        "f_mu_Earth": [
            0.2809660540871576,
            0.28007531695855636,
            0.28250000000000003,
            0.28535299896874444,
            0.2875,
            0.28933148388359226,
            0.2925,
            0.29309961392922596,
            0.2975,
            0.29760138543317277,
            0.3025,
            0.3028566854031049,
            0.3075,
            0.31032495800271764,
            0.3125,
            0.3175,
            0.3204467792375047,
            0.32250000000000006,
            0.32255031381502813,
            0.3275,
            0.3279091506951001,
            0.3325,
            0.33549182778037995,
            0.3375,
            0.3409062229100708,
            0.3425,
            0.34573910453177437,
            0.34750000000000003,
            0.35221867454582645,
            0.35250000000000004,
            0.35749999999999993,
            0.36250000000000004,
            0.36503698479451363,
            0.3625,
            0.3575,
            0.35250000000000004,
            0.34750000000000003,
            0.3425,
            0.342114864793465,
            0.3375,
            0.3325,
            0.33049396169200096,
            0.3275,
            0.3225,
            0.32210969476622237,
            0.3175,
            0.3141657980862312,
            0.3125,
            0.30800200885722595,
            0.3075,
            0.3025,
            0.30170767084110034,
            0.2975,
            0.29631832648664774,
            0.29262383510782736,
            0.2925,
            0.28873316095707496,
            0.2875,
            0.2846164588584512,
            0.28250000000000003,
            0.2809660540871576
        ]
    },
    "0.90": {
        "f_e_Earth": [
            0.39249999999999996,
            0.3975000000000001,
            0.4018242859625794,
            0.3975,
            0.3962994076354214,
            0.3925,
            0.3912568950497329,
            0.3875,
            0.38655802584455673,
            0.3839690653685931,
            0.3847320260100252,
            0.3875,
            0.3891060591682093,
            0.3875,
            0.3844844117428854,
            0.3825,
            0.3785280927294081,
            0.3775,
            0.3725,
            0.37209450479346773,
            0.3675,
            0.3656448721775276,
            0.36249999999999993,
            0.3590492207867507,
            0.3575,
            0.35293554986165426,
            0.35250000000000004,
            0.34955937700817086,
            0.34750000000000003,
            0.34557343756577774,
            0.3425,
            0.3391501834947719,
            0.3375,
            0.3356200631228603,
            0.3325,
            0.33203643129243765,
            0.33115665689325224,
            0.3288016563956311,
            0.3275,
            0.32389345827570687,
            0.3225,
            0.32211699678902583,
            0.3201457271131797,
            0.3203435808038372,
            0.3225,
            0.32305839543973874,
            0.32320877241728524,
            0.3234307309584443,
            0.3245409571898509,
            0.3275,
            0.32820422707864677,
            0.3288241011199462,
            0.3325,
            0.3331485562924964,
            0.33453867070806975,
            0.3375,
            0.33826054057800004,
            0.3425,
            0.34295532558021075,
            0.3460555342782627,
            0.34750000000000003,
            0.34936087273192284,
            0.35250000000000004,
            0.35418868238721907,
            0.3575,
            0.3598325936899693,
            0.3625,
            0.3675,
            0.36753028317189024,
            0.3725,
            0.3738710169797114,
            0.3775,
            0.3824967157979559,
            0.3825,
            0.38749999999999996,
            0.3913591372300801,
            0.39249999999999996
        ],
        "f_mu_Earth": [
            0.2713659466285045,
            0.2701123984415901,
            0.2725,
            0.2764062265322939,
            0.2775,
            0.28170569303353327,
            0.28250000000000003,
            0.2866702967159424,
            0.2875,
            0.2925,
            0.2975,
            0.29881233644211336,
            0.3025,
            0.30398071392313386,
            0.3075,
            0.3089771150447158,
            0.3125,
            0.31326534899985026,
            0.31711977256166296,
            0.3175,
            0.3208529776227507,
            0.3225,
            0.3248381494196488,
            0.3275,
            0.32866128074356743,
            0.33249999999999996,
            0.33293725430120913,
            0.3375,
            0.34075166450868943,
            0.3425,
            0.34480362018687327,
            0.34750000000000003,
            0.3489811845926412,
            0.35250000000000004,
            0.3557786978361633,
            0.3575,
            0.36250000000000004,
            0.36749999999999994,
            0.37056351606731963,
            0.37249999999999994,
            0.37299194872396546,
            0.37250000000000005,
            0.3675,
            0.36250000000000004,
            0.35989948693671636,
            0.3575,
            0.35250000000000004,
            0.34750000000000003,
            0.3425,
            0.3395409571898509,
            0.3375,
            0.3325,
            0.3288241011199462,
            0.3275,
            0.3225,
            0.31953867070806974,
            0.3175,
            0.3131909048735262,
            0.3125,
            0.3075,
            0.30605553427826265,
            0.3025,
            0.2993608727319228,
            0.2975,
            0.294188682387219,
            0.2925,
            0.2898325936899693,
            0.28752420435537746,
            0.2875,
            0.2833548398539991,
            0.28250000000000003,
            0.2790328873815791,
            0.2775,
            0.27749671579795593,
            0.2742197225588557,
            0.2725,
            0.2713659466285045
        ]
    },