{
    "0.68": {
        "f_e_Earth": [
            0.2375,
            0.2425,
            0.24591209940847525,
            0.2475,
            0.25150885954527297,
            0.2525,
            0.2575,
            0.2625,
            0.2625417131432546,
            0.2675,
            0.2725,
            0.27293102697276317,
            0.2775,
            0.2796816172460652,
            0.2798928548117344,
            0.2786551668121851,
            0.2775,
            0.2762294494960167,
            0.2750919801764422,
            0.2725,
            0.2724173082770983,
            0.27058327918492997,
            0.268592416403923,
            0.2675,
            0.2657724033451649,
            0.2638110443262973,
            0.2625,
            0.2602789445659125,
            0.25822617805065823,
            0.2575,
            0.25376917349913286,
            0.2525,
            0.2503150995713873,
            0.25036529508103295,
            0.2505846553790627,
            0.24989494876374074,
            0.24761667065376441,
            0.2475,
            0.24332830892354212,
            0.2425,
            0.2375,
            0.23662570044370587,
            0.2325,
            0.2278736645422729,
            0.2275,
            0.22250000000000003,
            0.2196180146755186,
            0.21749999999999997,
            0.21286717529208982,
            0.21250000000000002,
            0.20750000000000002,
            0.2067751989629599,
            0.2025,
            0.2003300633328326,
            0.20193347555813515,
            0.2025,
            0.20505270637499656,
            0.20750000000000002,
            0.20797709556625307,
            0.21081186295229284,
            0.2125,
            0.21435179193639342,
            0.2175,
            0.21775150462868664,
            0.2206675472622453,
            0.2225,
            0.22458488283317332,
            0.2275,
            0.22860711245336107,
            0.23245552951944182,
            0.2325,
            0.23714253758899062,
            0.2375
        ],
        "f_mu_Earth": [
            0.5221301434264133,
            0.5188322877904149,
            0.5225,
            0.5256982835943373,
            0.5275000000000001,
            0.5283120627177005,
            0.5283029982820941,
            0.5275296535388624,
            0.5275000000000001,
            0.5255749466450923,
            0.5229650775431082,
            0.5225,
            0.5194543238647522,
            0.5225,
            0.5275000000000001,
            0.5325,
            0.5343714035601482,
            0.5375000000000001,
            0.5425,
            0.5473844252114368,
            0.5475000000000001,
            0.5525,
            0.5575000000000001,
            0.5590851878373986,
            0.5625,
            0.5675000000000001,
            0.5694536795821111,
            0.5725,
            0.5775,
            0.5785932067044729,
            0.5825,
            0.5851135081547568,
            0.5825,
            0.5775,
            0.5725,
            0.5675000000000001,
            0.5625,
            0.5621189333730098,
            0.5575000000000001,
            0.5569176560502328,
            0.556525916255216,
            0.5575000000000001,
            0.5607504557684845,
            0.5625,
            0.562602820444518,
            0.5653197250593552,
            0.5675000000000001,
            0.5690621842821677,
            0.5725,
            0.5727211295372568,
            0.5769425929425861,
            0.5775,
            0.5819281121896527,
            0.5775,
            0.5724999999999999,
            0.5716841889550299,
            0.5675000000000001,
            0.5632297626312447,
            0.5625,
            0.5575000000000001,
            0.5552819128819674,
            0.5525,
            0.5478332074581175,
            0.5475000000000001,
            0.5425,
            0.540333610462199,
            0.5375000000000001,
            0.5338118151697182,
            0.5325,
            0.5275000000000001,
            0.5274530834852025,
            0.5225,
            0.5221301434264133
        ]
    },
    "0.90": {
        "f_e_Earth": [
            0.2425,
            0.2475,
            0.24992368910686819,
            0.2525,
            0.2575,
            0.2625,
            0.2675,
            0.2725,
            0.2744878455273214,
            0.2775,
            0.28250000000000003,
            0.2827033001090848,
            0.28250000000000003,
            0.28174862779609966,
            0.2812351998702003,
            0.28048266494666607,
            0.2775,
            0.27743177504691957,
            0.27630645042987945,
            0.27481204335406983,
            0.2725,
            0.27175875086400136,
            0.2704588479878785,
            0.2675,
            0.2671425912464895,
            0.2656076918607839,
            0.2625,
            0.2622309573820649,
            0.2603395545797881,
            0.2575,
            0.2568074036393928,
            0.2543864809617255,
            0.2525,
            0.24883395813905063,
            0.2475,
            0.24561702197184232,
            0.24327346596936394,
            0.2425,
            0.23749999999999996,
            0.23250000000000004,
            0.23029194340080683,
            0.22749999999999998,
            0.2225,
            0.21987927096066665,
            0.2175,
            0.2125,
            0.20750000000000002,
            0.2048058292127761,
            0.2025,
            0.1975,
            0.1954771290622952,
            0.1925,
            0.19113320921568536,
            0.1921257519177863,
            0.1925,
            0.1946372120859736,
            0.19725666410320863,
            0.1975,
            0.19960746125778073,
            0.2025,
            0.20300921464788957,
            0.2053504116232715,
            0.20750000000000002,
            0.20896379679584684,
            0.2125,
            0.21273543572835094,
            0.21526659532171372,
            0.2175,
            0.2189795028125843,
            0.2225,
            0.22311653430652134,
            0.22644576484127624,
            0.2275,
            0.23003915038501704,
            0.2325,
            0.23475308301834547,
            0.2375,
            0.24013202606554968,
            0.2425
        ],