{
    "0.68": {
        "f_e_Earth": [
            0.40750000000000003,
            0.41250000000000003,
            0.41264708931103555,
            0.4125,
            0.41018247960783216,
            0.40820764769815415,
            0.40750000000000003,
            0.404438534306632,
            0.4025,
            0.4005883797938502,
            0.39749999999999996,
            0.3946220540892933,
            0.39250000000000007,
            0.3875,
            0.383999413079851,
            0.3825,
            0.37793807045253425,
            0.3775,
            0.37287366414463025,
            0.3725,
            0.3683460508749241,
            0.3675,
            0.3654737224189348,
            0.3625,
            0.3614920204626435,
            0.3575,
            0.35729917643682524,
            0.35508245895412927,
            0.35250000000000004,
            0.351176328147214,
            0.34750000000000003,
            0.3439473992414773,
            0.34414253711551424,
            0.34750000000000003,
            0.3476709035841594,
            0.34886102726339796,
            0.35211338298276673,
            0.3525000000000001,
            0.3540948961255298,
            0.3575,
            0.35791393481844863,
            0.36047001004475543,
            0.3625,
            0.36521605127283396,
            0.3675,
            0.3706676148025683,
            0.37249999999999994,
            0.37646367699717687,
            0.37749999999999995,
            0.3825,
            0.3861671645831879,
            0.3875,
            0.39250000000000007,
            0.39620528532635957,
            0.3975,
            0.4015686198397269,
            0.4025,
            0.40703187485770226,
            0.40750000000000003
        ],
        "f_mu_Earth": [
            0.21210631984066902,
            0.21182132220415306,
            0.2125,
            0.21286190180089884,
            0.2175,
            0.22249999999999998,
            0.22365580568793791,
            0.22750000000000004,
            0.23037450485745456,
            0.23250000000000004,
            0.23570276423065945,
            0.2375,
            0.23947256789004748,
            0.2395906124125462,
            0.2425,
            0.24312594294709727,
            0.2475,
            0.24778520648009159,
            0.2525,
            0.25278327920929916,
            0.25749999999999995,
            0.2582059912344291,
            0.2625,
            0.265443774652875,
            0.2675,
            0.27220994436291673,
            0.2725,
            0.2775,
            0.28039847825477976,
            0.28250000000000003,
            0.2870146691397647,
            0.28250000000000003,
            0.2775,
            0.2728121761005951,
            0.2725,
            0.2675,
            0.2625,
            0.26210588605658847,
            0.2575,
            0.25301684919101664,
            0.2525,
            0.2475,
            0.2452505088375327,
            0.24250000000000002,
            0.23997687694019137,
            0.2375,
            0.23547945214305122,
            0.23249999999999998,
            0.23150469259428347,
            0.22905425074648983,
            0.22749999999999998,
            0.22688958102777945,
            0.2256913016475478,
            0.2225,
            0.22183189832015576,
            0.21750000000000003,
            0.21681604052111697,
            0.21249999999999997,
            0.21210631984066902
        ]
    },
    "0.90": {
        "f_e_Earth": [
            0.4175,
            0.4225,
            0.423584240236396,
            0.4227386158437776,
            0.4225,
            0.42034349501523594,
            0.4182731465780342,
            0.4175,
            0.41550820723791104,
            0.41250000000000003,
            0.4124873331489078,
            0.40963232251651877,
            0.40750000000000003,
            0.4059542591245676,
            0.4025,
            0.40180985915451667,
            0.39768499407282465,
            0.3975,
            0.3925,
            0.3923984364002172,
            0.3875,
            0.3825,
            0.3803090284037869,
            0.37750000000000006,
            0.3725,
            0.37244715084495666,
            0.3675,
            0.3670885984876574,
            0.3625,
            0.3622756744370204,
            0.3596156990196934,
            0.35749999999999993,
            0.35638581915709067,
            0.35250000000000004,
            0.35209772668934486,
            0.34938310196038225,
            0.34750000000000003,
            0.3428151410242357,
            0.3425,
            0.34220744577327866,
            0.3401511700041255,
            0.3425,
            0.34305701050886206,
            0.3432998462446088,
            0.34531843672452633,
            0.34750000000000003,
            0.3481610145694004,
            0.349746522784085,
            0.35250000000000004,
            0.3532594226743229,
            0.35570815861771643,
            0.3575,
            0.3589322630928333,
            0.3625,
            0.3635333764497565,
            0.3675,
            0.3682903354779836,
            0.37249999999999994,
            0.3729763359468324,
            0.3775,
            0.37847843091422007,
            0.3825,
            0.3844606845161997,
            0.3875,
            0.390918497532184,
            0.3925,
            0.3975,
            0.39802600490741835,
            0.40249999999999997,
            0.40479915252262716,
            0.40750000000000003,
            0.4106642276393021,
            0.4125,
            0.4172659716244347,
            0.4175
        ],
        "f_mu_Earth": [
            0.19731425530812904,
            0.1952783596381917,
            0.1975,
            0.2025,
            0.20298599643743906,
            0.20750000000000002,
            0.21250000000000002,
            0.21368143458867134,
            0.21749999999999997,
            0.22247782576410627,
            0.2225,
            0.2275,
            0.23037639796762216,
            0.23249999999999998,
            0.23679067377193944,
            0.2375,
            0.2425,
            0.24270202133168484,
            0.24746201824699163,
            0.2475,
            0.2496216576327167,
            0.2511594387535067,
            0.2525,
            0.25404056448738604,
            0.25743999090964803,
            0.2575,
            0.2616281738905488,
            0.2625,
            0.2670423876264231,
            0.2675,
            0.2725,
            0.2747265550441367,
            0.2775,
            0.2818613325628371,
            0.28250000000000003,
            0.2875,
            0.28947198139371333,
            0.29250000000000004,
            0.29279990854533927,
            0.2925,
            0.2875,
            0.2846329108472643,
            0.28250000000000003,
            0.2775,
            0.2725,
            0.2703121115552797,
            0.2675,
            0.2625,
            0.25969312985386983,
            0.2575,
            0.2525,
            0.25068639251942065,
            0.2475,
            0.24354648652475097,
            0.2425,
            0.23811799298287326,
            0.2375,
            0.2328580564608602,
            0.2325,
            0.2281553735458676,
            0.2275,
            0.22390743943526642,
            0.2225,
            0.2199140936180886,
            0.21750000000000003,
            0.21620548761215663,
            0.21288202207719203,
            0.2125,
            0.20939090991949516,
            0.20750000000000002,
            0.2053098201077584,
            0.2025,
            0.20103986121894324,
            0.1975,
            0.19731425530812904
        ]
    },