{
    "0.68": {
        "f_e_Earth": [
            0.35250000000000004,
            0.3545778177208161,
            0.35250000000000004,
            0.3513266267140885,
            0.3501449821695532,
            0.34871176518005975,
            0.3484959589649071,
            0.3479103298426514,
            0.34750000000000003,
            0.34606748190596864,
            0.34383914126405346,
            0.3425,
            0.33906262276601673,
            0.33749999999999997,
            0.33584843759981436,
            0.3325,
            0.33238896989676514,
            0.33209094645567855,
            0.33185018312873066,
            0.3317809648745662,
            0.33187332013893384,
            0.3320833908590402,
            0.3325,
            0.3345451079260691,
            0.3330650851619842,
            0.3325,
            0.33224367083984474,
            0.3294461480763926,
            0.3275,
            0.3247242125473121,
            0.3235831494494411,
            0.3225,
            0.32109282512116033,
            0.3202165120240289,
            0.32077045199585463,
            0.3225,
            0.3232543661565626,
            0.32370043419365485,
            0.32418562049641547,
            0.3266547849883127,
            0.3275,
            0.3291619139953251,
            0.3309788029020526,
            0.3325,
            0.3344240146652673,
            0.3375,
            0.33817185317988885,
            0.34032037646251767,
            0.3425,
            0.34468091355517977,
            0.34750000000000003,
            0.35003780700494636,
            0.35250000000000004
        ],
        "f_mu_Earth": [
            0.30475290532204613,
            0.3075,
            0.3106871971992132,
            0.3125,
            0.3175,
            0.3225,
            0.3275,
            0.3325,
            0.3334822548381347,
            0.3375,
            0.3425,
            0.34490812035596063,
            0.34750000000000003,
            0.3483660045927436,
            0.35250000000000004,
            0.35685298989549696,
            0.3575,
            0.3625,
            0.3675,
            0.3725,
            0.3775,
            0.3825,
            0.3836210608052571,
            0.3875,
            0.3925,
            0.39276807132483876,
            0.3925,
            0.3875,
            0.38666518874476163,
            0.3825,
            0.3775,
            0.37485704492324495,
            0.3725,
            0.36750000000000005,
            0.3625,
            0.3601680939493548,
            0.3575,
            0.35250000000000004,
            0.34750000000000003,
            0.3425,
            0.3416547849883127,
            0.3375,
            0.3325,
            0.3309788029020526,
            0.3275,
            0.32319100822960367,
            0.3225,
            0.3175,
            0.31528313237340577,
            0.3125,
            0.3092859455114312,
            0.3075,
            0.30475290532204613
        ]
    },
    "0.90": {
        "f_e_Earth": [
            0.3525,
            0.3575,
            0.3599070956534437,
            0.3575,
            0.35637294625631094,
            0.3541225250365949,
            0.35250000000000004,
            0.3521086176382683,
            0.35191259190030727,
            0.35250000000000004,
            0.35266310868724726,
            0.35250000000000004,
            0.3518686475838828,
            0.35153185273532084,
            0.3523965947663094,
            0.35250000000000004,
            0.35328717213616917,
            0.3539516522288115,
            0.35473653647977965,
            0.3537398677397423,
            0.35250000000000004,
            0.34750000000000003,
            0.34507262155390755,
            0.3425,
            0.3410310112351571,
            0.33914358036471437,
            0.3383549228661865,
            0.3383117163643419,
            0.3396369409514063,
            0.3400197991853887,
            0.3375,
            0.3355857081144512,
            0.3325,
            0.3294664241849483,
            0.3275,
            0.3252438351742329,
            0.3233822596005692,
            0.3225,
            0.32120769192863535,
            0.3189941698659037,
            0.3186297322496337,
            0.31886010260875497,
            0.3225,
            0.32252612987789503,
            0.322999231812758,
            0.3232010091685955,
            0.3242278755072947,
            0.3275,
            0.3281911502029179,
            0.32894675075751717,
            0.3325,
            0.3333001515903091,
            0.3352962924750317,
            0.3375,
            0.3386729269804919,
            0.3425,
            0.3433678825934269,
            0.34750000000000003,
            0.34791059783686756,
            0.35216731514902977,
            0.3525
        ],
        "f_mu_Earth": [
            0.3021673151490297,
            0.29853808622873407,
            0.3025,
            0.30506421834545683,
            0.3075,
            0.3125,
            0.3156577989049114,
            0.3175,
            0.3225,
            0.3269540841723898,
            0.32749999999999996,
            0.32811795976534003,
            0.3325,
            0.3375,
            0.3425,
            0.34337099457472886,
            0.34750000000000003,
            0.3525,
            0.3575,
            0.36250000000000004,
            0.36393330262627344,
            0.3663900781952066,
            0.3675,
            0.36980755465081455,
            0.3725,
            0.3775,
            0.3825,
            0.38750000000000007,
            0.3925,
            0.3975,
            0.3993791379444119,
            0.3975000000000001,
            0.3956725406787397,
            0.3925,
            0.38976299761567734,
            0.3875,
            0.3825,
            0.37887011047900815,
            0.3775,
            0.3725,
            0.36749999999999994,
            0.3625,
            0.3575924179438627,
            0.3575,
            0.35250000000000004,
            0.34750000000000003,
            0.3425,
            0.33922787550729466,
            0.3375,
            0.3325,
            0.32894675075751717,
            0.3275,
            0.3225,
            0.32029629247503166,
            0.3175,
            0.3136075322707519,
            0.3125,
            0.30778895237594023,
            0.3075,
            0.3025,
            0.3021673151490297
        ]
    },