{
    "0.68": {
        "f_e_Earth": [
            0.43800000000000006,
            0.442,
            0.4429024571942078,
            0.44582351537693116,
            0.4432730273235693,
            0.44199999999999995,
            0.438,
            0.434,
            0.4316812044526153,
            0.43102953744759726,
            0.434,
            0.43459696495456496,
            0.43800000000000006
        ],
        "f_mu_Earth": [
            0.17648649997812382,
            0.1773793591701562,
            0.178,
            0.182,
            0.186,
            0.18713268238015157,
            0.18886141977545895,
            0.18875371400310992,
            0.186,
            0.182,
            0.1783033659189607,
            0.178,
            0.17648649997812382
        ]
    },
    "0.90": {
        "f_e_Earth": [
            0.43,
            0.434,
            0.438,
            0.442,
            0.446,
            0.447433351603478,
            0.4490377177632917,
            0.446,
            0.4459784558403117,
            0.442,
            0.44053167032266904,
            0.438,
            0.434,
            0.4329101666506404,
            0.43,
            0.426,
            0.4259119247293832,
            0.42600000000000005,
            0.42702608639648326,
            0.4273467112568974,
            0.42748446924277617,
            0.4299497186889476,
            0.43
        ],
        "f_mu_Earth": [
            0.1779516023980297,
            0.1749719761911298,
            0.1745033065495142,
            0.17478859276149658,
            0.17667486994014997,
            0.178,
            0.182,
            0.18596374419802164,
            0.186,
            0.18953985083202865,
            0.19,
            0.192128030075571,
            0.1936744335247671,
            0.194,
            0.19688985574985116,
            0.19461705272063484,
            0.194,
            0.19379821413977094,
            0.19,
            0.186,
            0.182,
            0.17799999999999996,
            0.1779516023980297
        ]
    },
    "0.95": {
        "f_e_Earth": [
            0.43,
            0.434,
            0.438,
            0.442,
            0.446,
            0.44937419232351566,
            0.4498775211816541,
            0.4486865648523139,
            0.44599999999999995,
            0.44315618408826996,
            0.442,
            0.438,
            0.4371619257392201,
            0.434,
            0.43308484574507944,
            0.42999999999999994,
            0.426,
            0.4220421263248002,
            0.42213138787323323,
            0.42340137396782307,
            0.4249024877525867,
            0.42599999999999993,
            0.4260913318550412,
            0.42708209634708383,
            0.43
        ],
        "f_mu_Earth": [
            0.17519141095119029,
            0.17413052181719724,
            0.1740259785709952,
            0.17416503014031168,
            0.17488056743038036,
            0.178,
            0.182,
            0.186,
            0.1886255855041224,
            0.19,
            0.19110480319339204,
            0.19368204020740223,
            0.194,
            0.19709023373402224,
            0.198,
            0.20088885378633609,
            0.2016954918841693,
            0.198,
            0.194,
            0.19,
            0.186,
            0.18308271245355595,
            0.182,
            0.178,
            0.17519141095119029
        ]
    },
    "0.997": {
        "f_e_Earth": [
            0.42999999999999994,
            0.434,
            0.43799999999999994,
            0.442,
            0.446,
            0.4482664278191537,
            0.45,
            0.4533956652619038,
            0.4536968195570157,
            0.45239607295079237,
            0.45,
            0.447636274425536,
            0.446,
            0.442,
            0.44194722927530183,
            0.438,
            0.43777760899705026,
            0.434,
            0.4339523855859505,
            0.43,
            0.42859744904336894,
            0.426,
            0.422,
            0.41800000000000004,
            0.4143965608512731,
            0.4146470488062421,
            0.4150988711098763,
            0.41578442414865,
            0.41800000000000004,
            0.4181740078502861,
            0.4193379742383939,
            0.422,
            0.4220360141846253,
            0.4226765852221389,
            0.426,
            0.4266708070681222,
            0.42999999999999994
        ],
        "f_mu_Earth": [
            0.17113927576697407,
            0.170367264978862,
            0.170306630393213,
            0.17053895346547393,
            0.1719806443388264,
            0.174,
            0.17454804780634353,
            0.178,
            0.182,
            0.186,
            0.18839926768259874,
            0.19,
            0.19162445134297415,
            0.193976296692211,
            0.194,
            0.1977920727432338,
            0.198,
            0.20196272065596374,
            0.202,
            0.2056823977118697,
            0.20600000000000002,
            0.20800292216334143,
            0.20924203419724383,
            0.20947823470426755,
            0.20600000000000002,
            0.202,
            0.198,
            0.194,
            0.1907418018487706,
            0.19,
            0.186,
            0.18223700147197158,
            0.182,
            0.178,
            0.17446654006611628,
            0.174,
            0.17113927576697407
        ]
    }
}