{
    "0.68": {
        "f_e_Earth": [
            0.182,
            0.18561008424379538,
            0.186,
            0.1888486008179261,
            0.18948726777392516,
            0.18932704826184613,
            0.1887925900217167,
            0.18674472817110904,
            0.186,
            0.1852660668288205,
            0.182,
            0.18095203732884013,
            0.17902735875577783,
            0.17820336936051565,
            0.178,
            0.1776701536432207,
            0.178,
            0.17870860469174354,
            0.182
        ],
        "f_mu_Earth": [
            0.5394214303256873,
            0.542,
            0.5423759843528045,
            0.546,
            0.55,
            0.554,
            0.558,
            0.562,
            0.5626728060105072,
            0.562,
            0.5594167976415663,
            0.558,
            0.554,
            0.55,
            0.5472602456981529,
            0.546,
            0.5447187115226477,
            0.542,
            0.5394214303256873
        ]
    },
    "0.90": {
        "f_e_Earth": [
            0.182,
            0.186,
            0.1866024232169937,
            0.19,
            0.19377323661389276,
            0.1939471439752546,
            0.19336854238319562,
            0.19281874480710692,
            0.1922628229804193,
            0.191060929851446,
            0.19,
            0.18653206578374598,
            0.186,
            0.18578194782269267,
            0.182,
            0.1811881299107025,
            0.17878245618063676,
            0.17799999999999996,
            0.1775301410638755,
            0.17558718225725897,
            0.1751429345654289,
            0.17552324231057184,
            0.178,
            0.17865842332762114,
            0.182
        ],
        "f_mu_Earth": [
            0.5362579840329232,
            0.5378215919551657,
            0.538,
            0.5392448298381571,
            0.542,
            0.546,
            0.55,
            0.554,
            0.558,
            0.562,
            0.5639706588539812,
            0.5660000000000001,
            0.5662357271860702,
            0.5660000000000001,
            0.5629757673180518,
            0.562,
            0.558,
            0.5546031439080286,
            0.554,
            0.55,
            0.546,
            0.542,
            0.5382937995943264,
            0.538,
            0.5362579840329232
        ]
    },
    "0.95": {
        "f_e_Earth": [
            0.178,
            0.182,
            0.186,
            0.19,
            0.194,
            0.19596385720822362,
            0.19751054880705837,
            0.19766633657135343,
            0.19713033553045906,
            0.1956857250165596,
            0.194,
            0.1938518344692207,
            0.19325576787258597,
            0.19194608661848345,
            0.19,
            0.186,
            0.18292673726666137,
            0.182,
            0.17928846026324705,
            0.1781767484898291,
            0.178,
            0.1754816845147874,
            0.17464671681274713,
            0.1744373808538095,
            0.1745669380029129,
            0.17579661365897165,
            0.178
        ],
        "f_mu_Earth": [
            0.5354210887945388,
            0.5345861382664988,
            0.5350041000606237,
            0.5352188105078487,
            0.5359424052226069,
            0.538,
            0.542,
            0.546,
            0.55,
            0.554,
            0.5569230468108946,
            0.558,
            0.562,
            0.5660000000000001,
            0.5687541279207572,
            0.5693223771719693,
            0.5660000000000001,
            0.5652589350089391,
            0.562,
            0.558,
            0.557232686507845,
            0.554,
            0.55,
            0.546,
            0.542,
            0.538,
            0.5354210887945388
        ]
    },
    "0.997": {
        "f_e_Earth": [
            0.186,
            0.19,
            0.194,
            0.198,
            0.19823591577846011,
            0.20191960939978038,
            0.202,
            0.20408664932782386,
            0.2047568715457486,
            0.20486175316995905,
            0.20460747701109422,
            0.20391060882628298,
            0.2023276163258726,
            0.202,
            0.20047400665102627,
            0.198,
            0.19770337286579434,
            0.1963759887333174,
            0.194,
            0.193864369857476,
            0.19,
            0.186,
            0.18404946098703662,
            0.182,
            0.18167831764753192,
            0.1784524517745874,
            0.178,
            0.17767766566475807,
            0.17445782672392984,
            0.17408306026446138,
            0.1740045954175565,
            0.174,
            0.17180163222253836,
            0.1714547262688944,
            0.17238606239039178,
            0.174,
            0.17443939908193037,
            0.178,
            0.182,
            0.18514844965728655,
            0.186
        ],
        "f_mu_Earth": [
            0.5297542016758765,
            0.5276472673285606,
            0.5279753492402461,
            0.5297983533968417,
            0.53,
            0.534,
            0.534211336718628,
            0.538,
            0.542,
            0.546,
            0.55,
            0.554,
            0.558,
            0.5585386874755194,
            0.562,
            0.5650949284666786,
            0.5660000000000001,
            0.5700000000000001,
            0.5737126631155816,
            0.5740000000000001,
            0.5776770858830841,
            0.5761412794409408,
            0.5740000000000001,
            0.5703531729130956,
            0.5700000000000001,
            0.5660000000000001,
            0.562359762596901,
            0.562,
            0.558,
            0.554,
            0.55,
            0.5497114857271556,
            0.546,
            0.542,
            0.538,
            0.5358593394928346,
            0.534,
            0.5304232005603128,
            0.5301305907192764,
            0.53,
            0.5297542016758765
        ]
    }
}