{
    "0.68": {
        "f_e_Earth": [
            0.3725,
            0.37510124839051034,
            0.3725,
            0.370799131494293,
            0.3675,
            0.3661257353375278,
            0.3625,
            0.3615293149935638,
            0.3575,
            0.35689277351428206,
            0.35265031862152063,
            0.3525000000000001,
            0.351450840652289,
            0.3511244307905917,
            0.35083803849912376,
            0.3489854120670435,
            0.34750000000000003,
            0.345938659451125,
            0.3425,
            0.3415026341040355,
            0.3375,
            0.3362451442126021,
            0.3325,
            0.332268229178771,
            0.33155414670086175,
            0.3306252557157043,
            0.3292510034498542,
            0.3282109514883186,
            0.3275,
            0.32348618952189534,
            0.3225,
            0.32112416849055453,
            0.32178615923307685,
            0.3225,
            0.3237568875391667,
            0.32401847270385886,
            0.3248187003779042,
            0.3275,
            0.32779207320286885,
            0.3295379632693334,
            0.33161477276581997,
            0.3325,
            0.3345783237254605,
            0.3375,
            0.3381225433499412,
            0.3399813285812051,
            0.3425,
            0.3439677893414508,
            0.34750000000000003,
            0.3485566846750464,
            0.35250000000000004,
            0.35275542198982723,
            0.3575,
            0.357528527042353,
            0.3625,
            0.36373446407401033,
            0.3675,
            0.3704401855580717,
            0.3725
        ],
        "f_mu_Earth": [
            0.28583107621030046,
            0.2875,
            0.2901102676078545,
            0.2925,
            0.29585068992389674,
            0.2975,
            0.30129057853026947,
            0.3025,
            0.3066811308248273,
            0.3075,
            0.3125,
            0.3126750596596014,
            0.3175,
            0.3225,
            0.3275,
            0.3325,
            0.33495939138192304,
            0.3375,
            0.34159614354753143,
            0.3425,
            0.34562045545377446,
            0.34750000000000003,
            0.35207515351479085,
            0.35250000000000004,
            0.3575,
            0.3625,
            0.36750000000000005,
            0.3725,
            0.3770638149589655,
            0.3725,
            0.37208077963629815,
            0.3675,
            0.36250000000000004,
            0.3616091310459125,
            0.3575,
            0.35250000000000004,
            0.34750000000000003,
            0.342904462962572,
            0.3425,
            0.3375,
            0.3325,
            0.33161477276581997,
            0.3275,
            0.32327704998511386,
            0.3225,
            0.3175,
            0.31493037645214256,
            0.3125,
            0.3084755855849783,
            0.3075,
            0.3026830314134849,
            0.3025,
            0.297521569448682,
            0.2975,
            0.2935077922249005,
            0.2925,
            0.2897280897571276,
            0.2875,
            0.28583107621030046
        ]
    },
    "0.90": {
        "f_e_Earth": [
            0.3775,
            0.38250000000000006,
            0.3842173036958553,
            0.3825,
            0.379028893528588,
            0.3775,
            0.37450840467303315,
            0.3725,
            0.37047872224389755,
            0.3675,
            0.3671257799896025,
            0.3663597225744119,
            0.3675,
            0.3720812232545958,
            0.3675206309583404,
            0.3675,
            0.36250000000000004,
            0.3619514745071095,
            0.3575,
            0.3562188007617497,
            0.35250000000000004,
            0.35158675280466956,
            0.3496129298991886,
            0.34912754049630307,
            0.34794807320628535,
            0.34750000000000003,
            0.3425,
            0.3375,
            0.3373244121994381,
            0.3337579689262007,
            0.3325,
            0.3322908491989063,
            0.3317379116996083,
            0.33112868317757277,
            0.33053461484398705,
            0.32758456558944554,
            0.3275,
            0.32741637880734065,
            0.32338546879895824,
            0.3225,
            0.319673967839585,
            0.3190210192824177,
            0.31929884871744063,
            0.3225,
            0.3228074007800681,
            0.32313728446081186,
            0.3234731302488097,
            0.32483620765367305,
            0.3275,
            0.32835530831074605,
            0.32922691990890907,
            0.3325,
            0.3333722471015822,
            0.335330654147858,
            0.3375,
            0.33854138332085376,
            0.3425,
            0.3430805635601366,
            0.34726986166991086,
            0.34750000000000003,
            0.34977946348622024,
            0.35250000000000004,
            0.3546119370428519,
            0.3575,
            0.36041926302228566,
            0.36250000000000004,
            0.3675,
            0.3679652850735762,
            0.3725,
            0.3748124313375555,
            0.3775
        ],
        "f_mu_Earth": [
            0.27992418146777054,
            0.2800342822051341,
            0.28250000000000003,
            0.2844709180022774,
            0.2875,
            0.28948023678571194,
            0.2925,
            0.2953140053942747,
            0.2975,
            0.30198402088454024,
            0.3025,
            0.3075,
            0.30818798426156085,
            0.3125,
            0.3175,
            0.3175163316530523,
            0.321830840653055,
            0.3225,
            0.32619844134637793,
            0.3275,
            0.3305410296712703,
            0.3325,
            0.3375,
            0.3425,
            0.34750000000000003,
            0.3481643384703696,
            0.3502682775564432,
            0.3520630031569007,
            0.35250000000000004,
            0.35750000000000004,
            0.35944955373870907,
            0.36250000000000004,
            0.3675,
            0.3725,
            0.3775,
            0.3825,
            0.3825850314893649,
            0.38249999999999995,
            0.37750000000000006,
            0.3765863734058661,
            0.3725,
            0.3675,
            0.3625,
            0.3585049825855962,
            0.3575,
            0.35250000000000004,
            0.34750000000000003,
            0.3425,
            0.33983620765367306,
            0.3375,
            0.3325,
            0.32922691990890907,
            0.3275,
            0.3225,
            0.320330654147858,
            0.3175,
            0.31346130143862017,
            0.3125,
            0.3075,
            0.3072698616699108,
            0.3025,
            0.2997794634862202,
            0.2975,
            0.2946119370428518,
            0.2925,
            0.2904192630222856,
            0.2878525957413583,
            0.2875,
            0.2838258371889414,
            0.28250000000000003,
            0.27992418146777054
        ]
    },