{
    "0.68": {
        "f_e_Earth": [
            0.2175,
            0.21936155835731988,
            0.2225,
            0.2275,
            0.23250000000000004,
            0.2375,
            0.2425,
            0.2475,
            0.2525,
            0.2554568241367656,
            0.2575,
            0.2625,
            0.26314873582070636,
            0.26638359483919033,
            0.2657142769042564,
            0.2643420501664699,
            0.2625,
            0.2617330420069319,
            0.25879323267403304,
            0.25750000000000006,
            0.25408759457655367,
            0.2525,
            0.24793122269122653,
            0.2475,
            0.24281645710383962,
            0.2425,
            0.2375,
            0.23391669084164837,
            0.23250000000000004,
            0.22750000000000004,
            0.22455280650124065,
            0.2225,
            0.21750000000000003,
            0.21346798492572816,
            0.2125,
            0.20750000000000002,
            0.2025,
            0.1975,
            0.19249999999999998,
            0.19095813386110072,
            0.1875,
            0.1825,
            0.1775,
            0.17250000000000001,
            0.17171351224784714,
            0.1675,
            0.1674057648094845,
            0.16459281551404847,
            0.16640734323945877,
            0.167163939030721,
            0.1671376599843614,
            0.1675,
            0.16849712835842984,
            0.17058280082903965,
            0.17250000000000001,
            0.173891971142174,
            0.1771016300398777,
            0.1775,
            0.18239863784100452,
            0.1825,
            0.1875,
            0.18882911228491886,
            0.1925,
            0.1975,
            0.2025,
            0.20750000000000002,
            0.2125,
            0.21696429975328924,
            0.2175
        ],
        "f_mu_Earth": [
            0.5124393135009838,
            0.5125,
            0.5126648557658663,
            0.5131388834564932,
            0.5134833856468155,
            0.5144535860817605,
            0.514974222359312,
            0.5158623306183273,
            0.5167752446100861,
            0.5175000000000001,
            0.5187473320813004,
            0.5219821132301792,
            0.5225,
            0.5275000000000001,
            0.5325,
            0.5375000000000001,
            0.5411312185099789,
            0.5425,
            0.5475000000000001,
            0.5487644141186229,
            0.5525,
            0.5543084773002482,
            0.5575000000000001,
            0.5577405663624667,
            0.5625,
            0.5627480797653315,
            0.5649764354650759,
            0.5675000000000001,
            0.5683510429556908,
            0.5705099065358878,
            0.5725,
            0.5738218617579613,
            0.5762233877773436,
            0.5775,
            0.5778983699601228,
            0.5799806375324927,
            0.5820936429951501,
            0.5812125354433703,
            0.5782109716084923,
            0.5775,
            0.5761670660504424,
            0.5754449231581462,
            0.5735126595482601,
            0.5730689485866639,
            0.5725,
            0.5676437485957018,
            0.5675000000000001,
            0.5625,
            0.5575000000000001,
            0.5525,
            0.5475000000000001,
            0.5455872628020617,
            0.5425,
            0.5375000000000001,
            0.5341605307918871,
            0.5325,
            0.5275000000000001,
            0.5271207009422241,
            0.5225,
            0.522413720530263,
            0.5182434352098138,
            0.5175000000000001,
            0.5160658811724502,
            0.5142001555735709,
            0.5136214594018789,
            0.5137480604288718,
            0.5132925129830233,
            0.5125,
            0.5124393135009838
        ]
    },
    "0.90": {
        "f_e_Earth": [
            0.1875,
            0.1925,
            0.1975,
            0.2025,
            0.20750000000000002,
            0.2125,
            0.2175,
            0.2225,
            0.2275,
            0.23249999999999998,
            0.2375,
            0.2425,
            0.2475,
            0.2525,
            0.25683468546178956,
            0.2575,
            0.2625,
            0.2675,
            0.2725000000000001,
            0.2759774109435738,
            0.2775,
            0.28095512513162685,
            0.28250000000000003,
            0.28281924181533324,
            0.28250000000000003,
            0.28241087511233404,
            0.2803219460916681,
            0.2783160519788142,
            0.2775,
            0.2749294592635617,
            0.2725,
            0.27199241838630595,
            0.2685359531876567,
            0.2675,
            0.26414005730828777,
            0.2625,
            0.2580415820727482,
            0.2575,
            0.2525,
            0.24993633155581757,
            0.2475,
            0.2425,
            0.23826359307047332,
            0.2375,
            0.23250000000000004,
            0.22888806655356908,
            0.2275,
            0.2225,
            0.21750000000000003,
            0.21391129779295934,
            0.2125,
            0.20750000000000002,
            0.2025,
            0.1975,
            0.1925,
            0.1875,
            0.1839555544279916,
            0.1825,
            0.1775,
            0.17250000000000001,
            0.1675,
            0.1625,
            0.1575,
            0.1525,
            0.1515646083435503,
            0.15062554897660035,
            0.14939068697889737,
            0.14995866352292841,
            0.15006262429814404,
            0.15186636659619193,
            0.1525,
            0.15288621363679572,
            0.15467931501780702,
            0.1575,
            0.15761253843263578,
            0.15991671486552722,
            0.1625,
            0.16287841384358698,
            0.16624200769812778,
            0.1675,
            0.17058900945348154,
            0.17250000000000001,
            0.17685257549618585,
            0.1775,
            0.1825,
            0.18536307654391806,
            0.1875
        ],