{
    "0.68": {
        "f_e_Earth": [
            0.3725,
            0.3761940828536558,
            0.3725,
            0.37161236515309926,
            0.3675,
            0.3668106408495134,
            0.3625,
            0.3620739526839438,
            0.3575,
            0.3572690905908002,
            0.35450628912803417,
            0.35250000000000004,
            0.3518779944823905,
            0.35217702685437274,
            0.3520683210878574,
            0.3496108944321381,
            0.34750000000000003,
            0.34633145201074655,
            0.3425,
            0.3415632436683498,
            0.3375,
            0.33627771280045077,
            0.3325,
            0.33226856274739797,
            0.33157918621985877,
            0.33066192366675956,
            0.32892020638087627,
            0.3275,
            0.3225,
            0.32127534384024015,
            0.3220120531756419,
            0.3225,
            0.32379914811483457,
            0.3240126535317275,
            0.3247743537306981,
            0.3275,
            0.3277090496956198,
            0.3294355537530853,
            0.33139107229790954,
            0.3325,
            0.33440901978977977,
            0.3375,
            0.3379115512569373,
            0.33973307884363935,
            0.3425,
            0.3438038984153779,
            0.34750000000000003,
            0.34832334123583375,
            0.3522029934417226,
            0.35250000000000004,
            0.3566860194296343,
            0.35749999999999993,
            0.3625,
            0.36289767842738485,
            0.3675,
            0.36961914895330716,
            0.3725
        ],
        "f_mu_Earth": [
            0.2851682547999941,
            0.2875,
            0.29123297443450136,
            0.2925,
            0.2966828824295704,
            0.2975,
            0.30198235800014517,
            0.3025,
            0.3072036356336036,
            0.3075,
            0.3125,
            0.3148024734195456,
            0.3175,
            0.3225,
            0.3275,
            0.3325,
            0.3357839450348236,
            0.3375,
            0.3416755551472825,
            0.3425,
            0.3458127611499371,
            0.34750000000000003,
            0.3520949065985478,
            0.35250000000000004,
            0.3575,
            0.3625,
            0.3675,
            0.3723185157885592,
            0.3709901388655823,
            0.3675,
            0.3625,
            0.36190217701766986,
            0.3575,
            0.35250000000000004,
            0.34750000000000003,
            0.3427999630491913,
            0.3425,
            0.3375,
            0.3325,
            0.33139107229790954,
            0.3275,
            0.32301273214057985,
            0.3225,
            0.3175,
            0.3146801807843156,
            0.3125,
            0.30828993291178186,
            0.3075,
            0.3025,
            0.3022029934417226,
            0.2975,
            0.29668601942963435,
            0.2928303215175154,
            0.2925,
            0.28909352328921384,
            0.2875,
            0.2851682547999941
        ]
    },
    "0.90": {
        "f_e_Earth": [
            0.3775,
            0.3825,
            0.3845224135496356,
            0.3825,
            0.3795480980891509,
            0.3775,
            0.37519643828507176,
            0.37249999999999994,
            0.3713948280384666,
            0.369108467842935,
            0.37229389202875574,
            0.3725,
            0.373503434000215,
            0.3725,
            0.36860682081888324,
            0.36750000000000005,
            0.3627229704026792,
            0.3625,
            0.3575,
            0.35672659140008844,
            0.35250000000000004,
            0.3515970200739637,
            0.34927502881758293,
            0.34851514639083725,
            0.34750000000000003,
            0.34281635220461487,
            0.3425,
            0.3375,
            0.33666123431947714,
            0.33263489898937376,
            0.3325,
            0.33220346141859763,
            0.33142910399510483,
            0.33045516281507237,
            0.3293320061355287,
            0.3275,
            0.3250370619575096,
            0.3225,
            0.32030932502012666,
            0.31932355989066624,
            0.31967940392818117,
            0.3225,
            0.3229557342880096,
            0.3232306392280173,
            0.32359855430816187,
            0.3251151084935685,
            0.3275,
            0.328434907743431,
            0.32937945884518405,
            0.3325,
            0.3334220913555013,
            0.3354633370354318,
            0.3375,
            0.3385786177853663,
            0.3425,
            0.3431002511248082,
            0.3474239818768143,
            0.34750000000000003,
            0.3497716315570998,
            0.35250000000000004,
            0.35452192368601465,
            0.3575,
            0.3602237578183065,
            0.3625,
            0.3675,
            0.36783341179404394,
            0.3725,
            0.37463925528961284,
            0.3775
        ],
        "f_mu_Earth": [
            0.2797614395264567,
            0.27970017536028674,
            0.28250000000000003,
            0.2848467589569874,
            0.2875,
            0.290132233423824,
            0.2925,
            0.2962983376812752,
            0.2975,
            0.3025,
            0.3075,
            0.3076486052002735,
            0.3125,
            0.3134108822610826,
            0.3175,
            0.31837562662029245,
            0.3225,
            0.32267922426490203,
            0.32673202327600964,
            0.3275,
            0.33077495203205615,
            0.3325,
            0.3375,
            0.3425,
            0.3452928044050492,
            0.3475000000000001,
            0.34763513021835796,
            0.35032826045910304,
            0.35250000000000004,
            0.3575,
            0.3577350476129696,
            0.3625,
            0.3675,
            0.3725,
            0.3775,
            0.37969396129920663,
            0.37749999999999995,
            0.3754069421618432,
            0.3725,
            0.3675,
            0.3625,
            0.3590442604164465,
            0.3575,
            0.35250000000000004,
            0.34750000000000003,
            0.3425,
            0.3401151084935685,
            0.3375,
            0.3325,
            0.32937945884518405,
            0.3275,
            0.3225,
            0.3204633370354318,
            0.3175,
            0.3135036487142224,
            0.3125,
            0.30750000000000005,
            0.3074239818768143,
            0.3025,
            0.29977163155709974,
            0.2975,
            0.29452192368601454,
            0.2925,
            0.29022375781830656,
            0.28775071359796506,
            0.2875,
            0.28372288883622304,
            0.28250000000000003,
            0.2797614395264567
        ]
    },