{
    "0.68": {
        "f_e_Earth": [
            0.3675,
            0.3704635425898268,
            0.3675,
            0.36583795481842213,
            0.3625,
            0.36127672300041086,
            0.3575,
            0.3567564749527636,
            0.35272098109796235,
            0.3525,
            0.3512910188501691,
            0.35069192790431514,
            0.3501365873703417,
            0.3484125243865487,
            0.34750000000000003,
            0.3455418080909905,
            0.3425,
            0.3413882313038428,
            0.3375,
            0.3362353027962802,
            0.3325,
            0.3323752675111074,
            0.33156348952418574,
            0.33069268875077634,
            0.32944349947773005,
            0.3284307829160884,
            0.3275,
            0.32443678849837576,
            0.3225,
            0.32156506980934535,
            0.322334058485359,
            0.32250000000000006,
            0.3237851546066451,
            0.3240576549034223,
            0.32481481208110585,
            0.3275,
            0.3278147898246671,
            0.32955118667466843,
            0.33161309447683845,
            0.3325,
            0.3345866142645707,
            0.3375,
            0.3382025452303364,
            0.3401009342363328,
            0.3425,
            0.34410746173155016,
            0.34750000000000003,
            0.34870666634253306,
            0.35250000000000004,
            0.3531674125328048,
            0.35749999999999993,
            0.35815430727675546,
            0.3625,
            0.36427430455073334,
            0.3675
        ],
        "f_mu_Earth": [
            0.29002986416309856,
            0.2925,
            0.29553308479227614,
            0.2975,
            0.3009341835704904,
            0.3025,
            0.3064945112371656,
            0.3075,
            0.3125,
            0.3127568520853353,
            0.3175,
            0.3225,
            0.3275,
            0.3325,
            0.33402636589589996,
            0.3375,
            0.34138835134581186,
            0.3425,
            0.34555609964261047,
            0.34750000000000003,
            0.35227091836155006,
            0.35250000000000004,
            0.3575,
            0.3625,
            0.3675,
            0.37250000000000005,
            0.3774374441238732,
            0.3725,
            0.37074618328973863,
            0.3675,
            0.36249999999999993,
            0.3622909392007171,
            0.3575,
            0.35250000000000004,
            0.34750000000000003,
            0.34294144438437296,
            0.3425,
            0.3375,
            0.3325,
            0.33161309447683845,
            0.3275,
            0.3233525794514072,
            0.3225,
            0.3175,
            0.3150647133932698,
            0.3125,
            0.30863805427065516,
            0.3075,
            0.3029828813816405,
            0.3025,
            0.29798311860224097,
            0.2975,
            0.2939846754255401,
            0.2925,
            0.29002986416309856
        ]
    },
    "0.90": {
        "f_e_Earth": [
            0.37750000000000006,
            0.3825,
            0.3839816142101684,
            0.3825,
            0.378748311631454,
            0.3775,
            0.3739745639001768,
            0.3725,
            0.36982369416582195,
            0.36749999999999994,
            0.366334132676662,
            0.36378143908940785,
            0.3675,
            0.3690300899738354,
            0.3675,
            0.3656833162725981,
            0.3625,
            0.3607646551274718,
            0.3575,
            0.3553105069993511,
            0.35250000000000004,
            0.3514306067359016,
            0.34934148033927415,
            0.3486000996959382,
            0.347668188319647,
            0.34750000000000003,
            0.3425,
            0.3375,
            0.3373497536115074,
            0.33411314517483126,
            0.3325,
            0.33231614321903474,
            0.33178633810557245,
            0.3312086180473442,
            0.3305796152282208,
            0.3279971801453464,
            0.3275,
            0.32700858125071486,
            0.3235261381941087,
            0.3225,
            0.3198607982610707,
            0.31918086697829406,
            0.3194988363448279,
            0.3225,
            0.3228269916732909,
            0.3231440752099069,
            0.32345715236652073,
            0.32482908483637424,
            0.3275,
            0.32834814581531685,
            0.3292007247129748,
            0.3325,
            0.33336279478047126,
            0.33539973407846707,
            0.3375,
            0.3385754611053704,
            0.3425,
            0.3431369198243919,
            0.34750000000000003,
            0.3475352266642478,
            0.3500941322234219,
            0.35250000000000004,
            0.35490672493072223,
            0.3575,
            0.3609196907146217,
            0.3625,
            0.3675,
            0.36820181275880104,
            0.3725,
            0.37507260037702417,
            0.37750000000000006
        ],
        "f_mu_Earth": [
            0.28017611217933336,
            0.2804463073279025,
            0.28250000000000003,
            0.28416179396934227,
            0.2875,
            0.2891113690615381,
            0.2925,
            0.2945016302434038,
            0.2975,
            0.3010627980908439,
            0.3025,
            0.3075,
            0.31059750038083317,
            0.3125,
            0.31406548915486,
            0.3175,
            0.3204874282811921,
            0.3225,
            0.32521159545696965,
            0.3275,
            0.3300027357590707,
            0.3325,
            0.3375,
            0.3425,
            0.34750000000000003,
            0.34783232661955676,
            0.35070539531564004,
            0.35209805169240893,
            0.35250000000000004,
            0.3575,
            0.3599227141480832,
            0.3625,
            0.3675,
            0.3725,
            0.3775,
            0.38250000000000006,
            0.3830057832234309,
            0.3825,
            0.37750000000000006,
            0.3762700473196901,
            0.3725,
            0.3675,
            0.3625,
            0.3587189951448463,
            0.3575,
            0.35250000000000004,
            0.34750000000000003,
            0.3425,
            0.3398290848363743,
            0.3375,
            0.3325,
            0.3292007247129748,
            0.3275,
            0.3225,
            0.320399734078467,
            0.3175,
            0.3135162088291094,
            0.3125,
            0.30753322364623514,
            0.3075,
            0.3025,
            0.30009413222342185,
            0.2975,
            0.2949067249307222,
            0.2925,
            0.2909196907146217,
            0.288014589927551,
            0.2875,
            0.2839661751645716,
            0.28250000000000003,
            0.28017611217933336
        ]
    },