{
    "0.68": {
        "f_e_Earth": [
            0.2275,
            0.23250000000000004,
            0.23396823750715484,
            0.2375,
            0.2425,
            0.2475,
            0.25249999999999995,
            0.2575,
            0.2579723482003569,
            0.26250000000000007,
            0.26498623859687004,
            0.2669859757861689,
            0.2668485633725705,
            0.26561342261748044,
            0.263373639205037,
            0.2625,
            0.2599049121593363,
            0.2575,
            0.2551961219370466,
            0.2525,
            0.2512458413988603,
            0.2475,
            0.24549557412744044,
            0.2425,
            0.23759318486253975,
            0.2375,
            0.2325,
            0.22880041709777768,
            0.22750000000000004,
            0.22250000000000003,
            0.21889017994042473,
            0.21749999999999997,
            0.2125,
            0.20750000000000002,
            0.2025,
            0.19780932114232896,
            0.1975,
            0.1925,
            0.1875,
            0.18608884590090977,
            0.1825,
            0.1807626302400848,
            0.1775,
            0.1761714234334703,
            0.17665327291812846,
            0.17303528307560578,
            0.17572138481580685,
            0.1775,
            0.1775545982880758,
            0.17962873355733128,
            0.182007195257135,
            0.18249999999999997,
            0.1859004045810287,
            0.1875,
            0.1925,
            0.19260868025156702,
            0.1975,
            0.2005329938030072,
            0.20249999999999999,
            0.20750000000000002,
            0.2125,
            0.2175,
            0.2225,
            0.22514803933670127,
            0.2275
        ],
        "f_mu_Earth": [
            0.5124571662793108,
            0.5123004043759584,
            0.5125,
            0.5132881532528412,
            0.5136400247051867,
            0.5146378649507988,
            0.5155534150708017,
            0.517356567436721,
            0.5175000000000001,
            0.5203044410400774,
            0.5225,
            0.5275000000000001,
            0.5325,
            0.5375000000000001,
            0.5425,
            0.544023789311111,
            0.5475000000000001,
            0.5496987768313932,
            0.5525,
            0.5562549625523232,
            0.5575000000000001,
            0.5605988324299662,
            0.5625,
            0.5642657527342541,
            0.5675,
            0.5675865111455941,
            0.5702930904596288,
            0.5725,
            0.5731030602055462,
            0.5754333610205066,
            0.5775,
            0.5782669958291997,
            0.579389908316595,
            0.5793405963941364,
            0.5805805847259702,
            0.5775,
            0.5772734838537369,
            0.5757095918592388,
            0.5735943644033763,
            0.5725,
            0.5692094227932678,
            0.5675000000000001,
            0.5629123168654748,
            0.5625,
            0.5575000000000001,
            0.5525,
            0.5475000000000001,
            0.54268052659767,
            0.5425,
            0.5375000000000001,
            0.5325,
            0.5319369951513138,
            0.5275000000000001,
            0.5257261145232716,
            0.5225931545013431,
            0.5225,
            0.5195470360651875,
            0.5175000000000001,
            0.516640666631374,
            0.5158018140991508,
            0.5142881139820031,
            0.5129681895274842,
            0.5125783022384508,
            0.5125,
            0.5124571662793108
        ]
    },
    "0.90": {
        "f_e_Earth": [
            0.2025,
            0.20750000000000002,
            0.2125,
            0.2175,
            0.2225,
            0.22749999999999998,
            0.23249999999999998,
            0.2375,
            0.2425,
            0.2475,
            0.25250000000000006,
            0.2575,
            0.2625,
            0.26265865106312003,
            0.2675,
            0.2725,
            0.2744054294836056,
            0.2775,
            0.2784597774251392,
            0.27871435976152426,
            0.27869392603182264,
            0.2775,
            0.27740756307305386,
            0.27504278716278935,
            0.2725,
            0.2721065835071773,
            0.2692449688157408,
            0.2675,
            0.2662694493929481,
            0.2625,
            0.26213053155534244,
            0.2575,
            0.25607313599409176,
            0.2525,
            0.2507717572253941,
            0.2475,
            0.24281142274431006,
            0.24250000000000002,
            0.2375,
            0.23265897191427018,
            0.23249999999999998,
            0.2275,
            0.22249999999999998,
            0.21874615047642643,
            0.2175,
            0.2125,
            0.20750000000000002,
            0.2025,
            0.1975,
            0.1925,
            0.18914068565007458,
            0.1875,
            0.1825,
            0.1775,
            0.17250000000000001,
            0.16979909317013892,
            0.1675,
            0.16298343221025177,
            0.1625,
            0.1601963699761323,
            0.15871476259962464,
            0.15919795149599295,
            0.15994058786354304,
            0.16205715293546408,
            0.1625,
            0.1635756039966632,
            0.16584373881470477,
            0.1675,
            0.16842831512320727,
            0.1722301885073296,
            0.17250000000000001,
            0.175852150238031,
            0.1775,
            0.18098825068758115,
            0.1825,
            0.1875,
            0.18782777981017623,
            0.1925,
            0.1975,
            0.19970117003002813,
            0.2025
        ],