{
    "0.68": {
        "f_e_Earth": [
            0.2025,
            0.20750000000000002,
            0.2125,
            0.2175,
            0.22249999999999998,
            0.22749999999999998,
            0.23249999999999998,
            0.2375,
            0.24249999999999997,
            0.2475,
            0.2525,
            0.25302468081979235,
            0.2575,
            0.26106056985263715,
            0.2625,
            0.26410320486021677,
            0.2635607735621214,
            0.26380288340978114,
            0.2625,
            0.2606984597283804,
            0.2583000975883647,
            0.2575,
            0.2556822736865339,
            0.2525,
            0.25037318066001013,
            0.2475,
            0.24580398228582856,
            0.2425,
            0.2382196470733498,
            0.2375,
            0.2325,
            0.23162456067006695,
            0.2275,
            0.2225,
            0.22083488635611986,
            0.2175,
            0.2125,
            0.20750000000000002,
            0.20597131336559638,
            0.20250000000000004,
            0.1975,
            0.19662981154435777,
            0.1925,
            0.18785624298165712,
            0.1875,
            0.1825,
            0.17873535903786317,
            0.1775,
            0.17250000000000001,
            0.1699549386771323,
            0.16783418362593772,
            0.16798358106811873,
            0.1678973928540296,
            0.1703080249494209,
            0.17129540068174678,
            0.17250000000000001,
            0.1747855449997754,
            0.1775,
            0.17906989057604106,
            0.1825,
            0.18377981379123665,
            0.1875,
            0.19137729378734608,
            0.1925,
            0.1975,
            0.20116214848879116,
            0.2025
        ],
        "f_mu_Earth": [
            0.5170456353358159,
            0.5162395490322235,
            0.5151059481572877,
            0.5143676972106082,
            0.5140901174788423,
            0.513406103041083,
            0.5139991774044236,
            0.5149129998569945,
            0.5151925105838552,
            0.5161677972347445,
            0.5173398388823655,
            0.5175000000000001,
            0.5203786763092373,
            0.5225,
            0.5242365367258222,
            0.5275000000000001,
            0.5325,
            0.5375000000000001,
            0.5396788645959318,
            0.5425,
            0.5475000000000001,
            0.5487036866373629,
            0.5525,
            0.5557094726069317,
            0.5575000000000001,
            0.5606709612886387,
            0.5625,
            0.5652355552259012,
            0.5675000000000001,
            0.5679493227919901,
            0.5721065229678365,
            0.5725,
            0.5741295523252251,
            0.5768850284507735,
            0.5775,
            0.5791261016116616,
            0.5823898286667796,
            0.5818615124097272,
            0.5825,
            0.5837824745649094,
            0.5826881075220458,
            0.5825,
            0.5810771237536249,
            0.5775,
            0.5772394499469262,
            0.5765518615260061,
            0.5725,
            0.5709798541434395,
            0.5711859508813947,
            0.5675000000000001,
            0.5625,
            0.5575000000000001,
            0.5525,
            0.5475000000000001,
            0.5425,
            0.539382213529227,
            0.5375000000000001,
            0.5354458178376676,
            0.5325,
            0.528658909723401,
            0.5275000000000001,
            0.5249661470016569,
            0.5225,
            0.5219993521506148,
            0.5194665475178473,
            0.5175000000000001,
            0.5170456353358159
        ]
    },
    "0.90": {
        "f_e_Earth": [
            0.20750000000000002,
            0.2125,
            0.21750000000000003,
            0.22249999999999998,
            0.22749999999999998,
            0.2325,
            0.2375,
            0.24249999999999997,
            0.2475,
            0.2525,
            0.25275130480179453,
            0.2575,
            0.26249999999999996,
            0.2675,
            0.2694276639754921,
            0.2725,
            0.27609581438271763,
            0.2775,
            0.2777439910320627,
            0.2780114976053611,
            0.2775,
            0.2770463764528058,
            0.2750399979066629,
            0.273163808011955,
            0.2725,
            0.2699812275130622,
            0.2675,
            0.26618378966356704,
            0.2625,
            0.2618286575441098,
            0.2575,
            0.2567740847478994,
            0.2525,
            0.25234943056126957,
            0.2475,
            0.24476059297031383,
            0.2425,
            0.2375,
            0.2356943707584872,
            0.23249999999999998,
            0.2275,
            0.2257184496533291,
            0.22250000000000003,
            0.2175,
            0.21425330301234813,
            0.21250000000000002,
            0.20750000000000002,
            0.2025,
            0.1975,
            0.19250000000000003,
            0.19026622003404647,
            0.1875,
            0.1825,
            0.1775,
            0.17250000000000001,
            0.1675,
            0.1671179926744065,
            0.1625,
            0.15828764796845393,
            0.15750000000000003,
            0.15461802795318064,
            0.15277825295036354,
            0.1525,
            0.15249056058379853,
            0.1525,
            0.15356514209231867,
            0.1545872745034375,
            0.15620958835118737,
            0.1575,
            0.15799009933850236,
            0.16076021490377818,
            0.16249999999999998,
            0.16299266369778104,
            0.16694426702005363,
            0.1675,
            0.17133940941120518,
            0.17250000000000001,
            0.1775,
            0.1784523218063016,
            0.1825,
            0.18661012480066086,
            0.1875,
            0.1925,
            0.1975,
            0.2025,
            0.20313165654320745,
            0.20750000000000002
        ],