{
    "0.68": {
        "f_e_Earth": [
            0.3625,
            0.36472296401354154,
            0.3625,
            0.36066469210095653,
            0.3575,
            0.35631903479595295,
            0.35250000000000004,
            0.35203961722789767,
            0.35065519182169275,
            0.34889072183853426,
            0.34811615084394915,
            0.34750000000000003,
            0.34626862371310585,
            0.34291214873702763,
            0.3425,
            0.3386673102595575,
            0.3375,
            0.3346377994671139,
            0.3325,
            0.3310329490353699,
            0.3300297070506777,
            0.3275,
            0.32503408395017286,
            0.3247884189996749,
            0.32552698350042103,
            0.3275,
            0.3285378947873012,
            0.32997495126634013,
            0.33220668976447143,
            0.3325,
            0.3349380243540757,
            0.3375,
            0.33870062365068687,
            0.3405748870892966,
            0.3425,
            0.3443775089516148,
            0.34750000000000003,
            0.34900379477508975,
            0.35250000000000004,
            0.35359927152999554,
            0.3575,
            0.3590143642414459,
            0.3625
        ],
        "f_mu_Earth": [
            0.2948562145963447,
            0.2975,
            0.299914258597181,
            0.3025,
            0.3058884129897765,
            0.3075,
            0.31202247477662454,
            0.3125,
            0.3175,
            0.3225,
            0.3275,
            0.3287418168865178,
            0.3325,
            0.3375,
            0.3379496381939827,
            0.3425,
            0.343700667479702,
            0.34750000000000003,
            0.3501578077167192,
            0.35250000000000004,
            0.3575,
            0.36193688800484136,
            0.3575,
            0.35250000000000004,
            0.34750000000000003,
            0.3439867681025621,
            0.3425,
            0.3375,
            0.3325,
            0.33220668976447143,
            0.3275,
            0.3238063033548139,
            0.3225,
            0.3175,
            0.3155418806895899,
            0.3125,
            0.3089617183981046,
            0.3075,
            0.3032742619220005,
            0.3025,
            0.29845222730065696,
            0.2975,
            0.2948562145963447
        ]
    },
    "0.90": {
        "f_e_Earth": [
            0.3725,
            0.3752820196825749,
            0.3725,
            0.3716239463807984,
            0.3675,
            0.3672175553255726,
            0.36322088340763364,
            0.36249999999999993,
            0.3606983847078332,
            0.3590822766364386,
            0.3625,
            0.36427278233122884,
            0.3625,
            0.36067638830092397,
            0.3575,
            0.3555701628871749,
            0.35250000000000004,
            0.3508017451646067,
            0.34750000000000003,
            0.3462125979087973,
            0.3425,
            0.3417000839575469,
            0.3375,
            0.3369878067246287,
            0.3339427747575811,
            0.3325,
            0.33180748422904494,
            0.330420568343175,
            0.3275,
            0.3225,
            0.32180334038869957,
            0.3225,
            0.3233011365419036,
            0.32338388045444993,
            0.32366914409133324,
            0.3251668181087417,
            0.3275,
            0.3284559267993951,
            0.32931791493977586,
            0.3325,
            0.3334416641245972,
            0.33557339142790976,
            0.3375,
            0.33868764640490046,
            0.3425,
            0.34319269523203083,
            0.34750000000000003,
            0.34762256438588207,
            0.3501996696316955,
            0.35250000000000004,
            0.35503311789580166,
            0.3575,
            0.3612677490313886,
            0.36250000000000004,
            0.3675,
            0.3693874851697989,
            0.3725
        ],
        "f_mu_Earth": [
            0.2851368341842826,
            0.2875,
            0.2908380005901385,
            0.2925,
            0.2970904264232351,
            0.2975,
            0.30249999999999994,
            0.30385709042129255,
            0.3075,
            0.3125,
            0.31492432712020735,
            0.3175,
            0.31933217967737826,
            0.3225,
            0.3252965125447612,
            0.3275,
            0.3301131095351515,
            0.3325,
            0.33579768366521145,
            0.3375,
            0.3415502994883226,
            0.3425,
            0.34682010614021025,
            0.34750000000000003,
            0.35250000000000004,
            0.35418684019080093,
            0.3575,
            0.3625,
            0.3665062852225155,
            0.36731112432063634,
            0.3625,
            0.3615971160915839,
            0.3575,
            0.35250000000000004,
            0.34750000000000003,
            0.3425,
            0.3401668181087417,
            0.3375,
            0.3325,
            0.32931791493977586,
            0.3275,
            0.3225,
            0.32057339142790975,
            0.3175,
            0.31362228293147326,
            0.3125,
            0.3076191350181314,
            0.3075,
            0.3025,
            0.3001996696316955,
            0.2975,
            0.29503311789580167,
            0.2925,
            0.2912677490313886,
            0.2885277395261164,
            0.2875,
            0.2851368341842826
        ]
    },
    "0.95": {
        "f_e_Earth": [
            0.3725,
            0.37656072881061897,
            0.3725,
            0.3724326656650202,
            0.3695244205024738,
            0.36749999999999994,
            0.36715567442086566,
            0.36602596815859917,
            0.3675,
            0.3687206562416957,
            0.3681206487658758,
            0.3675,
            0.36321385628399533,
            0.3625,
            0.3575,
            0.3573657520237585,
            0.35250000000000004,
            0.35188910562473313,
            0.34750000000000003,
            0.3470339189005703,
            0.3425,
            0.3424547935657909,
            0.3379702067482327,
            0.3375,
            0.3357530912688592,
            0.3325,
            0.3322498863504825,
            0.3313075393175253,
            0.32803533316189165,
            0.3275,
            0.3225,
            0.32054213675575327,
            0.32010162978304935,
            0.3225,
            0.3228698903660121,
            0.3230343592435752,
            0.3232068183815242,
            0.3241122529920935,
            0.3275,
            0.3280779156206774,
            0.3285990396350683,
            0.3325,
            0.33306929297032006,
            0.3343580511768986,
            0.3375,
            0.33821800415017933,
            0.3425,
            0.34289785282465235,
            0.346019004208749,
            0.34750000000000003,
            0.3491321137265033,
            0.35250000000000004,
            0.3540314231193513,
            0.3575,
            0.35977783238361905,
            0.3625,
            0.3675,
            0.3679568694378258,
            0.3725
        ],