{
    "0.68": {
        "f_e_Earth": [
            0.2225,
            0.22750000000000004,
            0.23249999999999998,
            0.2375,
            0.2425,
            0.24381886650017817,
            0.2475,
            0.2525,
            0.2575,
            0.2598061076228471,
            0.2625,
            0.2640646488940419,
            0.26592815618322463,
            0.2648109340383015,
            0.2635950918853787,
            0.2625,
            0.2615043028456612,
            0.2575,
            0.2574563521342459,
            0.25399378202601447,
            0.2525,
            0.24836706029572647,
            0.2475,
            0.2433668260957334,
            0.2425,
            0.2375,
            0.23488927475768212,
            0.2325,
            0.22749999999999998,
            0.22607259700168325,
            0.22250000000000003,
            0.2175,
            0.2160882519980883,
            0.2125,
            0.20750000000000002,
            0.2025,
            0.1975,
            0.1925,
            0.19105612594211666,
            0.1875,
            0.1825,
            0.1792442628724515,
            0.1775,
            0.17427408624359636,
            0.17250000000000001,
            0.17050616245636066,
            0.17074861410892234,
            0.17088937985753488,
            0.1725,
            0.17278687993140202,
            0.1748052148416211,
            0.1775,
            0.17764933008683217,
            0.17886681455097206,
            0.1825,
            0.18295532569832923,
            0.1875,
            0.18762840079095547,
            0.1925,
            0.19568927592304353,
            0.1975,
            0.2025,
            0.20750000000000002,
            0.2125,
            0.2175,
            0.2185587893952137,
            0.2225
        ],
        "f_mu_Earth": [
            0.5123090820473671,
            0.512143731234193,
            0.5118252838733021,
            0.5123939148634399,
            0.5123454495985298,
            0.5125,
            0.5133732278126149,
            0.5144664707711224,
            0.5166176431373124,
            0.5175000000000001,
            0.5207858623581196,
            0.5225,
            0.5275000000000001,
            0.5325,
            0.5375000000000001,
            0.5402420410988222,
            0.5425,
            0.5474283727331216,
            0.5475000000000001,
            0.5525,
            0.5543682794916914,
            0.5575000000000001,
            0.5584329568782017,
            0.5625,
            0.5629124549701169,
            0.565643981198181,
            0.5675000000000001,
            0.5691221660931503,
            0.5717684000306433,
            0.5725,
            0.5742436406261948,
            0.5770628975224648,
            0.5775,
            0.5789639569783867,
            0.579741586594734,
            0.5805053458001899,
            0.5783102729795112,
            0.577911466700433,
            0.5775,
            0.5764723979326631,
            0.5748363429220948,
            0.5725,
            0.5700848667919904,
            0.5675000000000001,
            0.5665055570383428,
            0.5625,
            0.5575000000000001,
            0.5525,
            0.5480414621221827,
            0.5475000000000001,
            0.5425,
            0.5378943671838614,
            0.5375000000000001,
            0.5325,
            0.5281717703781148,
            0.5275000000000001,
            0.5226300226956833,
            0.5225,
            0.5191381072890238,
            0.5175000000000001,
            0.5168337726417777,
            0.5149714053771624,
            0.5144997921637268,
            0.5134211999841568,
            0.5125901931707034,
            0.5125,
            0.5123090820473671
        ]
    },
    "0.90": {
        "f_e_Earth": [
            0.1925,
            0.1975,
            0.2025,
            0.20750000000000002,
            0.2125,
            0.2175,
            0.22249999999999998,
            0.2275,
            0.2325,
            0.2375,
            0.2425,
            0.2475,
            0.2525,
            0.2575,
            0.2625,
            0.26461408051069724,
            0.2675,
            0.2725000000000001,
            0.27516480715514424,
            0.2775,
            0.27878016604846917,
            0.27903435242425223,
            0.27914383566931333,
            0.2775,
            0.277330121573941,
            0.27532084647255617,
            0.2725,
            0.27214891107151556,
            0.269497216064117,
            0.2675,
            0.2664539228962505,
            0.2625,
            0.2621242705425224,
            0.2575,
            0.2565080303326513,
            0.2525,
            0.25064312560455737,
            0.2475,
            0.24314305583109613,
            0.2425,
            0.2375,
            0.2325,
            0.23201176695262898,
            0.22749999999999998,
            0.22250000000000003,
            0.21762466341323286,
            0.2175,
            0.21249999999999997,
            0.20750000000000002,
            0.2025,
            0.1975,
            0.1925,
            0.1875,
            0.1825,
            0.1775,
            0.17250000000000001,
            0.16756758572342617,
            0.1675,
            0.1625,
            0.1575,
            0.15676859087227626,
            0.15562183467950658,
            0.15493577751585258,
            0.15471899656564536,
            0.15542948776909954,
            0.1569934801447377,
            0.1575,
            0.1583704108884747,
            0.16059472725327803,
            0.1625,
            0.1625077809330902,
            0.16551500800623142,
            0.1675,
            0.16814523930077271,
            0.17236797415631944,
            0.17250000000000001,
            0.17656369660552923,
            0.1775,
            0.18227553738356722,
            0.1825,
            0.1875,
            0.1915433700082761,
            0.1925
        ],