{
    "0.68": {
        "f_e_Earth": [
            0.3625,
            0.36429133481939213,
            0.3625,
            0.36030064226260894,
            0.3575,
            0.356052356712865,
            0.35250000000000004,
            0.3518883380720887,
            0.35044922291906466,
            0.34877302991329384,
            0.34755827894925484,
            0.34750000000000003,
            0.3458904521865287,
            0.34262549735882947,
            0.3425,
            0.33762281851175785,
            0.3375,
            0.3340217852633307,
            0.3325,
            0.3304537831359163,
            0.32959061877795093,
            0.3275,
            0.32537176655988975,
            0.32522081146933246,
            0.3263965774018837,
            0.3275,
            0.329539967341686,
            0.33067232633326854,
            0.3325,
            0.33387326310745635,
            0.3354614983901889,
            0.3375,
            0.33904589892766857,
            0.3408772299929341,
            0.3425,
            0.3444552781586169,
            0.34750000000000003,
            0.34909536932473234,
            0.35250000000000004,
            0.3537930883574172,
            0.35749999999999993,
            0.3592535019829598,
            0.3625
        ],
        "f_mu_Earth": [
            0.29502196753103727,
            0.2975,
            0.2994785884027065,
            0.3025,
            0.3055636971416578,
            0.3075,
            0.31187184066617557,
            0.3125,
            0.3175,
            0.3225,
            0.3275,
            0.32765114293193803,
            0.3325,
            0.3375,
            0.3376285490442856,
            0.3425,
            0.3426154494010524,
            0.34750000000000003,
            0.3493981701059822,
            0.35250000000000004,
            0.3575,
            0.36147318162033354,
            0.35749999999999993,
            0.35250000000000004,
            0.34750000000000003,
            0.34557639075585345,
            0.3425,
            0.3375,
            0.3336654518242203,
            0.3325,
            0.3275,
            0.324529738432781,
            0.3225,
            0.3175,
            0.31585287688843555,
            0.3125,
            0.30906254895079804,
            0.3075,
            0.3034181101427555,
            0.3025,
            0.29858691230379364,
            0.2975,
            0.29502196753103727
        ]
    },
    "0.90": {
        "f_e_Earth": [
            0.3725,
            0.3738319580305355,
            0.3725,
            0.37075096472038366,
            0.36749999999999994,
            0.36646032909690696,
            0.3625,
            0.36204454830043703,
            0.3575,
            0.3574786194923959,
            0.35616417172309306,
            0.35250000000000004,
            0.35243196087240963,
            0.35250000000000004,
            0.3558727960317785,
            0.35318721423444444,
            0.35250000000000004,
            0.3502211149832758,
            0.34750000000000003,
            0.34632882981560076,
            0.3425,
            0.3414206662557595,
            0.3375,
            0.3365639119011506,
            0.33266520554129053,
            0.3325,
            0.3313983340222657,
            0.3300291166690605,
            0.3275,
            0.3225,
            0.3223035974874897,
            0.3225,
            0.32353152668750196,
            0.3236067715812588,
            0.3240850496005289,
            0.32621746611428715,
            0.3275,
            0.328790438779649,
            0.32996564976840786,
            0.3325,
            0.33370467819734995,
            0.336340269505045,
            0.3375,
            0.33887378948217656,
            0.3425,
            0.34326940979873505,
            0.34750000000000003,
            0.34772841819828787,
            0.3505462538658325,
            0.35250000000000004,
            0.35526578671197123,
            0.3575,
            0.3615565753160763,
            0.3625,
            0.36750000000000005,
            0.37061365557114817,
            0.3725
        ],
        "f_mu_Earth": [
            0.2861921457676042,
            0.2875,
            0.2889016973926578,
            0.2925,
            0.29600937543481903,
            0.2975,
            0.30187431413558996,
            0.3025,
            0.30747140239010917,
            0.3075,
            0.3125,
            0.3172463534374488,
            0.3175,
            0.3187961003903306,
            0.3225,
            0.32749999999999996,
            0.32813375354300295,
            0.3325,
            0.33586627707197786,
            0.3375,
            0.34142193443844754,
            0.3425,
            0.34618542628041393,
            0.34750000000000003,
            0.35250000000000004,
            0.35267248417245683,
            0.3575,
            0.3625,
            0.365871664181893,
            0.365673577183856,
            0.3625,
            0.3622618274073207,
            0.35750000000000004,
            0.35250000000000004,
            0.34750000000000003,
            0.3425,
            0.34121746611428716,
            0.3375,
            0.3325,
            0.32996564976840786,
            0.3275,
            0.3225,
            0.3213402695050449,
            0.3175,
            0.3138193705051865,
            0.3125,
            0.3077237191166614,
            0.3075,
            0.3025,
            0.30054625386583245,
            0.2975,
            0.29526578671197123,
            0.2925,
            0.29155657531607637,
            0.2887851058814288,
            0.2875,
            0.2861921457676042
        ]
    },
    "0.95": {
        "f_e_Earth": [
            0.3725,
            0.3754414802975807,
            0.3725,
            0.3715742713269553,
            0.3675,
            0.367080207907802,
            0.3628428497512846,
            0.3625,
            0.36072198649633086,
            0.3586526779950754,
            0.3611224042368632,
            0.360076144562642,
            0.3575,
            0.35566665705381484,
            0.35250000000000004,
            0.3514145437928018,
            0.34750000000000003,
            0.3473872085044936,
            0.3425242609554602,
            0.3425,
            0.3375,
            0.3372904285424034,
            0.3348335463087363,
            0.3325,
            0.33191496257573827,
            0.3310600397242459,
            0.3275,
            0.32668112710870767,
            0.3225,
            0.32048638196665313,
            0.320301564365698,
            0.3225,
            0.32300560289153674,
            0.32314549368074597,
            0.32342443600661186,
            0.32466810851108996,
            0.3275,
            0.3282526124556845,
            0.3289380215135538,
            0.3325,
            0.33320259498607424,
            0.3347397301664077,
            0.3375,
            0.33830122443007765,
            0.3425,
            0.34293049942150533,
            0.3463556975170604,
            0.34750000000000003,
            0.34927664267283276,
            0.35250000000000004,
            0.35411306802153175,
            0.3575,
            0.35986588450258117,
            0.3625,
            0.3675,
            0.3683342193637378,
            0.3725
        ],