{
    "0.68": {
        "f_e_Earth": [
            0.37250000000000005,
            0.3757547939873428,
            0.3725,
            0.37109999799213733,
            0.3675,
            0.36627615866876573,
            0.36249999999999993,
            0.3616329692058841,
            0.3575,
            0.3569671635683384,
            0.3535790242098619,
            0.35250000000000004,
            0.35157786834704646,
            0.35135059584360284,
            0.35096356371419046,
            0.34910964582877924,
            0.34750000000000003,
            0.3462015269668385,
            0.3425,
            0.34200091171024005,
            0.3375,
            0.33659069638493583,
            0.33284979161828465,
            0.3325,
            0.3317650619273971,
            0.3310259616397421,
            0.32993988873360136,
            0.3292495754191232,
            0.32873244932260426,
            0.3275,
            0.3259959714619941,
            0.3225,
            0.32229201978207855,
            0.32090370981970806,
            0.32147951805277025,
            0.3225,
            0.32358980904807866,
            0.3238927620983477,
            0.3245552095582513,
            0.327490758676047,
            0.3275,
            0.32934760563208987,
            0.3311648330706725,
            0.3325,
            0.3343869256540617,
            0.3375,
            0.33793653630261894,
            0.33978638508371545,
            0.3425,
            0.3439092720564445,
            0.34750000000000003,
            0.3484610187030542,
            0.35250000000000004,
            0.35268253101178015,
            0.35748741093892533,
            0.3575,
            0.3625,
            0.36366669003607927,
            0.3675,
            0.37020727753829186,
            0.37250000000000005
        ],
        "f_mu_Earth": [
            0.2856195697430345,
            0.2875,
            0.29058355917572615,
            0.2925,
            0.29605665015489724,
            0.2975,
            0.30139371395381026,
            0.3025,
            0.3067833319246063,
            0.3075,
            0.3125,
            0.3137294618850185,
            0.3175,
            0.3225,
            0.3275,
            0.3325,
            0.33521449220253297,
            0.3375,
            0.3420216419481157,
            0.3425,
            0.346075037677565,
            0.34750000000000003,
            0.35250000000000004,
            0.3529107854846731,
            0.3575,
            0.36249999999999993,
            0.3675,
            0.3725,
            0.3775,
            0.3802606072853609,
            0.3775,
            0.3728119128896499,
            0.3725,
            0.3675,
            0.3625,
            0.3611996275006728,
            0.3575,
            0.35250000000000004,
            0.34750000000000003,
            0.3425,
            0.342490758676047,
            0.3375,
            0.3325,
            0.3311648330706725,
            0.3275,
            0.32303639480444746,
            0.3225,
            0.3175,
            0.3147358091400705,
            0.3125,
            0.3083815996523294,
            0.3075,
            0.30263150379822124,
            0.3025,
            0.2975,
            0.29748741093892533,
            0.2934776906093645,
            0.2925,
            0.28962455965439293,
            0.2875,
            0.2856195697430345
        ]
    },
    "0.90": {
        "f_e_Earth": [
            0.3875,
            0.3898886929771983,
            0.3875,
            0.38583685376932114,
            0.38249999999999995,
            0.3806725209871013,
            0.3775,
            0.3761357818656876,
            0.3725,
            0.37198494463313747,
            0.3692696862912441,
            0.3725,
            0.3725685540393153,
            0.3727928475097686,
            0.3725,
            0.36797857834299524,
            0.36749999999999994,
            0.3625,
            0.3622956431677004,
            0.35750000000000004,
            0.35659822923491113,
            0.35250000000000004,
            0.35190470968360027,
            0.35025539534927214,
            0.349984374879457,
            0.3495830906873034,
            0.34750000000000003,
            0.34475330398442205,
            0.3425,
            0.3375,
            0.3366602520469122,
            0.33365170691616663,
            0.3325,
            0.33222411125864343,
            0.3317836506525514,
            0.33137728276983797,
            0.33011998478085525,
            0.3275,
            0.32506869725068777,
            0.3227683296353051,
            0.3225,
            0.31940598317404156,
            0.31885379525559254,
            0.319082817850156,
            0.3225,
            0.322690169429231,
            0.32305395871586784,
            0.32331744129099926,
            0.32448502979846244,
            0.3275,
            0.32823486867900625,
            0.32895765470219807,
            0.3325,
            0.3332505078674256,
            0.3349804844830466,
            0.3375,
            0.3384093892966049,
            0.3425,
            0.3430251493718044,
            0.3466744067863008,
            0.34750000000000003,
            0.34961438468446615,
            0.35250000000000004,
            0.35448369826584886,
            0.3575,
            0.3602680528519443,
            0.3625,
            0.3675,
            0.3678217947681328,
            0.37249999999999994,
            0.3744407752581258,
            0.3775,
            0.3825,
            0.38438823793754673,
            0.3875
        ],
        "f_mu_Earth": [
            0.2757191183591234,
            0.2775,
            0.2800058267834358,
            0.28250000000000003,
            0.2861158046103661,
            0.2875,
            0.29131172167776553,
            0.2925,
            0.2970149764788891,
            0.2975,
            0.3025,
            0.3074438013903142,
            0.3075,
            0.31249999999999994,
            0.312750104856532,
            0.3175,
            0.31787824008704013,
            0.3222474944164522,
            0.3225,
            0.3265077116903357,
            0.3275,
            0.3311089011766482,
            0.3325,
            0.3375,
            0.3425,
            0.34750000000000003,
            0.35180949553494584,
            0.35250000000000004,
            0.3529880594339857,
            0.3559108221578134,
            0.3575,
            0.3625,
            0.3644094830585587,
            0.3675,
            0.3725,
            0.37749999999999995,
            0.3825,
            0.3853286712726492,
            0.38249999999999995,
            0.3775,
            0.377140170774197,
            0.3725,
            0.3675,
            0.3625,
            0.358145577361842,
            0.3575,
            0.35250000000000004,
            0.34750000000000003,
            0.3425,
            0.33948502979846246,
            0.3375,
            0.3325,
            0.32895765470219807,
            0.3275,
            0.3225,
            0.3199804844830466,
            0.3175,
            0.3133331491141212,
            0.3125,
            0.3075,
            0.3066744067863008,
            0.3025,
            0.2996143846844661,
            0.2975,
            0.2944836982658488,
            0.2925,
            0.29026805285194435,
            0.287752531250195,
            0.2875,
            0.28366305993716157,
            0.28250000000000003,
            0.2795670910433138,
            0.27866522114632875,
            0.2775,
            0.2757191183591234
        ]
    },