{
    "0.68": {
        "f_e_Earth": [
            0.3625,
            0.36443165417798506,
            0.3625,
            0.3603085926459076,
            0.3575,
            0.3560412294413767,
            0.35250000000000004,
            0.3516976661788384,
            0.35036708406045436,
            0.3490672695488248,
            0.34846341548949383,
            0.34750000000000003,
            0.3474798366095652,
            0.3437320813093149,
            0.3425,
            0.33780284908707875,
            0.3375,
            0.33394071229612804,
            0.3325,
            0.33049316825462105,
            0.3299215914308577,
            0.3275,
            0.3250816558710703,
            0.3252115763373321,
            0.3267326889792636,
            0.3275,
            0.33001662066260695,
            0.33113176520676385,
            0.3325,
            0.3349032180113327,
            0.3358448363826738,
            0.3375,
            0.3393588370019568,
            0.341127062066118,
            0.3425,
            0.3444626976062112,
            0.34750000000000003,
            0.34907345027636116,
            0.35250000000000004,
            0.3534813248262296,
            0.35749999999999993,
            0.35865635110943916,
            0.3625
        ],
        "f_mu_Earth": [
            0.29463152855754926,
            0.2975,
            0.2996235853119638,
            0.3025,
            0.3055342963149381,
            0.3075,
            0.31166658753362575,
            0.3125,
            0.3175,
            0.3225,
            0.32749999999999996,
            0.3324167971222077,
            0.3325,
            0.3375000000000001,
            0.33864457106253104,
            0.3425,
            0.34275777615508457,
            0.34750000000000003,
            0.34927109703737347,
            0.35250000000000004,
            0.35749999999999993,
            0.3622594403360089,
            0.35749999999999993,
            0.35250000000000004,
            0.34750000000000003,
            0.34617091965188374,
            0.3425,
            0.3375,
            0.3347249885883661,
            0.3325,
            0.3275,
            0.325089540841599,
            0.3225,
            0.3175,
            0.31610027519468176,
            0.3125,
            0.30902487473209866,
            0.3075,
            0.3031720277555698,
            0.3025,
            0.2982385153353596,
            0.2975,
            0.29463152855754926
        ]
    },
    "0.90": {
        "f_e_Earth": [
            0.3725,
            0.3752787755827913,
            0.3725,
            0.37122690972551714,
            0.3675,
            0.36675316856446866,
            0.3625,
            0.36225298243363263,
            0.35835739854692816,
            0.35750000000000004,
            0.35656287568077605,
            0.35398661277584015,
            0.3575,
            0.3587674266099008,
            0.3575,
            0.3546887344485917,
            0.35250000000000004,
            0.3511203359686942,
            0.3480875688602888,
            0.34750000000000003,
            0.3425,
            0.3424081361872112,
            0.3375,
            0.33688279059750165,
            0.33350017866939474,
            0.3325,
            0.3317709989883633,
            0.3306797327495041,
            0.3275,
            0.32737258567972094,
            0.3225,
            0.3201232505227143,
            0.32035957061317444,
            0.3225,
            0.32323472832924804,
            0.32349295345832996,
            0.3240499704368014,
            0.32616704828354004,
            0.3275,
            0.3288299178681603,
            0.33012339963034365,
            0.3325,
            0.3337248472624568,
            0.33640899209762304,
            0.3375,
            0.3388281956227988,
            0.3425,
            0.3431850143900809,
            0.34750000000000003,
            0.3475650226537376,
            0.3498581376301162,
            0.35250000000000004,
            0.35467622923880776,
            0.3575,
            0.36051085978841635,
            0.3625,
            0.3675,
            0.3686550432243273,
            0.3725
        ],
        "f_mu_Earth": [
            0.2848081626312884,
            0.2875,
            0.2903992808686633,
            0.2925,
            0.29653527030195076,
            0.2975,
            0.30217576774132154,
            0.3025,
            0.3075,
            0.30918967082758153,
            0.3125,
            0.3175,
            0.31940163090016616,
            0.3225,
            0.323758186800584,
            0.3275,
            0.329411411592038,
            0.3325,
            0.3375,
            0.33863968195553595,
            0.3424245980364059,
            0.3425,
            0.346677659860806,
            0.34750000000000003,
            0.35250000000000004,
            0.353569345937257,
            0.3575,
            0.3625,
            0.3674277665678006,
            0.3675,
            0.3717730973128311,
            0.3675,
            0.3625,
            0.3598956630001232,
            0.3575,
            0.35250000000000004,
            0.34750000000000003,
            0.3425,
            0.34116704828354005,
            0.3375,
            0.3325,
            0.33012339963034365,
            0.3275,
            0.3225,
            0.321408992097623,
            0.3175,
            0.3137565564398731,
            0.3125,
            0.30756301527489494,
            0.3075,
            0.3025,
            0.2998581376301162,
            0.2975,
            0.29467622923880776,
            0.2925,
            0.2905108597884164,
            0.2881202774598311,
            0.2875,
            0.2848081626312884
        ]
    },
    "0.95": {
        "f_e_Earth": [
            0.37750000000000006,
            0.3775114314163091,
            0.3775,
            0.3761798752381955,
            0.3725,
            0.37179668139237815,
            0.3675,
            0.3672307435256893,
            0.36356020322519744,
            0.3625,
            0.3611031553415155,
            0.35960557251451164,
            0.3625,
            0.3637322001703721,
            0.3625,
            0.3613351382373391,
            0.3575,
            0.35660382061752366,
            0.35250000000000004,
            0.3518674084974756,
            0.3497209407334232,
            0.34750000000000003,
            0.3465260132173007,
            0.3425,
            0.3375,
            0.3374880261019067,
            0.335418842348975,
            0.3325,
            0.3321514535518584,
            0.3313802167399391,
            0.3292021620859932,
            0.3275,
            0.3243558113737496,
            0.3225,
            0.32130636722349254,
            0.3191892187837348,
            0.31934139499882463,
            0.3225,
            0.3228547839471245,
            0.32313940352576387,
            0.32349808964237603,
            0.3248613630447346,
            0.3275,
            0.3283563887529112,
            0.32918931480026314,
            0.3325,
            0.3332887294732366,
            0.3350171606065071,
            0.3375,
            0.33835527972836715,
            0.3425,
            0.3429221732395162,
            0.34597929235319946,
            0.34750000000000003,
            0.3490185017004409,
            0.35250000000000004,
            0.3539013634138547,
            0.3575,
            0.3594388163142429,
            0.3625,
            0.36730441566133676,
            0.3675,
            0.3725,
            0.3774880220197581,
            0.37750000000000006
        ],