{
    "0.68": {
        "f_e_Earth": [
            0.3675,
            0.3705159300750415,
            0.3675,
            0.36597932641359376,
            0.3625,
            0.36145575961193455,
            0.35749999999999993,
            0.3568651993646693,
            0.3530316416282691,
            0.3525,
            0.35145318825724947,
            0.35104491991709197,
            0.3505015519359184,
            0.34860974061711153,
            0.34750000000000003,
            0.345417842966471,
            0.3425,
            0.34051060874028993,
            0.3375,
            0.33577885109862843,
            0.3325,
            0.33194742455848786,
            0.3311683878762862,
            0.3298374318172855,
            0.3275,
            0.323375289756805,
            0.3240929249915305,
            0.32425818146839935,
            0.32509186185695704,
            0.3275,
            0.32806160828406816,
            0.3296787455568974,
            0.33174259255241684,
            0.3325,
            0.33460519484930273,
            0.3375,
            0.3381455230350918,
            0.3399849260655615,
            0.3425,
            0.3439502731384932,
            0.34750000000000003,
            0.3485275024170872,
            0.35250000000000004,
            0.35278971040026713,
            0.3575,
            0.3575581228708311,
            0.3625,
            0.36379656729890697,
            0.3675
        ],
        "f_mu_Earth": [
            0.2897825656122378,
            0.2925,
            0.29563660336725206,
            0.2975,
            0.3011625135639915,
            0.3025,
            0.3066495408378599,
            0.3075,
            0.3125,
            0.313114364854868,
            0.3175,
            0.3225,
            0.3275,
            0.3325,
            0.33421270022006755,
            0.3375,
            0.3406896808144749,
            0.3425,
            0.34503524213277137,
            0.34750000000000003,
            0.35157600720070126,
            0.35250000000000004,
            0.3575,
            0.3625,
            0.3672800105138918,
            0.36249999999999993,
            0.3575,
            0.35250000000000004,
            0.34750000000000003,
            0.34332715064875624,
            0.3425,
            0.3375,
            0.3325,
            0.33174259255241684,
            0.3275,
            0.3233258791459696,
            0.3225,
            0.3175,
            0.31494077751411453,
            0.3125,
            0.30847546660705344,
            0.3075,
            0.30270908126973023,
            0.3025,
            0.29754215109398496,
            0.2975,
            0.2935240602857074,
            0.2925,
            0.2897825656122378
        ]
    },
    "0.90": {
        "f_e_Earth": [
            0.37749999999999995,
            0.3825,
            0.38252453137864073,
            0.38250000000000006,
            0.37759056832706406,
            0.37750000000000006,
            0.3728948122455837,
            0.3725,
            0.3689162186941927,
            0.3675,
            0.3656170245824719,
            0.3627631506213144,
            0.36750000000000005,
            0.3682185534486029,
            0.3675,
            0.36590738907363174,
            0.3625,
            0.3611193065801536,
            0.3575,
            0.35566142021194613,
            0.35250000000000004,
            0.35131711258845066,
            0.34869045531673115,
            0.34750000000000003,
            0.34683838487329227,
            0.3425,
            0.3391695306806985,
            0.3375,
            0.3361135696114673,
            0.3325,
            0.3323485003039859,
            0.331857467838778,
            0.33072515921230655,
            0.329143904550615,
            0.3275,
            0.3225,
            0.3212364644855887,
            0.3196736549043322,
            0.3199680736178084,
            0.3225,
            0.32299687634694985,
            0.3232450682269048,
            0.3235983587034979,
            0.32509718722362346,
            0.3275,
            0.3284232915476194,
            0.32929789229230505,
            0.3325,
            0.3333921228108991,
            0.3354107970922487,
            0.3375,
            0.33855304230020294,
            0.3425,
            0.3430845347783408,
            0.3474582940330263,
            0.34750000000000003,
            0.3498454862787982,
            0.35250000000000004,
            0.35464754295868156,
            0.3575,
            0.3604947998238473,
            0.36250000000000004,
            0.3675,
            0.3680846224298292,
            0.3725,
            0.3752091460281488,
            0.37749999999999995
        ],
        "f_mu_Earth": [
            0.28031619811341,
            0.2824614110074993,
            0.28250000000000003,
            0.2825260271569553,
            0.2875,
            0.2876148353028207,
            0.2925,
            0.29308169290589803,
            0.2975,
            0.29975108835651,
            0.3025,
            0.3075,
            0.31171246776854517,
            0.3125,
            0.3135443547684732,
            0.3175,
            0.3206721581528125,
            0.3225,
            0.3255072484902003,
            0.3275,
            0.3300771953323687,
            0.3325,
            0.3375,
            0.3414443346875325,
            0.3425,
            0.3460133666887233,
            0.34750000000000003,
            0.3487782852498196,
            0.35250000000000004,
            0.3566216744208375,
            0.3575,
            0.36250000000000004,
            0.3675,
            0.37250000000000005,
            0.37549632244284215,
            0.37404542200887236,
            0.3725,
            0.3675,
            0.3625,
            0.3593767170731591,
            0.3575,
            0.35250000000000004,
            0.34750000000000003,
            0.3425,
            0.3400971872236235,
            0.3375,
            0.3325,
            0.32929789229230505,
            0.3275,
            0.3225,
            0.3204107970922487,
            0.3175,
            0.31348375906256826,
            0.3125,
            0.3075,
            0.30745829403302627,
            0.3025,
            0.29984548627879815,
            0.2975,
            0.29464754295868156,
            0.2925,
            0.2904947998238473,
            0.28790827165248967,
            0.2875,
            0.28395374719987326,
            0.2825000000000001,
            0.28031619811341
        ]
    },